Node,Betweenness_Centrality
0,0.030170815964991073
4096,0.020082431244275556
4,0.019968782666808776
512,0.015882240612437894
64,0.015207027052969191
256,0.014931256569731282
128,0.014140668989604727
2,0.01383288676739227
258,0.013809794326477423
16,0.013577731395456396
1,0.01343026238943107
32,0.01320321649351467
2048,0.012761263956655949
4352,0.01159055073138718
8,0.011388562295406041
8192,0.010388683720898757
768,0.010275686896339488
20,0.01021960312401732
1280,0.009808488625096595
257,0.009701751399832523
260,0.009697662305922642
132,0.009365620549214007
264,0.009230758272041159
2049,0.008865063422700029
1024,0.008721294516753901
48,0.008684928471373074
1032,0.008253065403836298
12,0.007879331925160023
4224,0.007691322557943572
514,0.007645220824832763
8196,0.007538920404910551
2336,0.0072904395376914115
4360,0.007108533492800731
240,0.007055769267799315
160,0.007003049963169926
520,0.006919595811065668
4104,0.006850438362363968
4097,0.006733999414558359
2816,0.0067335047910663534
40,0.006650806097234021
130,0.00655505747053341
288,0.00649069981478311
18,0.006425096740806688
24,0.0063716214741853456
4112,0.006352853359523951
272,0.006349437399399245
2305,0.0063141435607806445
1344,0.0062442817616679015
8208,0.006229120794139307
1088,0.006216768536503204
320,0.006183162631003669
96,0.006115227305336354
544,0.006094336461886087
592,0.0060474734713915615
2320,0.006008072370059187
3072,0.005989390399065398
528,0.005982178459799678
3344,0.0058607121263773146
3,0.0056950604279362655
2080,0.005691862912259234
8704,0.0055418226290731305
1296,0.0055094799977978065
2304,0.00548150720052942
5888,0.005395453111284064
8193,0.0053350375107363
1040,0.005320911492922499
36,0.005311296827792616
1028,0.005254411492795744
388,0.005224573847603519
1044,0.005073627621678629
4098,0.00500227419089372
2564,0.004953984458729314
640,0.004946929202763041
129,0.0048964569135547704
2560,0.004852066046074982
776,0.004846766481137709
8448,0.004839063944340412
4128,0.004832677843206472
656,0.004829693500164326
68,0.004825628220652112
2352,0.0047903944518326805
266,0.004783886023597345
6400,0.0047682606596714215
4608,0.004749403047845846
72,0.004691691383053607
3360,0.004642678959041023
336,0.004636164073070761
4161,0.004556757553436241
368,0.004554899059947781
624,0.004521240469280627
576,0.004469437044096233
2066,0.004453694252852536
2288,0.004412667169790809
784,0.004391855806021155
2050,0.004376099977408499
17,0.004372658468354674
2566,0.004357014696660064
144,0.004346314355730132
245,0.0043157577237607075
1530,0.004315376580996315
33,0.004280092056754315
1152,0.004259755116969382
560,0.004234633044793943
8256,0.004204185643824895
1282,0.004178407473796723
2562,0.004120693318313099
3082,0.004074554263779142
8201,0.004072616268183217
496,0.00406645602890396
3088,0.004050297742199031
1025,0.004044027190081967
1064,0.004041669362278545
4612,0.0040377509303788015
2296,0.004021515909589455
4114,0.004017011278653746
4368,0.00400182055845104
2074,0.003939549231984669
4848,0.003921603107675464
3328,0.003919160845102423
5136,0.0038569521668342195
5,0.0038563594056574375
2052,0.00385041675724866
392,0.003839077671731479
2576,0.003815468180173156
4624,0.0037788553505908105
2112,0.0037672616827547716
136,0.0037595390054697185
4100,0.0037472956100530566
290,0.003737634597284931
4144,0.003723694640718498
1796,0.003717797492741143
4354,0.003713719589558257
1029,0.0037126035025057008
41,0.003690635888015579
1156,0.0036796109034494253
28,0.0036709851823852266
8200,0.0036695086296462958
148,0.003637641353292094
9216,0.003598482286526576
2293,0.003586277589574335
80,0.003583648612173169
4113,0.003579560649560124
1058,0.0035788481645315034
262,0.003578365387379428
4384,0.0035694634819065166
2056,0.0035628113670090685
516,0.00354287336791688
386,0.003538895704301664
3073,0.003536602378201874
1800,0.0034948333269150486
65,0.003451611599492492
513,0.0034478946389784482
244,0.003444697926457648
2072,0.0034322153604762476
2312,0.003396329448426828
532,0.003395772022002338
273,0.0033930680156964536
137,0.003391417985075676
99,0.003366006022087996
5768,0.003348500130372285
194,0.003348158170088151
8212,0.003336318547920753
2068,0.0033256668492687423
896,0.003324291912074023
8224,0.0032930906488462084
4160,0.00329063910935208
385,0.0032721760553667298
145,0.00324775899015695
2064,0.003207868540699466
70,0.0032030895511999894
9,0.003175405207975777
5124,0.0031706375144714615
2088,0.003157022335350239
880,0.0031525516170224114
4640,0.0031488878532973624
1066,0.00314298976998456
2208,0.0031197818537761165
81,0.003110362512000438
1552,0.0031092315872794786
22,0.0031080141183957525
4116,0.0031003108763826208
608,0.003098031032846755
1328,0.003097885521041121
8464,0.003096563327378483
8720,0.0030947215733698836
6160,0.0030939613078618785
248,0.0030681019871500537
4296,0.0030579121108888596
521,0.0030552582490831356
8198,0.0030314330166082678
772,0.003025798295155888
3120,0.003023957768239026
2306,0.0030227359957548487
2337,0.0030214067384367275
2416,0.003017391920812587
133,0.002992593398441032
2325,0.0029813411190695513
3332,0.0029732396267022065
8320,0.0029727736068975567
832,0.0029621607149376817
2696,0.0029470684550172107
530,0.002946517372097004
4512,0.00293492813353158
1424,0.0029293397937344887
1584,0.0029033000170538923
3316,0.0028891265457027834
4376,0.0028670505052262063
298,0.0028532738242878324
5656,0.002850629935291688
324,0.0028493649588028584
2880,0.0028463704412749415
5376,0.002832353297204402
1026,0.002823535015230166
8210,0.002820032540347782
561,0.0028128336158522167
4106,0.0028014334015333884
4609,0.0027997548231433536
2248,0.002797556239749007
4136,0.0027914419649710852
706,0.002783793004605615
2818,0.0027831629285390218
1060,0.0027690373145696327
2070,0.0027603371302977586
280,0.002757173496954413
263,0.0027509022422290558
4864,0.0027500902557320707
3841,0.002750060864632016
2177,0.0027452636295874585
2544,0.0027353400800679034
2096,0.0027281262132032844
548,0.0027163404763996266
5632,0.0027110764532742334
448,0.002708509083751265
168,0.002673218535085647
69,0.002669014433427183
8384,0.0026613537521908647
9220,0.002660758813191909
1128,0.002660273098071299
4164,0.0026464167306910684
4977,0.0026455846799592936
10,0.0026410353730217874
578,0.002633057447653156
1056,0.0026283167663485774
2060,0.0026282985864871148
1542,0.0026276746900277532
4353,0.0026249059018930636
3461,0.0026219175844409267
307,0.002620757318761478
641,0.002619821623461832
2656,0.002617654006016999
1281,0.002607899425512219
2290,0.0026057540927441115
1216,0.0026045730099498923
1540,0.0026021773842755795
66,0.002598240557670408
384,0.0025780158265419767
2569,0.002577225307077637
308,0.002560681596499151
2704,0.0025597072419561596
2448,0.0025553389135756863
73,0.0025522988984152508
4400,0.0025464770309304927
8268,0.002540735305847392
2432,0.002538501805281201
2308,0.002533643193799356
193,0.00252606274323194
8770,0.002525465688738545
1546,0.0025155579923730473
9040,0.0025134554187566513
4889,0.0025052594186900103
4432,0.0025031693426004736
3401,0.0024973088943864804
141,0.0024968937381841094
4176,0.0024943994860845654
1030,0.002488860649615971
4108,0.002487814308911117
2496,0.0024833383399145794
1054,0.002481911148228043
296,0.0024816603370636965
400,0.002472134707249086
8706,0.0024715172520409
8458,0.0024453494198144075
3202,0.0024427418611010325
416,0.002439115463609491
6308,0.002438206262627885
449,0.002429977466652817
322,0.0024281800730913015
391,0.0024277118906941716
56,0.002425651846565194
9744,0.002422053329524317
2592,0.002413524420883899
2840,0.002413046239955915
26,0.0023917014497547443
1286,0.0023855411826483736
4099,0.0023854615709068315
1170,0.002383652745707977
404,0.002381099410485357
4736,0.0023764760088554647
4340,0.0023692517279474577
5121,0.002361094353648212
278,0.0023561747992276267
4336,0.0023529580189888934
2572,0.0023508381182399223
4232,0.0023502486245704545
2328,0.00234280364932434
2209,0.00234215728469092
517,0.002331386600071996
5504,0.002326336012268096
3076,0.0023258495400105884
370,0.0023125475468963024
192,0.002310965250650368
4672,0.002301517997206701
1564,0.0023012497103295252
9537,0.0022971440476355943
4709,0.0022907739077377342
2368,0.0022872360684254574
2752,0.0022842045515275963
2058,0.0022838697848774413
5700,0.0022778311231150495
2640,0.002274487228789178
2760,0.0022637053662804816
752,0.00225961564658247
289,0.002258208812829941
5147,0.0022576021859168566
344,0.0022529848581403266
292,0.0022484936013843697
7264,0.0022464207057176517
8452,0.002244159377699711
1820,0.002244152521021737
1360,0.0022420061744844225
5968,0.002238768588598402
2557,0.002237832244513642
34,0.002237515144153218
9285,0.002234212566551455
2084,0.002233801662214319
3803,0.00223338168498694
196,0.002232745505209371
49,0.002227119023426286
424,0.002226208632186499
3600,0.0022241167079597815
1174,0.002219556278009515
11,0.002219404832918137
6208,0.002215364435385898
1792,0.0022137599065957313
6,0.0022103275536373384
394,0.0022083335120500684
2524,0.0022056404527527047
4256,0.0022006205034535258
642,0.002200201558705794
7217,0.0021982097306496614
8202,0.0021968649116838493
524,0.0021812020530422014
8240,0.002177895617443165
8765,0.0021616286032023375
9764,0.0021613271404652694
37,0.002159854696406911
7233,0.0021587671754539294
6148,0.0021558521882850024
8801,0.002152068802638112
8512,0.0021517131965584587
1041,0.0021504374197296697
6669,0.002150377085911095
4962,0.0021472121959132955
3584,0.002145767936546551
8307,0.002137394496169912
9900,0.002133248366651996
2370,0.002132958155019444
1865,0.0021319848608994467
259,0.002130055663847284
5498,0.0021295428127997423
1575,0.002126331426346079
6952,0.002126116420136863
2693,0.0021250366948982694
6144,0.0021167266222007794
2971,0.0021160039751818753
342,0.0021120562723095262
7214,0.0021119964089327797
8258,0.00210614896879573
2355,0.0021055367364464835
2596,0.00210331583774501
104,0.002098083204543367
5429,0.0020966976517269582
515,0.0020905975531573624
778,0.0020842436647313
4480,0.0020837170305020316
3152,0.0020792041258599417
224,0.0020757542181644296
4385,0.0020684805188888704
8736,0.0020628394442693742
2610,0.002058839129217303
2116,0.0020587861920703275
4896,0.002047528020071005
4288,0.002046679753972317
8197,0.0020446179598434294
2568,0.002039464771497801
6656,0.0020382308258511863
581,0.0020324943189033713
4673,0.0020309534859945283
5377,0.0020296110082635745
4355,0.00202715850158269
1544,0.0020204683285895693
2307,0.0020164787091910843
2176,0.002016036707025785
1120,0.0020147303137487624
2200,0.002010094145439125
545,0.001996697060350714
153,0.0019934918043213266
267,0.0019843266518820572
2082,0.001968645095742396
1288,0.001961725612709755
2561,0.0019585517594556357
140,0.0019554542340518553
2180,0.0019538992946518917
1220,0.0019465095188492098
268,0.001939891787984703
4370,0.0019345306714638123
5280,0.0019323844099294757
6153,0.001930915829574957
2705,0.0019218392138591895
1168,0.0019116943503324965
274,0.001911550314627407
509,0.001904999714136234
912,0.0019033522869488203
963,0.0018993157262487878
789,0.0018992356752247708
4264,0.0018956254323832919
208,0.0018911376594323147
241,0.0018902426540978407
754,0.0018847135715082189
2864,0.0018774510821950112
1666,0.0018765302221035048
2376,0.0018717893168028281
8226,0.0018697651212809074
6216,0.001867438621774002
1537,0.0018657992484393978
2354,0.0018612612498035898
8545,0.0018600602624444314
8420,0.001857868437828953
2136,0.0018557614769989707
432,0.0018520745346737796
8708,0.001851317499684662
788,0.0018503170327863288
8272,0.001849394795120012
1568,0.0018469710280117216
131,0.0018466178721813643
100,0.001843053088749257
8209,0.001840407141137115
102,0.0018399974697537248
2124,0.0018394784605231694
550,0.0018386959539115487
2321,0.0018371819129485837
306,0.0018366515362361836
420,0.001834237042175457
8385,0.001829825902606005
2344,0.0018290889840271937
1316,0.0018266575882554025
7168,0.0018233502528092463
114,0.0018127012348712892
5449,0.0018117501596204074
800,0.0018115599976018075
676,0.0018072389877408235
2369,0.0018051688279025495
440,0.001802397955135847
50,0.0018013671888051383
1073,0.0018011141350517184
2580,0.0017985142428530204
672,0.0017979353958871545
352,0.001796479296787697
180,0.001796227601272576
304,0.0017957101121727132
5688,0.0017927334184292074
4688,0.001791246984407894
8776,0.0017887979587011505
1264,0.0017837262920005709
9280,0.0017832447134698308
5176,0.0017827928909860751
2848,0.0017821957612975394
4618,0.0017802964246721106
4192,0.001776814026738985
8482,0.0017727156301224273
1779,0.001762442619876104
4488,0.00175925433489032
2692,0.001757473217961885
6288,0.0017547362206206593
2081,0.001751991299053722
546,0.0017513586058583268
4992,0.0017446956109488552
3104,0.001740785479570307
2976,0.00173056877402582
134,0.0017284655553461308
8705,0.0017268005634185663
2480,0.0017257581631423067
536,0.001721442629326873
390,0.0017200316903234827
2289,0.0017195958409808956
19,0.0017188026498635124
372,0.001718618947775389
5256,0.0017135091005305264
1074,0.0017126803456938562
2834,0.001707432139789679
184,0.0017059912939615853
2440,0.0017024082599276108
1153,0.0017023621820067367
1072,0.0017015549970676306
39,0.0016980993612006343
8194,0.0016938270560113474
1300,0.001691837717290869
88,0.0016896875458031822
5120,0.0016732696972491378
281,0.0016724710010307812
6154,0.0016693037030215076
897,0.001665223843631665
1664,0.0016650816533839699
7184,0.0016599564557199936
138,0.0016597254190142184
8296,0.0016563534628654686
3312,0.0016563371994583228
7535,0.0016546024136403228
8321,0.0016515134544200119
1536,0.0016456019390396924
2720,0.0016435176745303827
2114,0.0016402737125525777
4372,0.0016398293742523303
4482,0.0016386492143356352
2130,0.0016382940169996061
146,0.0016335584482467783
313,0.0016305084981931353
5394,0.0016291434888820767
4513,0.0016286563600924348
242,0.0016282433106905427
4101,0.0016266999674980137
361,0.0016263530852974714
330,0.0016254872310999748
4337,0.001619319332464116
4417,0.0016182924388200481
164,0.0016172287794895387
5122,0.0016168684201499253
8260,0.0016078402255530436
9984,0.0016044059276257069
1176,0.0016022907613155175
2466,0.0016015362536224169
1472,0.001601240265540079
500,0.0015962422050788848
2946,0.0015904113144723727
4456,0.0015864291645465336
5123,0.0015847437127015985
9224,0.0015821154483193962
1225,0.0015800493038818449
3336,0.001579500025721312
2800,0.001579132328074945
9729,0.0015788143442408023
2553,0.001573422908337244
1538,0.0015667916326873202
150,0.0015589025119876864
2145,0.0015518427862323944
3144,0.0015495308460073143
2418,0.0015483202059630458
402,0.0015472167175892462
44,0.0015470750499487684
2065,0.0015434525334024935
1348,0.0015420880082992036
312,0.0015396414547670203
269,0.0015388376932233142
1801,0.0015385154757405382
3314,0.001537320240999269
2185,0.0015346443290497182
644,0.0015329171664516911
533,0.0015316357619471724
6272,0.001529072520345025
1392,0.0015265203864923442
4102,0.0015233405703246633
8772,0.0015224547473975231
4720,0.001519964449819683
4132,0.001519197187094086
9864,0.0015186557889113978
2824,0.0015175306493907569
3320,0.001516923819334269
2804,0.001513913862344596
8204,0.001511828401450436
345,0.0015098715817108812
8328,0.0015082915655492885
1043,0.0015075135065710451
321,0.0015062823159869361
8216,0.00150411842280941
4466,0.0015013275138255002
1010,0.0015010076435402514
771,0.0014990980435120552
666,0.0014983276595675725
276,0.001494554991969148
2512,0.001492018078378163
848,0.0014897355374634295
1106,0.0014892752871925672
8257,0.0014846246883416763
74,0.0014843331944326954
152,0.0014833021331887575
4120,0.0014832419692358066
632,0.0014799124439960419
1265,0.0014777723455758921
4880,0.0014759192179202186
2054,0.0014703945395341032
7172,0.0014668682825692667
2089,0.0014637332903325887
1284,0.0014631167859522163
4226,0.0014568828964640354
329,0.0014555101977240627
8960,0.0014553367782294117
769,0.0014523946703957217
8576,0.001449681431451079
4928,0.0014480494497377137
5217,0.0014479846670146608
2624,0.001446883399844217
1602,0.001443110471852348
8270,0.0014420321603964836
4356,0.0014408389400947486
1048,0.0014399020105998579
6176,0.0014385266112466222
8324,0.0014337266355321945
156,0.0014306408214584034
1353,0.0014187780960026987
67,0.0014142480130104383
97,0.0014130735838910051
1793,0.0014110743125419372
1192,0.0014108041523776822
2240,0.0014105209267853368
1548,0.0014077866552304902
2118,0.0014045919979659065
9232,0.001402065403686342
2361,0.0013983299891142922
261,0.0013982239988788309
3746,0.0013962108411801
8232,0.0013955828597973885
2768,0.0013953276921226357
5185,0.0013933347563266205
976,0.001392471855872323
2632,0.0013923603661631897
200,0.0013916071267863332
1169,0.0013915438600378858
4412,0.0013910148740065283
6146,0.0013884058007325312
4752,0.0013879713958052221
1473,0.001384978820656619
8195,0.0013838181932241305
4738,0.0013818263973730317
2688,0.0013775521506530432
572,0.001376151109405344
3168,0.0013711723057471844
584,0.0013647677781599345
4684,0.0013637044227915204
52,0.0013624982302443587
580,0.001361240139301384
176,0.0013610384412833716
2184,0.0013558354877553486
9218,0.0013540378219564742
4610,0.0013527888940760226
2120,0.0013489282925348834
1092,0.0013488530844754235
4122,0.0013487050868066046
4129,0.0013477214757218045
232,0.0013440514780089356
82,0.001335538916167005
8206,0.0013351476413303645
817,0.0013337397004311027
770,0.0013298880591358538
3585,0.0013257444229423506
3348,0.0013254502732758847
2360,0.0013248208334435002
3091,0.0013229747939172472
112,0.001321828168259808
6150,0.0013202473303172903
648,0.0013178887652135817
209,0.0013147940144275928
1036,0.0013126003558677733
8225,0.0013081349071148217
3216,0.0013081113192258667
2324,0.0013048420460864843
1217,0.0013044658553278156
326,0.0012937565209633565
282,0.0012924563832551969
305,0.0012922604565815186
8341,0.0012905373053871487
450,0.0012862415984531013
5106,0.00128298141414563
4632,0.0012806016257124336
3840,0.00127620954812926
1144,0.001272325542269041
577,0.0012699019819782016
1576,0.0012639642423567757
952,0.001263218155210303
376,0.0012586736032403174
54,0.0012582513445175904
2372,0.0012580350577011362
9600,0.0012563870954389311
552,0.0012532768638364162
2992,0.0012529914767133547
3080,0.0012526185957178909
3238,0.0012493522320776048
246,0.0012473205026209803
523,0.0012447502858426024
658,0.001244612378265603
793,0.001239756373083315
720,0.001239544423407915
4361,0.0012388386121091033
4369,0.001238311533045254
4170,0.001238211532955373
6402,0.001234955995318208
6658,0.001234354660037508
753,0.001232956533866262
1008,0.001232677526817314
5126,0.001230398159253619
892,0.0012283213689562658
2608,0.0012231524296084585
1556,0.0012230886113899666
1096,0.0012216140196940424
5236,0.001219216670786814
8460,0.0012177569628115065
9472,0.0012176395850648245
889,0.001216643698875822
8580,0.001214777282902535
1312,0.0012131465432883208
2453,0.0012106644863176558
1154,0.001205608047723541
315,0.0012041368272939425
328,0.0012024832789188991
664,0.001201848751146407
2309,0.0011990730806231249
8832,0.0011985683479061792
3842,0.001197428434125734
826,0.0011949814021485043
5648,0.0011946526711467157
340,0.0011944337553940084
526,0.0011937666198298714
2694,0.001193077218028547
4362,0.001193012935662356
551,0.0011894976357366702
5312,0.0011859798009621325
291,0.001184098357954065
1432,0.0011836957185456947
4408,0.0011828343439637488
331,0.001182094561348814
673,0.0011813587932090492
2292,0.0011798342392752633
1232,0.0011772230945891688
4416,0.001175121239425878
353,0.0011738797172772834
7349,0.0011730035158963848
195,0.0011717524322492495
4304,0.0011701310344896622
1173,0.0011659869561794448
21,0.0011600385633716921
518,0.0011597332303811903
3075,0.0011593729892805562
2690,0.0011590438617041056
2073,0.0011542923208019413
243,0.0011539104478554784
3696,0.0011529478774100826
6145,0.0011526082004859267
4800,0.0011525182298192695
13,0.0011457508099277668
8368,0.001145615143991043
4934,0.0011455391250176003
5712,0.0011433573998421106
2188,0.001141225387363705
1826,0.0011393802078336933
5010,0.0011385454291813705
2322,0.001137576592151464
816,0.0011374214746482716
1254,0.0011373472332519778
2594,0.0011337721299010573
84,0.0011328729489615108
3329,0.0011314451683034404
4641,0.0011311672457974323
406,0.0011297942622052542
9408,0.0011241373393720145
8273,0.001124119508734152
382,0.001123575015387714
2944,0.0011226683554026256
1440,0.0011216680451859111
395,0.001120780903821293
5137,0.0011202811737928491
600,0.0011191208279692727
8211,0.0011169088001926942
2753,0.0011168917387629268
8264,0.0011117087797970183
9225,0.001108493261813769
2192,0.0011072412505542864
2706,0.0011061656396621185
4137,0.0011046352929957876
852,0.001097975446632247
8339,0.001096786258089764
5184,0.001095332271889668
6245,0.00109327424375849
2059,0.0010897605662273523
2648,0.0010842747872071294
2920,0.0010837396224595594
403,0.0010833146539230766
4084,0.0010828114669132428
252,0.0010792185351031225
270,0.00107906566166037
5392,0.0010769993272947086
522,0.0010723547836477495
4502,0.0010706831838844543
4371,0.0010699494159426806
2433,0.0010694276840300576
760,0.0010683224788614319
1045,0.00106574491834324
265,0.0010642184983677332
1068,0.001063821482883556
1089,0.0010627764787542245
1042,0.001058966241151639
2689,0.0010582736617923965
1132,0.001057238959150498
5737,0.0010569129893729303
4865,0.0010568865082463544
3136,0.0010549714656740731
1409,0.0010549454061359461
4420,0.001054019763146649
1283,0.0010539242555142705
9476,0.0010533412338526004
8336,0.0010523575183829918
4496,0.0010519455974222192
7208,0.0010518005060166375
4162,0.0010508850206386654
9235,0.0010468796947415355
2340,0.0010464497097257442
116,0.0010462266241953312
6152,0.001046024367820895
1034,0.0010450347004595884
5752,0.0010434304314236686
369,0.0010417889586533213
2672,0.0010417811405530042
2598,0.0010411603116727332
3138,0.001038357807144114
9312,0.0010372930925486691
2584,0.0010369388564248187
409,0.0010350294466463775
8340,0.0010318806498112883
5128,0.001027944302741316
3712,0.0010266985982546664
4378,0.0010233217617800579
25,0.0010220929855893524
2497,0.001021578978343162
593,0.0010204829146733573
1268,0.001020085476121907
1333,0.0010188510909452553
211,0.001016430182725697
6161,0.0010132080923352857
2820,0.0010094558786059313
9226,0.001008981179942603
418,0.0010089770039168802
78,0.001008705097249406
2228,0.0010061372894320912
2499,0.0010060249895320118
1968,0.0010058393977417231
1345,0.0010026482154342202
864,0.0010023957784151285
3636,0.0010023001787051022
2866,0.001002091514155693
8768,0.0010019396990890714
5125,0.0010011688201905975
283,0.0010010842029947963
9475,0.0009995538778473278
2817,0.0009975550559225051
801,0.0009921128774780235
1808,0.0009849461999987474
2181,0.0009845230342066726
968,0.0009843928911151929
1160,0.0009832789670699911
2178,0.0009810736809896063
6657,0.0009805032863158558
2085,0.0009797535911620805
3440,0.0009793984132996226
564,0.0009780924155904029
1093,0.000977302765600902
4950,0.0009771737493164535
4902,0.0009757586470771739
660,0.0009748953490551815
2053,0.0009746144867333817
9352,0.0009737288980213738
2896,0.0009719165748609655
652,0.0009691213305926138
8456,0.0009683212946244892
14,0.0009672196873107273
1272,0.0009658717448081899
3200,0.0009651290785232673
8322,0.0009646019684207398
1298,0.0009602069895973462
9024,0.0009567397202982258
8739,0.000956716076257161
8288,0.0009561182080230945
9362,0.0009555798687733271
4145,0.0009553209420921243
469,0.0009552920650368257
2597,0.0009508152096986028
58,0.0009506657891023165
46,0.0009489728886990247
2400,0.000948899544238261
9478,0.0009488547954198095
780,0.0009472386714377366
8432,0.0009453672746538301
1346,0.0009452065510823623
868,0.0009418637821632488
3393,0.0009403247499756435
1393,0.0009392059572274978
1031,0.000939117620919771
1314,0.0009383749538991153
946,0.0009379859279458686
8778,0.0009357730489812318
4630,0.0009344638373535681
4545,0.0009324244229611648
3377,0.0009311103818105431
373,0.0009304665853490263
818,0.0009304045431661498
1442,0.000929430346920731
8241,0.0009293384469343302
2197,0.0009261416529203268
1408,0.0009258735369782275
57,0.000923813696477469
2993,0.0009232504602552052
4289,0.0009228630460256214
3856,0.0009223499138416948
4146,0.0009220938891653065
2314,0.0009218087140369387
1665,0.0009213224359954184
4674,0.0009212306496327479
4772,0.000920021466386716
1224,0.0009182457776195161
5056,0.000915668135266616
2588,0.0009150810054343513
5921,0.0009147608408388181
9344,0.0009144316114882701
2625,0.0009115265982852447
3248,0.0009094930141909704
8584,0.0009081251190991162
2617,0.0009081125090958353
4212,0.0009070976023867301
904,0.0009059543258391605
3232,0.0009050275248205664
2488,0.00090487717886296
3590,0.0009047119482667872
2183,0.0009032696363790634
4643,0.0009011424358351023
417,0.0009008381951484727
2449,0.0008998245863384972
3592,0.0008994272822209637
2256,0.0008956893573710087
5008,0.0008915904875675995
2602,0.0008908326604577202
4196,0.0008906360624187451
2144,0.0008902648351376459
5152,0.0008900941001489764
786,0.0008897896600746528
3384,0.0008889582227024878
2353,0.0008875119678654677
8609,0.0008874390771651757
562,0.0008861443655013633
1112,0.0008852090768020123
812,0.0008843780547293158
5385,0.0008835056532097363
613,0.000881084060708047
777,0.0008790837223771774
4392,0.0008789254965284762
3321,0.0008784077615114796
1076,0.0008780893334125281
4649,0.0008779330133458755
792,0.0008773231413406722
785,0.0008761520509076679
166,0.0008759564096480063
554,0.0008755799503521688
76,0.0008751686616662335
3078,0.0008743725189855069
3330,0.0008740470629215598
3586,0.0008726413509888092
1033,0.0008709556036456544
178,0.0008698430415709336
3334,0.0008692908799148287
2378,0.0008690648357694889
1458,0.0008683528703068936
5472,0.0008678182654342394
4240,0.0008660603992347631
2577,0.0008644717895856072
1184,0.0008637314423636477
1228,0.0008630866630611362
8290,0.0008626352035876379
1608,0.0008622168877114259
2113,0.0008617485393114819
1050,0.0008615605042371693
2129,0.0008612477799514088
316,0.000856389235171204
529,0.0008563477590824406
5250,0.0008561071256376282
5488,0.0008545534492331256
3090,0.000853842749756029
27,0.0008536259041991945
5200,0.0008526008352904545
4272,0.0008518133200179302
6180,0.0008511239689883019
8834,0.0008502974768847586
169,0.0008495416589757822
8673,0.0008491816118038126
1126,0.000848379823271027
2329,0.0008479918516480253
299,0.0008467559776845762
1304,0.0008466162687809252
4628,0.0008444766785074247
6162,0.0008435117789085896
732,0.0008429582200217296
113,0.0008427576143951644
3616,0.0008427456774929463
106,0.0008425632192398359
2832,0.0008408326718147627
456,0.0008406272145118366
4680,0.0008405366131847633
6213,0.0008397265956095656
2358,0.0008393893346956908
4124,0.000838714511734027
1569,0.0008380356507612317
8352,0.0008369059175603548
4357,0.0008364629289440651
4442,0.0008355690530960705
884,0.0008343967942914018
6178,0.0008336963539960747
8213,0.0008328592577464814
708,0.0008326099882066818
534,0.0008324733481491147
914,0.0008305230590352578
1561,0.0008297447009605309
35,0.0008284615512791096
886,0.0008258345078378607
101,0.0008249691960685418
704,0.0008244120787305155
8577,0.00082431196516056
1794,0.0008231988653517922
4152,0.0008222262965112357
4629,0.0008222260767766977
7176,0.0008207826910380091
2947,0.0008198313863681161
1592,0.0008187603982667085
6833,0.0008184692394459614
2092,0.000817429461678779
2678,0.000817002295601254
4592,0.0008168058149251377
354,0.0008166316398250568
3448,0.0008165773681034538
4248,0.0008150969343347448
98,0.0008149190744698
2700,0.0008148623458515038
1266,0.0008143266058747503
1860,0.0008117593524030125
9265,0.0008111267011258394
2417,0.000809179876844198
8356,0.0008082515697961681
275,0.0008072588328471378
1297,0.0008061048333470668
3170,0.000805021140309836
8450,0.0008049393856738173
1696,0.0008048621995753296
2642,0.0008039938378401639
3201,0.0008035233496553782
5072,0.000800735247416052
2051,0.0007975282730316805
7824,0.0007967534078210152
3212,0.0007966735115650708
86,0.0007927891899744632
4874,0.0007925497297300509
1545,0.0007910393417035674
1100,0.0007910028580548671
8453,0.0007888954473076259
4426,0.0007864287099831144
393,0.0007839705905678386
4358,0.0007838340625455441
4696,0.0007836763575497941
610,0.0007826235112238145
1104,0.0007823804423438086
2809,0.0007817754740283532
284,0.0007817355233610327
2826,0.0007805702006304881
7205,0.0007799187250784279
3568,0.0007795980943238438
2565,0.0007794300943585314
3267,0.0007793777144498939
2204,0.0007784764196523208
1122,0.000778281819117352
1474,0.000777948581852385
293,0.0007753766803985299
212,0.0007747458369745679
8752,0.000774647983883536
964,0.000773850980577053
1226,0.0007734935691712136
5425,0.0007712850038604696
981,0.0007711354315823978
2055,0.0007707915074490842
2434,0.0007689138983822574
902,0.0007663285293827541
9236,0.0007662119622291611
438,0.0007661540133486999
4344,0.0007655294338228597
598,0.0007650051862588842
310,0.0007647390889005226
6304,0.0007644667030740177
8740,0.0007604095619238819
9088,0.0007603307931482828
5186,0.0007601045127934088
2128,0.0007598221418353952
2341,0.0007591012870298453
4418,0.000758434176171454
1776,0.0007582112518928965
5249,0.0007572761108497138
4492,0.000756746670622366
2680,0.0007561781105201289
60,0.000755747527710357
1049,0.0007542840820204949
9281,0.0007539642769982469
4617,0.0007538496101015713
833,0.0007537603704527408
2844,0.0007530594395237306
9264,0.000752958231278785
4348,0.0007527467612035931
4485,0.0007495467919886058
960,0.0007470882065815826
587,0.0007463722457402352
5636,0.0007463669686351752
6164,0.0007446054452005574
434,0.0007434190411324884
4721,0.0007419457510107032
149,0.0007415071433690597
796,0.0007414862631706271
1274,0.00074145921310744
8854,0.0007411002505143916
574,0.0007408663524172888
850,0.0007403772799899764
1520,0.0007390371899728883
4230,0.0007378985637390957
4704,0.00073776677773644
643,0.0007374073845416262
4134,0.0007349792365812649
179,0.0007343044109498079
1289,0.0007314311839495575
8416,0.0007308998957549597
5192,0.0007301584947287066
4481,0.0007297548835614787
2272,0.0007296947857271367
3209,0.0007284303339849804
2425,0.0007282292116169549
4185,0.0007276783114272834
2620,0.0007273555685148651
4436,0.0007264787466982963
201,0.0007263363336937235
9284,0.0007261270990898364
5216,0.0007255845074205351
356,0.0007252420157534458
9488,0.0007246878988564662
8756,0.0007238048966029947
4386,0.000723175985409603
4620,0.0007224098607106807
2436,0.0007220556353489854
9520,0.0007212911194242774
6211,0.0007212239056952565
3408,0.0007210817698466933
3588,0.0007204773805041386
2326,0.0007183531752485181
1680,0.0007160322993605345
51,0.0007154852523336756
1084,0.0007151897851504897
3140,0.0007141787631376496
2882,0.0007134035267395166
4105,0.0007126142598746106
3096,0.0007117486818106447
8784,0.0007117214556384119
2196,0.000710987861534711
5514,0.0007107681578707707
8326,0.0007106935649267437
6432,0.00071059390412967
3456,0.0007099582909994119
1349,0.0007093030705552076
3105,0.0007079075600000213
1027,0.0007073314759304646
2932,0.0007047643654711118
5898,0.0007029054694681052
5368,0.0007028190056551216
5264,0.0007026641623389207
6192,0.0007026489539616322
8709,0.0007024408998328151
445,0.0007023225365285128
4634,0.0007015296717965101
1553,0.0006994261840835343
4616,0.0006990158155799437
9348,0.000698117230985072
202,0.0006977793486588281
4202,0.0006974866115664062
1155,0.0006974192582318425
1928,0.0006970695383873501
616,0.0006968277184097843
8327,0.0006962053352411352
2424,0.0006932849828730237
8346,0.0006932554650949296
3074,0.000692732696454171
1612,0.0006916927681670025
2563,0.0006904785129214015
154,0.0006895622305350286
497,0.00068790946881564
8484,0.0006854520507498293
9872,0.0006853050318159975
6720,0.0006849389259337429
2886,0.0006845945718808591
2086,0.0006838684332290654
8449,0.0006833411278090861
5248,0.0006833061853057853
1673,0.0006825353233217097
8516,0.0006806963508842537
5164,0.0006803690758708146
8536,0.0006794855421788078
9346,0.0006789082877705362
1746,0.0006775472248894057
913,0.0006765956639524269
8984,0.0006764859842033425
6155,0.0006761451194090628
8472,0.0006757707917309201
2574,0.000675681697464794
888,0.0006749633075724831
8489,0.0006732679377659926
4884,0.0006723705393096865
722,0.0006719752543376736
4260,0.0006714177749674735
8228,0.0006712062240665865
8737,0.0006711355121344472
4676,0.0006710798665405972
773,0.0006706907998580964
928,0.0006701562489792858
540,0.0006696401460167617
4678,0.0006670574090333943
563,0.0006666822200747468
8466,0.0006662203996701229
9728,0.0006655747178197549
4280,0.0006650084238100053
4906,0.0006649846074481663
7650,0.0006648021436428325
1600,0.0006641156135749583
374,0.0006640901323144464
4131,0.0006634143369547021
4944,0.0006624451483842864
2460,0.00066149725989426
3154,0.00066135214909327
4465,0.0006611856319405583
7424,0.0006611549575766695
2600,0.0006610757180734349
2339,0.0006609991965253122
657,0.0006604305171403253
2147,0.0006597826948108568
6280,0.0006586870404315966
8738,0.0006583503650595232
1730,0.0006579918025149643
1099,0.0006578604936973303
4464,0.0006568834701369584
609,0.0006568829564665942
2962,0.0006559595087891445
1812,0.0006554428545130627
4184,0.0006542046967579152
8918,0.0006540932297249795
1522,0.0006539976927626333
961,0.0006539449519617281
3639,0.0006536184008524728
802,0.0006535667517794814
295,0.0006519828864085776
8716,0.0006517877800820466
1728,0.0006499730114695173
2338,0.0006497182998732807
8229,0.000649594621475497
4388,0.0006490093428353079
5378,0.0006488209875634053
4625,0.0006483407440411279
3617,0.0006451827636360661
5360,0.0006433597888949838
5697,0.0006429588869271677
8728,0.0006421008819429656
808,0.0006420303616372005
8714,0.0006417606947199595
4489,0.0006406775894630525
162,0.0006406161862779911
6801,0.0006399293129031392
3137,0.0006396603480144514
2658,0.0006391081115040717
4664,0.0006383369983057212
9376,0.0006374475952406843
2152,0.000635829545878718
8457,0.0006356285012207671
588,0.0006355175392418804
2801,0.0006354811763436831
2057,0.0006354621471183629
1810,0.0006349414498250756
1396,0.0006336611220058263
2468,0.0006333964137126118
6336,0.0006327036246437777
3392,0.0006325955291266209
8836,0.0006325707291085643
7680,0.000632231916399573
906,0.0006319078306455131
1560,0.0006318553766739777
8261,0.0006313727521104694
4234,0.0006313417759415394
2390,0.0006312143597210819
436,0.0006306377486054444
9234,0.000630299297024556
794,0.0006301742974359205
1906,0.0006292807029876592
2504,0.0006287667067380929
9349,0.0006287415310012317
1521,0.000628469653280839
6696,0.0006283676107931052
1740,0.0006274809183700506
3368,0.0006259900198667896
1636,0.0006256478803214443
1181,0.000625373024557773
4544,0.000622440526480304
4109,0.0006216527582337435
3108,0.0006213888337026339
2067,0.000621268408957393
8724,0.0006204691885059308
1570,0.0006204217023090058
2217,0.0006203414356034362
1313,0.0006202475681252895
1037,0.0006196681121447148
45,0.0006191674021416998
6151,0.0006188933828706095
9856,0.0006188795477185891
8624,0.0006183134521504422
7236,0.0006181978378493507
559,0.0006175345196158712
1554,0.00061733123132294
9895,0.000617292415522048
3056,0.0006171805258796506
3713,0.0006170762438197334
4876,0.0006168391758133818
122,0.000616129647498184
537,0.0006154771517771642
323,0.0006153804366252412
433,0.0006141396924941397
705,0.0006136404019734858
1904,0.0006133896936878885
4689,0.0006127369656322287
1336,0.0006125502075963235
396,0.0006122206455428735
4294,0.0006115502889080544
8300,0.0006103290986218145
2508,0.0006103116265444364
8289,0.0006102563847902524
8864,0.0006101074910653619
387,0.0006099952209498721
4182,0.000609411322374403
782,0.0006089999266352639
1287,0.0006088151690546888
668,0.000608777404438778
3362,0.000608658182415178
7232,0.0006082357038798778
172,0.0006081040656295252
3648,0.0006077298728513488
1270,0.0006072638863360214
1105,0.0006066209347433577
1180,0.0006065143185190323
774,0.0006063398170646305
3346,0.0006061659643293856
55,0.000606067360976939
4682,0.0006060569693794817
2825,0.0006052906386459653
2484,0.0006049340970993957
5364,0.000604491031378541
9256,0.0006038579767399391
4424,0.0006031956170339741
90,0.0006028858346160907
5424,0.000602198871428057
916,0.0006019728304353711
5952,0.0006018988024742951
1317,0.0006013015165812151
4147,0.0006007279835071002
3425,0.0006002806928549838
3844,0.0005978366059648075
2097,0.0005974880535471772
525,0.0005972678133534476
1350,0.0005971711034010042
3268,0.0005963414356365211
2520,0.0005961694966165925
2356,0.0005952182725006054
5492,0.0005949621749942659
75,0.000594741034174821
6194,0.0005946419817754635
1416,0.0005942640734874837
1285,0.0005942387315220876
1035,0.0005934630763273121
1453,0.000593250490895091
728,0.0005917681515734356
5154,0.0005916248236005213
4631,0.0005901310533576826
3480,0.0005897086338035127
4626,0.0005895525001870413
3594,0.0005892118824336917
1708,0.0005889492272860807
9217,0.0005883374729811897
3888,0.0005877476778528607
1248,0.0005873305245274892
1124,0.0005868299570838001
1712,0.0005856704412121021
2313,0.0005844639871753694
1732,0.0005840646928580792
103,0.0005835535898799708
5463,0.0005833819957056748
519,0.0005829159019372559
8544,0.0005828880490201311
1221,0.0005824194093415687
2722,0.0005816035211870533
9104,0.0005807872722921684
531,0.0005801876092731744
2928,0.0005800908237921652
5380,0.0005792020561509788
8600,0.0005788321920641927
408,0.000578537580678722
675,0.0005780146973673541
6181,0.0005773112855991017
1290,0.0005770433283308313
2609,0.0005762899566427548
2593,0.0005759677655254298
1361,0.0005749291941600082
4960,0.0005744920516750012
2450,0.0005731243411957312
4257,0.0005729941154320199
579,0.0005726918195899088
2224,0.0005726305204194744
3077,0.0005723012507324644
5848,0.000570484344625453
649,0.000569891101472453
4244,0.0005696431722062965
297,0.0005681146937061701
2386,0.0005680292705373593
5130,0.00056643663477907
2547,0.000565990232358796
3633,0.0005657718869556929
2186,0.0005656683419250094
1158,0.0005652191746274069
3112,0.0005641523179764902
6147,0.000564070804871768
401,0.0005635189753870091
6257,0.0005630824855475238
9860,0.0005625263351947614
1206,0.0005613377937964506
3113,0.0005608857818626317
1412,0.0005602735278296592
3460,0.0005593157077770125
3350,0.0005589923339089423
713,0.0005586204931075423
9632,0.0005580375797496421
161,0.000557962233987287
1164,0.0005574628191578361
504,0.0005570794893225273
1013,0.0005568915746153776
5314,0.0005566365889344344
1688,0.0005562932213238105
6406,0.0005554116114352352
5148,0.0005553993824267198
8596,0.0005546659900478569
6688,0.0005543166262308506
6784,0.0005541968363107969
2852,0.0005541713768220995
4103,0.0005535682010765547
3084,0.0005522009685570279
23,0.0005515447118590515
8521,0.0005511081156569303
2201,0.0005492822889319546
9544,0.0005489793750101887
1136,0.000547903019014343
332,0.0005475859648492056
182,0.0005465993732582568
2571,0.0005455415403893126
586,0.0005452951114997801
3089,0.000545255724735798
2604,0.0005451682585882639
1186,0.0005450944336512881
2666,0.0005447065875504874
1778,0.0005438051511876099
2294,0.0005437272875478194
4668,0.0005433953455869562
674,0.0005426513140948518
2104,0.0005423119952852845
761,0.0005422951198412005
556,0.0005419856642578145
5764,0.0005418756407739415
1376,0.0005418240786830013
8488,0.0005415666258544031
1922,0.0005407825109880322
8721,0.0005405667644871756
8465,0.0005403864805147576
8480,0.000539432538804793
8454,0.0005382694939955962
8388,0.0005381509928889327
2310,0.0005380409263278696
2388,0.0005363041432520252
8652,0.0005360927433807028
756,0.0005360193215141469
2428,0.0005355060805935769
1352,0.0005352548979370616
6074,0.0005351342642598795
9233,0.0005348279413068178
285,0.0005345160281146062
1315,0.0005342584791707627
15,0.0005342149687525105
2836,0.0005330447859480105
6149,0.0005329770580837106
8712,0.0005325399947567541
2442,0.0005324543212596329
214,0.0005323966715184184
5384,0.0005311390440122172
4440,0.0005307458465135987
7185,0.0005304745720274091
4107,0.0005284759255365611
717,0.0005284597804320531
9601,0.0005276793265194163
1609,0.0005262957107033927
457,0.0005261331265351757
460,0.0005260391630852858
680,0.0005251614731967791
4405,0.0005247024264111068
300,0.0005245883714122683
9958,0.0005244979827913215
95,0.0005241672569471852
5224,0.0005235950476536428
5964,0.0005234548815082998
7392,0.0005227497214678476
614,0.0005223256770469244
2385,0.0005220214397819677
3208,0.0005217231300181201
5132,0.0005216018531868968
364,0.0005210652341421147
1161,0.0005209294436254095
2098,0.0005205311275970463
405,0.0005204712308504324
2330,0.000520412762615289
4768,0.0005187142069980286
7170,0.00051850500902116
3376,0.0005182647433514142
4225,0.0005173001656225667
3349,0.0005170921434619545
6660,0.0005163966081185961
2868,0.000516081411962571
1857,0.0005155842984690102
805,0.0005155237292588585
1354,0.0005150171607480743
9223,0.000514574372875541
6186,0.0005145070387320683
2641,0.000514147716300089
1307,0.0005141006741576723
936,0.0005139484439698446
8548,0.0005137561196284603
1632,0.0005107984858909108
4123,0.000510654269674914
8744,0.0005104933657062611
4394,0.0005096479454311967
4912,0.00050849523130871
1624,0.0005076829926437344
1090,0.0005066397753988535
2384,0.000505754944057829
9320,0.0005057124072474602
1585,0.0005054886947380632
8608,0.000505136640671851
9752,0.0005050689065394138
6184,0.0005049553420608892
2884,0.0005045935185388037
451,0.0005041042330838482
5226,0.0005038176758796687
3221,0.000503729901837502
4900,0.0005029297740002935
3472,0.0005029066919619575
1379,0.0005026367637918727
565,0.0005018146082001548
4706,0.0005013270069632514
625,0.0005011087021774305
8968,0.0005009639670938915
2297,0.000500952276281014
8337,0.0005004369645213996
1920,0.0005003012422230852
8400,0.0005000737776139274
5151,0.0004997103504485304
5824,0.0004991400694361883
3008,0.0004989188541696847
2387,0.0004982050939484734
1125,0.0004971830882257632
1543,0.0004970643350870344
6276,0.0004965765957161821
4945,0.0004960241028660664
568,0.0004959849007845098
8713,0.0004959256827585715
3601,0.0004958668219125737
62,0.0004956939592879573
4110,0.0004949190002229628
4739,0.0004947665927692277
8746,0.000494379877646037
866,0.0004928396573950991
940,0.0004927243340771176
2457,0.0004924889578523337
3133,0.0004914066486251174
2570,0.0004908329490274486
3464,0.0004907055009157797
582,0.0004905441906118035
8898,0.0004899824971336224
8833,0.0004895678739279564
803,0.000489454709475304
1065,0.0004883857363816953
8745,0.00048774770219343737
541,0.0004874482650467634
2363,0.00048734857074759857
7312,0.0004871562161269465
9792,0.0004868825053056359
5640,0.0004867798316459356
1604,0.0004858261772217333
7296,0.000485264762791477
8276,0.0004846790933443572
1123,0.00048373627139258616
8993,0.00048330166893069095
4868,0.00048290215256384785
2194,0.0004827894167803744
2581,0.0004818586413516024
309,0.0004817223058010967
2664,0.0004815952400108146
2242,0.0004807982387914457
9616,0.00048022757199099695
4448,0.00047969742232135764
203,0.0004796653807282671
2945,0.00047937688076670295
1577,0.0004789565046635116
6289,0.00047855479759519054
8323,0.0004785426062446104
7432,0.0004780541526198266
1550,0.0004779581154744511
881,0.00047767099035212374
5432,0.000477574024906368
4293,0.0004773363732151689
9222,0.0004772784194637134
4396,0.00047677763884623373
5129,0.0004762885694759724
8214,0.0004761623993401887
1166,0.0004757902751812236
4338,0.0004748493984051124
8837,0.0004746577851331187
83,0.00047338637832015196
6274,0.00047264091568648684
535,0.00047263274912021
1067,0.00047184481412640915
8873,0.0004717873513413684
5288,0.00047152220231281926
377,0.0004714178473689462
5257,0.0004694669769358021
2626,0.0004691567529122442
1824,0.00046908967471359685
338,0.0004688417094169936
4913,0.0004671085145400101
2805,0.0004668140221195931
1364,0.0004668021458431305
1046,0.000466388053198068
4324,0.0004663848281278237
358,0.0004663752430146003
2939,0.0004663212647682272
4032,0.0004663000361288796
2708,0.000465956749103458
5410,0.00046563235174498086
1856,0.00046534089678851634
2736,0.00046387802614500785
1760,0.00046332118321586375
1062,0.0004630759933355331
5408,0.00046173539101205656
2318,0.0004615513195722027
9240,0.0004614128225176068
1777,0.0004612606948662335
4866,0.0004611473669661622
3372,0.00046109796666948523
3545,0.0004610094384642226
6404,0.00046077857984129625
7,0.000460417634468955
2552,0.0004603892075417892
5716,0.0004603395606980644
3110,0.00045989040461136407
612,0.0004595839027073852
318,0.0004593401843191385
4728,0.0004592595656543657
6169,0.0004590301705812348
2212,0.00045821548290808975
6273,0.00045818934636027663
5208,0.000458081494223868
2357,0.0004580335636553661
5505,0.0004576855172549759
1308,0.00045767704510813124
5369,0.0004567426633690367
7744,0.00045597886940364256
1559,0.0004558501354536525
4308,0.00045505298987944535
626,0.0004549730174397532
2122,0.0004547626115037741
5568,0.00045429783972189677
4173,0.0004542833557416173
2757,0.00045416110935720023
2452,0.0004539042818368211
6799,0.00045382667369558223
2456,0.0004538020039876392
4167,0.00045257925492927327
8800,0.0004525413805731887
9480,0.0004525066071305769
820,0.00045243321879040216
4245,0.0004524214687127479
5904,0.00045199458791878207
277,0.0004519664283544664
8330,0.00045076169410848525
186,0.00045055515565087863
2403,0.00045052003629126463
3378,0.000449628752488092
1464,0.00044959138024617835
8552,0.00044933939316095533
314,0.0004492090312751918
3598,0.00044884958709640667
1797,0.0004483815490039892
2405,0.00044704137279603673
583,0.0004469754066887434
3736,0.000446960473563469
1590,0.00044675775106401723
1322,0.00044669964896230897
836,0.0004465480755625546
2377,0.0004465317880546424
6376,0.0004463410822001439
2888,0.00044622372644748435
3364,0.0004460185190724088
2093,0.000445594404854796
2401,0.0004452412577727649
4364,0.0004448385432364439
3266,0.0004446663307503883
4229,0.00044424167585209483
2244,0.00044388949618683814
3986,0.0004434786962282693
2083,0.0004434653177451287
8992,0.00044329946735974083
7056,0.0004431835763202308
6200,0.00044242244225029193
197,0.0004421094510488047
2464,0.0004417728832439578
8710,0.00044161523265891787
8332,0.0004406550919707938
3858,0.00043954369989297466
4872,0.0004394247315796792
2676,0.00043913138306151523
8849,0.0004382766198701656
2437,0.00043791544760469206
1649,0.0004376881306429642
5244,0.0004375925850872122
427,0.0004373185250686525
204,0.00043720455047721655
1185,0.00043708161168879583
3337,0.0004364986162017821
5696,0.0004364550583910612
3476,0.0004361990406739217
1236,0.00043573550098772356
5156,0.00043403937849948
4322,0.00043368467288100037
389,0.0004332886243710404
2482,0.00043304763655501274
142,0.0004327064420343014
5628,0.00043222084240802656
2578,0.00043166440994294223
1804,0.0004314977138057243
1864,0.0004307464057777139
602,0.00042875581773171905
4619,0.00042871003835369436
7686,0.00042855387470845804
3116,0.00042852457521287327
4140,0.000428205077550397
1292,0.0004278818013251126
5873,0.0004277900118790853
596,0.0004270239758540769
2373,0.00042678874495521806
3596,0.00042673355668201304
945,0.00042662234346655965
8498,0.0004259019307988531
2627,0.0004258765774280578
43,0.00042572999916224444
9732,0.00042571525271107273
744,0.0004256622470103043
4994,0.0004256218704383434
6352,0.00042487925936534005
4328,0.00042453313943372053
690,0.00042447435924250997
9474,0.00042335564726883124
4784,0.00042329551806535355
6217,0.0004232428457952782
8969,0.0004231720986967394
337,0.0004228629774740329
8392,0.00042270028941424976
6928,0.00042250514437267955
932,0.0004215434608556637
9760,0.0004208953800426465
5193,0.0004207524540126789
7456,0.00042066882571108416
856,0.00042031913371984623
4568,0.0004199649365367569
994,0.0004198470791262358
5570,0.0004190495465419866
5872,0.00041896070333676894
8578,0.00041849735155808374
8524,0.00041817141930383455
5478,0.0004180370995626403
538,0.00041789644067639117
2812,0.00041752838953283943
2300,0.00041752122262906673
8220,0.00041734373728840907
6496,0.00041734150796038545
2715,0.00041730669427210817
779,0.0004162663300416021
4948,0.0004159992783043581
3345,0.00041564223700836744
2949,0.0004154826213955299
3338,0.0004154352360761273
2924,0.0004135917865000132
7488,0.00041350427224116844
3139,0.0004129591572537677
4600,0.0004125556519893789
1557,0.00041198107504123723
2702,0.00041194938069443273
692,0.00041182100419966317
2076,0.00041176785457984445
3280,0.00041154310321568
1294,0.00041132905550869057
553,0.0004110240025998724
4883,0.0004108428725185238
4194,0.0004106413145631687
810,0.00041049095079111805
1082,0.00040990126619930745
9221,0.00040872091297478166
3420,0.00040866615797623194
1218,0.00040864569023297084
441,0.00040858568390254966
2618,0.0004085474286245192
3654,0.0004078857130807782
1329,0.0004078766843861449
6474,0.0004077337838757709
3441,0.0004074801371948745
4961,0.00040727417983223504
419,0.0004062893768465747
3145,0.00040558876125471933
2984,0.0004053834402601684
8236,0.0004053429533522006
8325,0.0004048815850104603
398,0.0004044482953285813
1816,0.0004038879006607019
465,0.00040376364975996633
9276,0.00040346887656542846
4663,0.00040303862665659216
4121,0.00040290382085843713
210,0.00040262337780436696
2657,0.0004024935264983403
498,0.0004018900082078733
3442,0.0004017723164688552
173,0.000401480593964293
472,0.0004013468641603456
9286,0.00040107416213805983
1429,0.0004008591532533955
2948,0.00040024108195017415
2435,0.00039989981070669763
3366,0.00039974470672263663
2342,0.0003996207552770503
8345,0.000399548308433759
1061,0.0003994851069998128
8964,0.00039916209767620246
1744,0.00039900783561727193
595,0.0003985713159125953
2078,0.0003984232723624651
1620,0.0003981816974270966
2538,0.00039814989887052775
1936,0.0003979299435638836
1795,0.0003977680166385892
4305,0.00039763118014043904
4516,0.0003975587808182422
4208,0.00039751112138062937
5234,0.00039716762637312196
2849,0.00039699628298214156
3093,0.0003968668721778603
5361,0.00039661298412808975
3824,0.00039610081083387593
2172,0.00039607436172375615
9356,0.00039568429694790755
2802,0.0003956523703379594
908,0.00039554524102946453
1357,0.0003953298178537077
9238,0.00039487587940210966
5134,0.0003938484819222944
3666,0.00039360996209673367
5209,0.00039264459341016773
3987,0.0003926355170689539
6418,0.00039210499352627877
225,0.00039208941569564076
9259,0.0003917823480283729
1057,0.000390954970524728
2117,0.0003908117951092517
2150,0.00039066515731237325
8486,0.0003906314157815129
2198,0.0003902109115352732
8520,0.0003899660902867266
1840,0.0003892351316136355
9425,0.0003891581856730085
6195,0.0003890977810298617
2101,0.00038907435459000856
2754,0.00038887701534168076
4168,0.0003886651844393331
1616,0.000388603432567653
453,0.0003882222765525387
4932,0.00038813998069926005
5292,0.0003876946346892443
7238,0.0003875993172962499
3124,0.00038682090489031867
412,0.0003867729048182346
115,0.00038667299156498156
2764,0.0003866313630531423
8529,0.0003865255960772259
5536,0.00038649415272149645
1219,0.00038621469675321313
1118,0.00038562126519299934
177,0.000385575370096192
3156,0.0003837642625538509
5131,0.0003835154371489196
6516,0.0003832925708772739
165,0.00038303811211049286
4700,0.00038255997278003966
8355,0.0003823405201866606
8292,0.00038147582615585227
4878,0.00038145350596532223
809,0.00038140297238843776
4498,0.0003809150300612642
2582,0.00038074606801405354
158,0.0003803069742596868
6659,0.00038027150435569995
2458,0.00038014417698819055
8347,0.00037981556402533857
3233,0.00037942354313332254
569,0.0003794045291845879
1039,0.00037926477994593995
7189,0.00037888161325511235
4204,0.000378868872665536
7190,0.0003785505611788654
3968,0.0003785499939865968
4802,0.00037842081420038775
4407,0.00037839687538901266
5382,0.00037807596868381606
900,0.00037805868313147344
3315,0.00037765650149479977
1138,0.00037752511960338137
2677,0.00037735437669338476
3254,0.00037704046678516183
3410,0.00037668997954410423
139,0.0003765480414363252
1137,0.0003764020315520525
920,0.00037631984743416425
5400,0.00037622559590117644
470,0.00037616065853482205
2960,0.00037604480135224337
3217,0.0003760409822481432
228,0.00037597125510553783
8961,0.0003758927642268104
2698,0.00037575691728025955
2709,0.0003745474748502561
714,0.0003742241193178263
840,0.0003739164116972818
2034,0.00037378639637887783
1338,0.0003725506630589983
2529,0.00037242801988785965
6684,0.0003723186285875286
6856,0.0003721773372347342
2438,0.0003718489046849869
4686,0.0003718042628563157
834,0.000371670108327012
3872,0.00037163155077767806
4082,0.00037161639307006403
3576,0.0003715112743280113
1843,0.00037037460470669165
6552,0.00037015918654725394
1426,0.00037011502899756386
3333,0.0003699578530537757
9025,0.0003698066540924244
4550,0.00036977000071890676
9477,0.0003686066465041467
2062,0.00036852575840229114
4413,0.00036807354855993084
5202,0.00036760473159928706
2291,0.00036749135040480647
1669,0.0003673317422676025
4504,0.0003673280596827912
5140,0.00036731775570183946
5174,0.0003672472161993453
108,0.0003669578652494957
3652,0.0003668427316748014
2808,0.000366790626144635
689,0.00036663026443192883
4536,0.00036659905492252774
3206,0.0003662137049202552
2459,0.0003656924253824599
4393,0.00036554528628641027
4613,0.00036545022203837815
4130,0.00036544096714764504
4692,0.00036531418367341116
147,0.00036521171866214357
5666,0.00036487457237733753
5720,0.0003647891671604021
437,0.00036381931985210583
5318,0.0003636706817550218
4404,0.0003627395837306793
1976,0.00036142784285127
6661,0.00036121673923105287
597,0.0003611008339490249
3184,0.00036107679618701437
2674,0.00036104774379021445
9368,0.00036032324761199315
2332,0.00035969498643040055
3649,0.00035958041616266945
2978,0.0003595694966099471
1456,0.00035950288482034263
4166,0.0003593037480474155
1937,0.0003592300011465855
2421,0.0003590007616490391
8473,0.0003589235630794052
819,0.0003587895586671553
1269,0.0003582223802166974
3436,0.00035743321394031245
135,0.0003568962264795012
1108,0.0003567650490864245
4177,0.00035632248111132077
1417,0.00035609447765251573
8962,0.00035600397522207706
3458,0.0003558032112855653
3335,0.00035574854084274355
1059,0.00035545208576572734
2364,0.0003549213693933188
1189,0.0003546383087357779
2645,0.00035425520081489264
5153,0.0003541391043403348
1267,0.00035399066867088455
557,0.0003538336202619251
6228,0.00035359500582428165
8518,0.00035324333488780915
8929,0.00035312995202922985
4576,0.0003530649566710769
334,0.00035288907671145777
4486,0.00035267990230269713
3864,0.0003526767942678341
9736,0.00035238375414739373
4814,0.00035188674834892985
8525,0.00035177366352017754
3106,0.0003514192129811695
8233,0.00035106743437360966
4231,0.00035063568648177016
4882,0.00035059931969668226
7304,0.00035044473722069036
665,0.0003504439116492988
4604,0.000350363439074505
898,0.00035033245618705473
3608,0.00035004151753788613
294,0.0003500183194429549
4685,0.0003498266496979813
2612,0.00034947300270417065
163,0.0003492797267522131
5300,0.0003489826090632703
2874,0.0003488445532358685
4938,0.00034882170845637546
827,0.00034879186383586703
1332,0.00034819986157939126
5760,0.0003475137368903051
38,0.0003474173555509846
2573,0.00034728828464121507
286,0.00034709500440992995
4577,0.00034706753811450413
8386,0.00034692438926657446
4339,0.00034645181225218766
2822,0.00034626744591658776
2158,0.00034604184578896036
5786,0.0003456190058191522
5266,0.0003452491304724079
7320,0.0003449883228638548
9498,0.0003448929829907244
6282,0.00034471937232066497
8459,0.0003442129923683383
9016,0.0003441240230734486
1876,0.0003435686916605252
348,0.0003433581729338119
4746,0.0003433273343353818
2371,0.0003432377602305406
5088,0.0003432317941327789
8732,0.0003430258523792028
2210,0.00034270419663240436
4642,0.0003423182240981706
4497,0.00034179544923387524
5253,0.00034132814437124327
4774,0.00034065872312021006
9145,0.00034052942031968255
1781,0.00034021429435034995
6128,0.0003401652573413816
4156,0.0003400174056456711
5025,0.00033941515957473285
4546,0.00033935321539566444
4611,0.000338952575301925
3610,0.00033850011833864394
9090,0.0003380592997070677
5728,0.0003379827949874215
2121,0.0003375558665236161
3220,0.00033723824631850976
8467,0.00033696345767636726
1420,0.00033689936370724405
4402,0.00033677583517599194
4914,0.00033653706311071124
5428,0.0003362080806510561
3122,0.00033572786237198585
4836,0.000335713151946315
1162,0.00033565267598062524
1410,0.0003356283911266767
2211,0.0003356126505902015
1331,0.00033557780584334793
8963,0.00033501527453761267
2241,0.00033496255417548177
3417,0.0003347537191384311
1714,0.0003346800456623818
350,0.0003345447887085829
8215,0.00033453955988275096
4929,0.0003344122497894329
5508,0.0003340036429445028
8294,0.0003331425753684194
9402,0.0003330072971342206
4233,0.00033293098231015135
4148,0.0003327301307024448
1171,0.0003326377585048454
1547,0.00033248478187325133
3174,0.00033175158876509525
3236,0.00033166938703123707
8363,0.00033147976815157666
1318,0.00033056766101974587
1802,0.0003302720616118927
8994,0.0003301745286421954
1114,0.0003301534650939274
8387,0.00033012365684336294
8227,0.00032976704725446777
797,0.0003296476546410472
4644,0.00032957333650234123
1196,0.00032931257448173265
5155,0.00032926007485257336
7297,0.000329015254425156
2744,0.0003289715184389211
2132,0.00032875647066656115
6480,0.000328321918733953
4118,0.00032748005852973195
1097,0.00032736448497614574
2643,0.00032714893465075326
5744,0.00032683465463207394
8680,0.0003267952450818449
4602,0.00032651390835762546
8764,0.0003260973766871629
3428,0.0003260261809485704
5138,0.0003260000787956367
5201,0.00032583103582067694
629,0.000325396436655502
357,0.00032448474528335884
4425,0.0003242188251705982
547,0.0003238040399837763
6284,0.00032379648791230295
1457,0.0003235390770951178
1809,0.00032321377145296286
2160,0.0003231870391856942
712,0.00032315710171823667
5448,0.00032314934820823254
2756,0.0003229610770853055
2115,0.0003227512627115728
2961,0.0003225947441554028
5146,0.00032217260581397143
7712,0.0003221676079571611
4342,0.0003213894785010564
378,0.00032129205101177216
4622,0.0003212363637746569
7248,0.00032109467378217053
1858,0.0003208999929031655
2359,0.0003204291383281766
4380,0.0003202796993408873
6793,0.00032027673426158343
8203,0.00032027330609510005
8497,0.0003197998046128949
9248,0.0003197290283126264
5158,0.00031970447010905826
2498,0.000319665001965439
9250,0.0003194893763745702
8218,0.00031937863584163785
790,0.0003193357074160019
2316,0.0003191679265920708
1334,0.0003186910169677361
1091,0.00031868145012807665
804,0.00031852580368391326
3896,0.0003184087440535336
8593,0.0003183784135531293
5473,0.000318356833436378
4708,0.0003182775845473069
4291,0.00031800171211748764
2179,0.00031797747080554564
94,0.0003178492334054439
630,0.000317545656706934
5252,0.00031734876913914415
9740,0.0003173177708644658
5254,0.0003170341896544119
9992,0.0003167864591497142
9762,0.0003161978088543344
1648,0.0003156501745608897
1157,0.0003152832948134016
8207,0.0003152466755179672
9253,0.0003150863980912785
499,0.00031414515032818067
3121,0.0003138224621695159
6664,0.0003137921668379123
484,0.0003137197888218787
8217,0.0003134172647596063
410,0.00031337278421747
1888,0.0003133378173869189
8344,0.00031325350772681284
6832,0.0003129416619345862
9219,0.0003125682737366403
8748,0.0003120968041924586
5313,0.0003118333610853984
2546,0.00031182318294014385
8237,0.00031156895506896155
7177,0.0003115498452243018
339,0.00031152747531069496
781,0.00031145912542445835
4227,0.0003113347640603455
824,0.0003103223729027346
8451,0.0003100755530565361
5127,0.0003098049619619253
4860,0.0003092564705358019
677,0.00030909954624806904
1165,0.00030898747973917784
1193,0.00030881196653048996
2634,0.0003083240404513975
1633,0.00030807765197240155
2490,0.0003077018807958588
2638,0.0003073019688874091
4171,0.0003072927164158972
3409,0.00030695094952926067
220,0.00030640954114385054
4976,0.00030639427852313975
883,0.0003063199985310829
29,0.0003061591755449802
3313,0.0003061576758581299
1787,0.00030491097217375305
3482,0.0003048347438596399
935,0.00030439189566442066
2865,0.00030428244913304755
4917,0.0003041442657374718
3849,0.0003041047803802486
8976,0.0003039461154541387
6412,0.0003038593085314912
611,0.0003036118904099555
5390,0.00030346514614276406
4820,0.00030320838554436105
5004,0.0003030583484031523
9808,0.0003025337136119209
2389,0.000301958558437327
1200,0.00030185199481559254
1321,0.00030181984038610006
2075,0.00030154580921566026
77,0.00030152971671315365
1541,0.000301396773672272
7724,0.0003012964035321684
3832,0.00030120437459924205
1780,0.00030119033852852483
6372,0.0003010030036906939
8281,0.00030099279322329904
1094,0.0003006986303615869
603,0.0003006622714219277
397,0.00030017749987499925
3394,0.0002997474685658005
466,0.0002994400669310463
8252,0.00029922757703555817
2446,0.0002984593689519144
7058,0.00029830055983426536
858,0.00029796743070021665
8928,0.0002976988951491016
8314,0.00029756082029177037
1956,0.0002973997422249755
2476,0.0002965042188551038
9409,0.0002964662222595907
2630,0.00029625255373922016
8517,0.0002956970691005914
1613,0.0002956714895116366
4268,0.0002956455973386713
2481,0.000294506911302094
1444,0.000294497139598806
1081,0.0002944206979028281
4743,0.00029430256817011407
2550,0.0002935287707655657
3825,0.0002932862509736224
4769,0.00029319866461052053
901,0.00029300312842197
2213,0.0002928913375725268
7856,0.00029266663325364653
42,0.0002924302955851326
3068,0.0002924122368115816
3874,0.0002923991858035934
3160,0.0002923603196787831
3876,0.00029223989763523683
4472,0.0002917110499745349
5144,0.0002916929433627173
2392,0.00029152665742750546
8265,0.0002914618036231401
8513,0.00029104296454043074
1670,0.00029079862767898826
3204,0.00029062277960156655
1080,0.0002905998843958034
4453,0.0002905258205544679
1291,0.0002904157094436576
249,0.00029038401834200053
1117,0.0002903098170934949
4403,0.00029029378607920987
1075,0.0002900668818083181
5906,0.00029005791961455083
5232,0.00028955783350037724
5383,0.0002894544936847804
5550,0.000289441254933101
4518,0.00028910752512301276
8404,0.0002889887462191385
5169,0.0002887677775356689
5032,0.00028860994453993834
1427,0.0002885727005073668
2548,0.0002885379696502271
4312,0.0002883786201527954
2853,0.0002882832232434642
8248,0.00028813858896535854
650,0.00028794439560083003
9000,0.0002878671457363351
8722,0.0002878053583194755
5000,0.0002876186239898877
3450,0.0002872524963829344
2833,0.0002872445264592316
585,0.0002865660097823165
9672,0.00028632850521136496
5580,0.0002859871460953
605,0.00028567637664210504
1524,0.00028540528726244053
9345,0.000285010707783774
4452,0.000284537068506806
628,0.0002844353223954233
4188,0.00028406483253652816
3347,0.0002838388341398452
8865,0.0002836831798007261
2246,0.000283437985555205
6665,0.0002833531105243516
8640,0.0002829601392003286
4266,0.0002827724737737073
9288,0.0002826329298125485
2069,0.00028243298506666013
1052,0.00028171511970958766
1908,0.0002813894016367946
1549,0.0002813666977481289
3164,0.0002812909494046821
7682,0.00028128932032312636
4387,0.00028112535398525036
3904,0.0002805210161675063
2404,0.00028043470199885583
4881,0.0002803003109373552
8616,0.00028019185083119445
1047,0.00027997259771420427
8244,0.00027990706671487584
1573,0.0002795469145784404
2900,0.00027945599481023534
646,0.0002788530993865372
1686,0.0002786734313968482
5792,0.00027821472913112835
938,0.0002780098375060969
53,0.00027798363153446517
4500,0.0002779527244091811
4892,0.0002778947920776583
5496,0.0002778939659072291
8598,0.00027735273875419494
4468,0.00027719841094860786
2965,0.00027703470588316974
8280,0.0002768369606771383
5889,0.00027680438093099916
8848,0.0002767679037635064
2335,0.000276704350691994
2091,0.0002767013127183744
2106,0.0002762415906998478
444,0.0002760650971391589
2500,0.0002759295523667702
3496,0.0002758512430289446
4169,0.000275752367313881
1446,0.00027506977661504703
4365,0.00027489853421984765
8547,0.00027485075201325607
4433,0.000274790378695369
1323,0.00027476236180399704
4406,0.0002745795669119492
6936,0.00027440532239409414
2299,0.0002741246296180584
6788,0.000274004228603715
4824,0.00027400039065367737
506,0.0002737667908152704
1368,0.000273693113276957
5409,0.0002735656904937247
9441,0.0002735584311981749
3367,0.0002733529153766134
5034,0.00027333131040425604
3624,0.00027320036703398434
1172,0.0002730473341288439
3396,0.0002725445272317192
4646,0.0002722729791888995
9745,0.0002720019347540149
7683,0.0002719078727733113
2819,0.00027187303560354887
458,0.00027168021015235586
452,0.00027134767744496527
9008,0.00027134004792914683
1436,0.00027128203508996964
4276,0.00027119662214932096
2579,0.0002705142297751017
8656,0.0002704875861786758
4484,0.00027048206932865247
5456,0.0002704378756201955
659,0.0002702068954516245
633,0.0002696254952600423
688,0.00026958348359556116
6920,0.00026948223047779715
5322,0.00026921454212494876
1634,0.00026899554196068093
1367,0.0002689652382962228
1053,0.0002689648427104777
3060,0.00026857925801894596
9249,0.00026825170646781703
4650,0.0002682272990987933
7328,0.0002677019755139113
4705,0.00026694173639373064
1736,0.0002669349714092717
226,0.0002668667960383201
3651,0.000266616628418725
5652,0.00026572529029474107
822,0.00026551129720784906
3282,0.00026547957815944984
4193,0.0002653942909570314
570,0.00026520826442888586
4117,0.0002651430954990539
2110,0.0002650409827919548
1952,0.00026490358490613647
8477,0.00026484670691743567
1480,0.00026473238759830035
8711,0.0002645700945713303
2821,0.00026446832417929307
5141,0.0002642965949285899
9401,0.0002641585947055941
3142,0.00026409061388005614
8342,0.00026391976420808873
2856,0.0002637793386796942
3537,0.0002636664199076952
1116,0.000263601471196393
9568,0.00026360037310416666
5641,0.00026280416615128164
4530,0.00026279785164793257
4198,0.0002627524195398781
1605,0.0002626820826338953
3373,0.0002626068605389215
5206,0.0002624850932399569
7872,0.0002623305624566983
571,0.00026203173392749893
3475,0.00026199644728666166
4753,0.00026195280308041773
8792,0.00026188051969645875
739,0.00026180779939914147
7180,0.0002617753740424208
4854,0.00026165834207740504
6401,0.000261551955849334
6156,0.0002612901331393441
6177,0.00026116519952257587
2412,0.00026114463445466566
1012,0.000261015381128123
1654,0.00026019550193004626
736,0.0002597568752937596
6226,0.0002597225630888181
8586,0.0002596790805250936
1539,0.00025964468020836523
6704,0.00025961439712997975
2311,0.0002595725033449913
1832,0.00025915351225734204
435,0.0002588733837658207
6472,0.0002588417023201181
5635,0.00025880879207545163
482,0.000258739992902173
5168,0.000258038253766998
2087,0.00025784027551714047
4138,0.00025751423683478304
4273,0.00025742610493895856
5936,0.00025741388639989176
3860,0.000257264168299532
8838,0.00025658545404708567
422,0.00025620662500388825
4816,0.00025611688925505585
2897,0.00025598831166886125
9492,0.0002558262843297318
380,0.00025582121723245174
3688,0.00025576025260944617
1422,0.00025575446736186093
2724,0.0002556787449852612
2362,0.00025567811900286704
5616,0.00025565815188101766
3653,0.00025559658742023775
721,0.0002555547945329518
4850,0.000255366032618834
9985,0.0002552496230417389
4209,0.00025504636594111404
1798,0.00025490424931501684
1449,0.00025486144062922977
1140,0.00025474909852358883
9776,0.0002541427967489681
4660,0.000254117874816628
5761,0.0002539317998469361
8354,0.00025388581604525185
1571,0.000253592379809404
7204,0.00025309319509245404
4195,0.00025284717906036696
1372,0.00025267793651563846
4737,0.00025252207038870645
3067,0.00025233336321155744
5304,0.0002522606123312098
3240,0.00025187256975533974
1400,0.0002517561193074853
4037,0.000251616287892775
6464,0.00025160922922092606
4940,0.0002515565796944625
5104,0.00025142486019881825
4747,0.00025141681844638
1098,0.0002513829692238407
4135,0.00025126181853924844
2193,0.00025107293395852626
5513,0.0002509644340603727
3354,0.00025072013741801676
4986,0.00025067499508591503
8787,0.00024982893254173226
8804,0.0002497485155910447
5650,0.00024970759499255105
3954,0.00024952655166102835
8396,0.0002494819814663751
170,0.00024946473458528916
4178,0.00024946069062092065
4808,0.00024912375533057583
594,0.0002491045734768386
4290,0.00024909591713585404
8205,0.00024896943972493684
5669,0.00024892855876753353
972,0.0002484926121757181
3880,0.0002484148667467406
8896,0.000248241567217711
6488,0.0002481255883128711
5411,0.0002478846827617589
1638,0.00024731481953928095
3355,0.0002473123248600141
5053,0.0002472456295177924
724,0.00024720627500843305
2842,0.0002469424942839115
2881,0.0002469024783318539
1662,0.0002467886648116899
4740,0.00024667845716137545
3494,0.000246668976408323
5769,0.0002462523907319478
4298,0.00024623891469237867
2317,0.00024618946532867464
4133,0.00024617857815218585
996,0.00024601658206280697
107,0.000245005298611306
2823,0.0002449086845874653
9260,0.00024478521832658464
5238,0.00024476593134753
92,0.00024472073493707433
2721,0.0002446576265574114
7241,0.00024463138313407626
3213,0.0002442108229047739
1201,0.00024396492779097802
9304,0.00024391046957705797
8967,0.00024384525161076423
6672,0.00024363909284333418
3318,0.000243365620915008
8002,0.00024329745178847952
2295,0.0002431868377829382
1366,0.0002430865827537826
8468,0.00024292320530126116
9270,0.0002429150576704273
442,0.00024268754598421645
2168,0.0002425837389334561
483,0.00024254655573630076
1411,0.00024254156951167307
3852,0.00024220744322725466
3873,0.00024217509827174986
1674,0.00024200972370697478
2100,0.00024197203713215363
3099,0.00024179639094633692
1305,0.00024177961883026854
3906,0.00024168335485885175
6913,0.00024167714510786717
5779,0.0002416347714485222
5664,0.00024150363328796057
8266,0.00024128517497217124
8587,0.00024119811677385562
1299,0.00024102574985991962
9254,0.00024088954098239014
8633,0.0002408579040310488
8250,0.00024051404457098874
1932,0.00024051364924142416
6752,0.00024048527186361354
1190,0.00024042106204601757
4936,0.0002404150907268728
455,0.00024027021621047674
2567,0.0002400155436556721
8591,0.00023959553768041817
8878,0.0002395309115771915
4993,0.00023952471387933262
8612,0.0002394196658915023
2513,0.0002393692330378466
2232,0.0002393679949380906
3478,0.00023936583609272122
85,0.0002392812446352046
5344,0.00023903220201360194
3300,0.00023888297870135896
7553,0.0002383958153535906
2985,0.0002383600030889494
9032,0.0002378264661603991
9602,0.00023778663770292625
1944,0.00023764845898387494
9862,0.00023738487197218084
527,0.00023719739340984487
7448,0.00023716936586181013
2635,0.00023680498661149277
937,0.0002365211521450253
3242,0.00023625807946284653
3149,0.00023622182628362748
8334,0.00023607382206051246
1563,0.00023601447882248862
7366,0.00023581891006285824
5644,0.00023575213236384204
2613,0.00023574375628055924
655,0.0002356095540283002
4345,0.00023550257693728355
4538,0.00023532030120517684
443,0.00023514658651140784
2334,0.00023510693899199428
5806,0.00023508337613944216
5160,0.00023503445413952022
8389,0.0002346802439705772
4901,0.0002346238771266248
3352,0.00023461055251028243
3118,0.00023439900219670909
5142,0.0002343722731671339
4506,0.00023422255386205458
1241,0.00023400946426139588
2682,0.00023400066441933273
3162,0.00023376916333917044
3612,0.000233547594276758
2792,0.0002334319036915553
251,0.00023337856360501272
8725,0.00023308173740832106
8730,0.0002330125958620861
985,0.00023295026566295677
325,0.00023241401988977056
5150,0.00023216473009622855
3984,0.00023211562993765949
787,0.00023187791727245332
9026,0.0002318278513321812
1341,0.00023168807958458333
5808,0.00023156139025379353
7754,0.00023152003337461555
454,0.00023118988652841928
6730,0.00023117021560411147
1276,0.00023099943702915303
1141,0.0002309778121986175
7369,0.00023008282214718437
462,0.00023001671358941766
302,0.00022995382512241747
3578,0.00022966474901900576
187,0.00022963206485920187
8338,0.00022960888574377923
4200,0.00022922001640939192
1365,0.00022869326837422597
5618,0.0002285856527068947
3680,0.00022852739153963282
4180,0.0002285183411877718
9308,0.00022849226006419222
6293,0.00022838049093649106
4300,0.00022797097488588087
327,0.0002276205858545537
931,0.00022754364845478143
710,0.00022754164201477923
755,0.00022750504393668147
2980,0.00022730237141313468
5274,0.00022727729705572267
731,0.00022724896791347942
8376,0.00022721955118479027
8403,0.00022699994479007303
4788,0.0002269061969554622
1619,0.0002268261649424167
188,0.00022675928214673554
6210,0.00022673904001071374
839,0.0002265474213162963
4401,0.0002264532512866985
4163,0.00022636846491174702
2929,0.000226348003736532
992,0.0002263436134041237
6468,0.00022619544796381272
6546,0.0002261585440741035
167,0.00022584513399064333
3632,0.00022526988739296185
5001,0.00022517502396666542
8780,0.00022502687444153329
757,0.00022500228981344974
9505,0.00022483137741599214
3356,0.00022463542489546608
6522,0.0002244417012680956
6615,0.0002244417012680956
9931,0.0002244417012680956
8353,0.00022379003767575875
3843,0.00022364264807387906
6721,0.0002232866062254876
4150,0.0002227854544890491
9866,0.00022271343007936018
4528,0.00022232211682726976
8492,0.00022230598487292853
3512,0.0002220432256599338
3952,0.00022198906347193194
882,0.00022180490354391455
5443,0.00022172153484809827
5510,0.0002213581083559382
9473,0.00022124211648762656
5900,0.00022118405578389592
7188,0.00022105633537341547
2061,0.00022090034307667685
2375,0.00022088977810324223
4228,0.00022087298783281785
682,0.00022087197228484157
1588,0.00022072496062015959
7234,0.00022071690505916984
5203,0.00022037081474017098
851,0.000220005926073447
4377,0.0002199983776822698
3085,0.00021998716196541842
2697,0.00021958483330928796
539,0.00021939882766307156
3363,0.0002191481425289776
3744,0.00021893936559556733
2090,0.00021889130955444463
3111,0.00021888208512243172
93,0.00021865872142330135
558,0.00021862507062015915
7040,0.00021823791146008084
2850,0.00021798214029891005
4409,0.00021792948265492143
6929,0.000217882848085734
8469,0.00021771156503321254
8275,0.00021770090067624187
5639,0.0002176901564020669
8845,0.0002176127818245927
2691,0.0002171241109202901
1121,0.00021687080402764614
6824,0.00021675055158741125
1508,0.0002167215508062107
61,0.0002165416587312737
2528,0.00021643681439920996
3143,0.00021624895196385607
4302,0.00021578663628914963
9093,0.0002154049858912819
8523,0.00021535100416225696
3426,0.00021534953009232324
3281,0.00021533930547703044
4390,0.00021514163058872335
6296,0.0002150944475787853
6240,0.0002149906993247562
1705,0.00021496692923947015
4548,0.00021494135713575151
5149,0.0002148636955678657
4217,0.0002148493744951311
5509,0.0002147477677577191
3883,0.00021458750518017845
3380,0.0002145359628908793
4886,0.0002143363215285265
3331,0.00021432919111352382
6694,0.00021424089890703467
3826,0.00021417988437741787
250,0.00021415845803507267
4593,0.00021399909954360663
3850,0.0002137599720913838
118,0.00021337336203989087
8620,0.00021298957505880569
9382,0.00021265538347153379
2858,0.00021265131716107774
2902,0.0002125754779565395
3468,0.00021244267339742224
216,0.0002122578038792436
4119,0.00021216012670669174
3079,0.00021196417753961734
6278,0.00021185719121445698
9888,0.0002116875364920527
4594,0.00021158658984262886
2501,0.00021147189380128404
2445,0.0002110626005685006
2616,0.00021034623882183656
9364,0.00021034118610392682
2125,0.0002101464157281657
3692,0.0002101261493601571
255,0.0002099230757583236
1356,0.00020971564108764415
6212,0.00020920835080746945
5401,0.00020915190087484874
7492,0.0002090163894517597
4662,0.00020895386019687868
2215,0.00020885157313306832
2595,0.00020854280633292907
7816,0.00020852248936677073
4307,0.00020842703703677744
9746,0.00020829862102416657
1859,0.00020804951304349826
8533,0.0002080137074484338
925,0.00020787799652043662
8397,0.00020783774063138936
3016,0.00020783554452566465
2277,0.00020778931664783152
5188,0.00020761193061886643
2161,0.00020744074489768938
1145,0.00020738593173636605
2250,0.0002071904222331611
1611,0.00020708636607005295
279,0.0002070713527928407
2770,0.00020692436378754033
8230,0.00020671489927301975
2713,0.00020647710474547458
3150,0.00020638572475697068
8277,0.00020631840356438865
2071,0.0002060408065373174
6243,0.00020592764678143154
5672,0.00020592478006942826
9152,0.00020582519423351895
2485,0.0002057293815405386
2274,0.0002056569060010596
2742,0.00020552673911453654
7426,0.00020525472264951584
4263,0.00020514867236938342
2519,0.00020503608347668598
3169,0.00020503007805996963
8912,0.00020486299284118076
984,0.00020468722213930698
9799,0.00020461392404520388
6136,0.00020446763520470652
8657,0.00020437270472342193
7330,0.00020424202219565952
9252,0.0002041652643526432
8972,0.00020401305847895414
4024,0.0002039669539821793
6560,0.00020393613048280985
6209,0.0002038610443367844
7243,0.0002038512906982308
6858,0.00020318442798646755
5389,0.00020318319124996233
426,0.00020297252411539938
566,0.00020293197041848165
4490,0.00020291879476744428
9512,0.00020287816588258366
8359,0.00020245669478187824
8581,0.00020241451172537582
7528,0.00020237692834729822
1704,0.000202371579733784
8350,0.0002022217159902845
1342,0.00020218923317982451
2838,0.00020212871126912393
1051,0.0002020850362310946
2740,0.00020197432550975243
1414,0.00020179613996271708
670,0.00020164984873920374
7937,0.0002014250252058003
4397,0.00020116774403363758
7745,0.00020111424496133302
1841,0.00020109534654308493
9508,0.00020101910394033597
1668,0.00020092862070822016
3424,0.0002009257805213459
6165,0.00020090977755931472
2467,0.0002008269187654942
7688,0.00020039167968543276
185,0.00020038948599416004
5529,0.00020034495386928028
8234,0.00020031164040583673
1386,0.0002002653372204167
2545,0.00020025018517401622
3100,0.0002002179708474831
481,0.00020003882944292752
929,0.00019998525087920217
2420,0.0001999436244315107
9920,0.000199791754200334
5515,0.00019921382453715465
1652,0.000199181656519636
5058,0.0001989371613779714
2146,0.00019890961446100924
510,0.00019879726154726246
3205,0.0001987847865716199
6836,0.0001986463870794153
4239,0.00019834981024815384
2348,0.00019820851920585332
247,0.0001981712781442388
8597,0.0001981025428230653
3107,0.00019800194117159853
869,0.00019799672358081544
6722,0.0001979426297028388
4724,0.00019793312983228903
5637,0.00019778600380111787
2558,0.00019772200365895346
2556,0.0001975898882644684
8897,0.00019751839223507142
8777,0.00019726043704755653
2439,0.00019723936216083465
6207,0.00019715063039890815
1428,0.00019695057271947852
5162,0.00019682988900631145
1109,0.00019674857727850818
634,0.00019671374855596992
4722,0.0001965688619245667
4529,0.00019639220542454992
5996,0.0001963059641453868
5512,0.00019629410996818098
5896,0.00019613194148554317
635,0.00019605554186487826
9360,0.00019604895236214576
9490,0.00019596012487378513
9793,0.00019593358089976083
3922,0.0001958109679708514
7490,0.00019573875286032819
234,0.00019545263352304442
9506,0.00019541581508916622
4346,0.00019535589125135836
3634,0.00019532010418686475
5336,0.00019514044913516467
918,0.00019484560671307994
9824,0.00019479420770719867
3398,0.00019473016692031554
8515,0.0001944930405420916
1179,0.00019440585644472434
6921,0.0001942732145130143
4998,0.00019426757080062397
719,0.00019420447677833913
3793,0.00019402993530395963
2149,0.00019400586251393446
4744,0.00019397153239936592
8401,0.00019393583475032326
5537,0.00019389672444395726
1951,0.00019363300168834125
3418,0.00019342228415115164
8914,0.00019328787042577735
109,0.0001931432786366837
5020,0.00019297481594380436
5283,0.00019296860335904476
3186,0.00019291619625310113
5657,0.00019270074802513204
2748,0.0001926817486250787
8774,0.00019239287295184435
5190,0.00019224491859511637
8243,0.00019217717790356474
9664,0.0001921415043751178
3763,0.00019209927984714076
5634,0.00019208386838492108
5450,0.00019190723425215262
2189,0.00019184689625226386
3177,0.00019181354482417486
30,0.0001917589310487519
2319,0.00019135812569252595
1249,0.00019132379731631602
3081,0.00019123411353130795
91,0.00019068240670407964
2380,0.00019044382767535048
2845,0.00019022147034494417
7504,0.00019014102522042968
4218,0.00019012586356576995
8491,0.00018981161562910958
2134,0.00018956748476606596
5772,0.00018937142113664644
1988,0.00018919355290186762
7169,0.000189032601220364
8869,0.00018873931338795735
4652,0.00018857112465094693
6532,0.0001885588500824371
6224,0.00018828591495375456
2444,0.00018826868111505884
5434,0.00018818486077187564
841,0.00018798630918194888
4552,0.00018795961660854154
3098,0.00018791549700071956
5721,0.00018767262203343174
9392,0.0001875367445297002
8998,0.0001874949005626829
4172,0.0001874941985378658
860,0.00018731414941886902
1455,0.0001872513938733156
6190,0.00018723204849513218
2258,0.00018705452717309077
9542,0.00018701647026648122
6214,0.00018701282101204138
9921,0.00018696115675185482
6800,0.00018690843524918883
8199,0.0001867691418123348
2374,0.00018659316841458732
3936,0.0001865430236949874
1799,0.00018650433166738847
6674,0.00018640330882736732
205,0.00018610078069217955
8788,0.00018603366051482954
4491,0.0001860132804213577
8274,0.00018587185724162748
5172,0.00018580458818254618
4657,0.00018570185997883733
909,0.00018555689676312228
4653,0.0001852632750707575
681,0.00018522795045325467
1528,0.00018520901794940808
4252,0.00018518495287901904
3198,0.00018518169598679603
9299,0.000185071022428671
9237,0.0001850518261138566
5776,0.00018501238681779697
9994,0.00018497088195380942
2873,0.0001849593899164654
6536,0.00018484032972885324
7841,0.00018457172655343023
6339,0.00018448078869862938
3433,0.00018441029709962588
1562,0.00018440479092382548
2967,0.00018409409363267723
6709,0.00018355243952165247
8331,0.00018348068250934057
2398,0.00018344657584160458
501,0.00018342388542008715
2937,0.00018341535213710117
1101,0.00018301232869637475
9540,0.0001828137163261
9121,0.00018265349157472308
9092,0.00018255530433199782
1593,0.0001824082422607137
3673,0.00018227056485109475
355,0.00018215063620814152
8278,0.00018214283141128175
8965,0.00018197319772624498
2345,0.0001819231472516771
9283,0.0001818435981505884
3641,0.0001817770674006587
2148,0.00018152453455680723
2712,0.00018136813245466004
4181,0.000181287936048833
948,0.0001812820951078448
4292,0.00018127662376361548
4947,0.00018127113598191344
2402,0.00018123274089315716
6408,0.0001811564084750491
764,0.00018079003852169683
4898,0.0001802275532076608
1715,0.00018016386947304955
4242,0.00018001181052063023
4681,0.00017987590641759183
8966,0.00017938644947715314
1985,0.0001793372230619914
6157,0.00017933059239111726
867,0.00017930925044491828
7289,0.00017917592185021642
4301,0.0001791148378150576
2872,0.00017900790711368524
3185,0.00017891472038285373
8754,0.00017886977480519148
4648,0.00017884756277343199
6005,0.00017877961666902024
5220,0.00017866891132934236
2506,0.00017863171285378387
2156,0.00017853985912393843
6596,0.00017833868171521916
59,0.0001782217440758812
2327,0.0001779413464708942
8223,0.00017792509189163265
3764,0.0001776705314048458
8844,0.0001775944266929823
8986,0.00017753149878131367
4924,0.00017747488591116482
1872,0.0001771995951077761
1494,0.00017716448606281839
9268,0.00017685336092213979
2956,0.0001768200151279128
1077,0.00017669840108554475
3664,0.0001763590605903146
3192,0.00017634871601281615
4956,0.00017625212684988946
4236,0.00017616433499909647
6490,0.00017586542041206485
9482,0.00017579490700295877
8648,0.00017574225080604908
4748,0.00017568327208925
4174,0.00017565212512837464
7684,0.0001756372124749673
1581,0.0001755220486950605
3402,0.00017546110840163632
183,0.00017545530912800385
5204,0.00017539846387263665
2964,0.00017538574809085222
4275,0.0001752821158130173
1984,0.00017520626183590028
2890,0.00017506653417751896
2653,0.00017492435121656003
4745,0.0001746171479917416
8360,0.00017458922215445564
6198,0.00017453518401559074
2077,0.00017451756500450646
9325,0.00017428982177072246
5440,0.00017424397424408277
8221,0.0001741725298408001
7498,0.00017408535536501092
4373,0.00017395535465619522
1222,0.00017362334182433934
3340,0.00017354493456269
1415,0.00017334396275940053
1748,0.00017328785477236427
8487,0.0001732718449218807
3473,0.00017321654832888118
5228,0.0001727870879770684
4870,0.00017270603703443851
5110,0.00017264146152848583
3970,0.00017260741629547592
5381,0.0001724146773500491
5317,0.00017238450728906425
2549,0.00017233755080407471
1873,0.00017230204651176183
2214,0.0001722305903160423
5897,0.0001722061114087246
2443,0.0001721834406187481
5812,0.00017196722801221003
6944,0.00017182419150101505
549,0.00017180834714049508
2249,0.00017174837571502297
3845,0.00017167155305161273
2454,0.0001714794486782632
6440,0.00017145010748032414
8582,0.00017143998820736604
1188,0.000171386323047667
979,0.00017132107744916746
5159,0.00017128129301752739
4811,0.00017128117755212512
9313,0.00017124353227330533
1320,0.0001712279656414513
1380,0.0001711675647350099
9314,0.00017103665736984238
3714,0.00017093892922776438
9028,0.0001709254672339674
2236,0.0001709153126404813
5296,0.00017084736937888345
3857,0.00017079495089374874
7489,0.00017077825395627068
9522,0.0001707221617504804
6538,0.000170719488517576
5645,0.00017026237476469805
9412,0.00017023852087682894
1102,0.00017021245962273347
6534,0.00017020940849193534
1814,0.00017013717550279128
2303,0.00017003398278844328
8461,0.00017002773051810876
6592,0.00016930389091968608
700,0.00016928651285288144
1601,0.00016925764566115195
3626,0.00016923550048265895
121,0.00016922144914689676
3580,0.00016921742941411352
9538,0.00016910426421572262
5470,0.0001689719432062206
4877,0.00016891333057216917
2323,0.00016878164312480667
4381,0.00016875844251105197
1675,0.00016863307960823568
3265,0.0001686327458593507
5856,0.00016860469253772743
2505,0.0001683656759661424
5374,0.0001681852117942627
8641,0.00016810959568225873
4621,0.0001680994482101776
6163,0.00016807786561836422
8821,0.00016802846961543893
2218,0.00016797618066818253
2515,0.00016795322119220188
7945,0.00016794787777500226
2032,0.00016749639649440848
8808,0.00016743213009277538
471,0.00016736103661110248
740,0.0001669004042500756
1610,0.00016650062798956563
4897,0.0001664829065430616
970,0.00016641066657553376
2182,0.000166362404024946
6349,0.00016619003369945428
4560,0.00016604730692131056
3766,0.0001658274643482082
6358,0.00016580783249309057
9698,0.00016580256209514598
762,0.00016574530099330346
8835,0.00016571835506202536
3647,0.00016571458611791518
2260,0.00016568393688945867
3444,0.00016565898604568288
9044,0.000165562785812683
3128,0.00016555657984875598
3296,0.00016554031950280216
2502,0.00016552762311520592
6848,0.00016532836992670755
2483,0.00016521737323496396
4278,0.00016502207122206792
3956,0.00016463371582794585
8417,0.00016462515598248542
3733,0.00016460532849442978
988,0.00016455452685012852
3369,0.00016441987965666528
6220,0.00016411513063737816
8293,0.00016392198136156862
978,0.00016387638926622635
9858,0.0001636774852986039
8742,0.00016340414131691327
4904,0.00016336729853914895
3092,0.00016335289899767073
4262,0.00016333206053721709
2710,0.0001633261930129123
4235,0.00016325366335892219
3290,0.00016323030531847641
8980,0.0001632204995278843
3457,0.0001630565429695028
2611,0.00016303509942361101
2423,0.00016302398385895615
6416,0.00016294838410318708
2794,0.00016290517748461438
486,0.00016287120452385803
3325,0.00016284960813615175
428,0.0001627205153933508
962,0.0001626927900679746
4760,0.00016267070767439265
4714,0.00016229168159225668
2220,0.0001622591318750449
3004,0.0001622364291025068
5145,0.0001621868012645042
3083,0.0001621725274924252
9336,0.00016205002537102284
8440,0.0001618931180114456
3058,0.00016166391009576648
3146,0.00016153811229060522
3862,0.00016151328316052892
3490,0.0001611991538529512
215,0.00016114343869853297
3264,0.0001610109963104051
9110,0.00016094576112321175
5667,0.00016070728047968953
5219,0.00016061559069625907
459,0.0001606095180469833
830,0.00016058824755282107
8262,0.00016056647565548937
9738,0.0001605038557143509
3593,0.00016048377785626662
3530,0.00016044721310415686
2140,0.00016043427819266835
1817,0.00016039793288483343
5170,0.00016031347111555857
3416,0.00016030247023227214
5189,0.0001602266427334441
1273,0.00016016335874654297
5320,0.00016005192744349736
3905,0.0001600230941150951
2876,0.0001599682559899831
79,0.0001598335000426993
8297,0.00015978756471973684
971,0.0001596168989462722
9450,0.00015961123189574454
6409,0.00015937452283634138
1434,0.00015933398072162772
3009,0.0001593057857897403
4809,0.00015929712107314647
4449,0.00015915604960534582
505,0.00015911006434958253
198,0.00015895859379930015
1437,0.0001587671409302232
9536,0.00015870030686213318
8032,0.000158638244501556
6166,0.00015856435940152632
4690,0.0001583088702267596
1337,0.00015826818674110856
9354,0.00015794541736501228
3014,0.00015788410406678607
1657,0.00015783308774593703
1921,0.00015779034737979994
346,0.00015769967299387354
667,0.00015748962502150362
5522,0.00015745919329068165
5877,0.00015744949437336157
2225,0.00015744818657728897
2245,0.00015740963385632654
1394,0.0001573256013674776
1523,0.00015717525752538991
1684,0.00015703760950355685
647,0.0001569416432994202
6244,0.00015692856018143208
5658,0.00015686114971088608
842,0.00015683597648313575
599,0.0001568329410960629
7702,0.00015674793932010935
8532,0.0001566695502516803
4389,0.00015664980155812963
4219,0.0001564507610916293
6706,0.0001564253304982393
3015,0.00015632449266614055
5412,0.0001560815007716925
5552,0.0001560535920328521
4320,0.00015585746434642012
4154,0.00015568104791876674
2315,0.00015543278862091184
2264,0.00015512566677681157
6530,0.00015512025963754637
1167,0.0001550865939643709
6533,0.0001550584627574321
254,0.00015494825176231002
124,0.0001548524347251113
5489,0.00015481372776823455
2536,0.00015478038014377546
9668,0.0001546567325583355
2427,0.00015454907423171745
7336,0.0001545001547288924
5273,0.00015448335659440759
4261,0.00015442846351382982
1806,0.0001543518063152903
4241,0.00015421046252086205
6984,0.00015418218868184393
3635,0.0001541726549101261
3226,0.0001539253984675405
4791,0.0001539047348638597
6528,0.0001538982834915185
9730,0.00015375742998856241
3828,0.00015362556688947756
3715,0.000153575204101896
5927,0.00015357272543292268
6448,0.00015342814324623467
4776,0.00015341138375732415
1938,0.00015340056716863117
7444,0.0001533942750452328
5766,0.00015336894022732075
3012,0.00015316524167600552
9798,0.00015290461876102802
5698,0.00015260612596450145
4428,0.00015232107130848334
2301,0.00015229029939361916
4451,0.00015216046081329814
5064,0.0001518039166961497
3176,0.00015162716251893144
9499,0.0001516113576371836
9229,0.00015148850416054155
2331,0.00015140601962336438
5787,0.00015133997531785101
1842,0.00015103416150208425
5587,0.00015091239870716638
5890,0.00015086875584626299
5796,0.0001507605948319065
2699,0.00015067046882461476
1874,0.00015038529394500164
4888,0.00015036331235750657
3400,0.0001502808679378414
1818,0.00015009401733395914
2469,0.00015008009489770376
1402,0.00015005764476583872
3131,0.00015001997193245605
5704,0.00014996339257080564
1574,0.0001497565913665456
8357,0.00014973821159081568
1729,0.00014973613008009194
729,0.000149659450916433
5673,0.0001496139425582221
2095,0.00014950819330754065
1762,0.00014943913303064595
3288,0.0001494186669319019
8649,0.00014927600325074605
4730,0.00014921389608536605
1212,0.00014893139194891664
2628,0.0001489041138790732
6291,0.00014880790121410225
1617,0.0001487019984703016
6729,0.00014830475295154026
3754,0.00014821103776723518
1627,0.00014813896526758756
1238,0.00014797896114085695
6172,0.0001479497344621088
7898,0.0001479425668570086
6344,0.00014792324829471966
4851,0.00014777442302951933
1362,0.00014761726651646944
3531,0.00014738713676699014
2806,0.00014734299335958414
2622,0.00014721775238737207
8904,0.00014717963437588618
8579,0.00014704831885357914
806,0.00014697956982523793
5572,0.00014673352121036124
3094,0.00014662656577958542
4410,0.00014659277492211817
8259,0.00014645721672083633
2843,0.00014615193659866979
930,0.00014577787950652773
8312,0.00014563545319842407
2343,0.00014558836619637565
4712,0.0001455519676936709
4186,0.0001455483407680731
5366,0.00014528124704471176
8853,0.0001452608879704501
4606,0.0001449343555735435
3785,0.0001444266086473343
1721,0.00014414753827967326
2257,0.00014405188512046487
3780,0.00014402294068848048
2227,0.00014392139121085468
8564,0.00014386394957496384
1835,0.00014373168315667288
4366,0.0001437311158372146
1924,0.00014371777907085548
213,0.00014370905191244068
3724,0.00014367435361325673
3881,0.00014356871686806803
6912,0.0001434540923197786
8481,0.00014343666443100638
1505,0.00014334860280869422
1640,0.00014331432546321927
1852,0.00014300665497673967
3973,0.00014283314272893816
1685,0.00014271463786431012
8806,0.0001427135463108479
1187,0.0001426365867012428
4115,0.00014239676150710218
8008,0.00014228599401935397
5694,0.00014224135433984602
6728,0.00014182670643809032
9580,0.00014166896239088922
6048,0.00014159539533450724
6368,0.00014158184459191255
3326,0.00014145579189424467
233,0.0001413598701757049
2346,0.0001413252065190567
1572,0.00014126151092404895
2426,0.0001412097069672381
4759,0.00014120353674048502
3510,0.00014118271375054096
6266,0.00014103916690967684
6992,0.00014100245306076795
4725,0.00014095948237073937
3365,0.00014082250901215437
4670,0.00014078278618728673
638,0.0001407769134573789
6676,0.00014073335606741897
7445,0.0001407324480493733
3508,0.0001406356138781986
9296,0.00014057050613322744
5365,0.00014042664569204538
4165,0.00014034713927091907
3628,0.00014018467305694398
6233,0.0001401076342177465
2366,0.0001400667319592722
1277,0.00013984054803844255
5778,0.00013929301411097733
1475,0.0001392116952679811
5028,0.00013918284182956448
7457,0.00013912844640194078
865,0.00013875876178094993
6548,0.00013875810598079332
1441,0.00013875638660052432
9366,0.0001387391091080393
439,0.00013860131646753062
9448,0.0001385239067736652
219,0.00013835850570516152
2526,0.0001382173481865365
8427,0.00013815435972508523
8267,0.0001380617596401619
5876,0.00013805262571671103
6816,0.0001380179650880194
4399,0.00013799328648966673
618,0.0001379699290913092
1880,0.000137589720878768
5044,0.00013755780855001897
2255,0.0001375161826366678
8081,0.00013740038523205085
1418,0.0001373621289684309
8900,0.00013735443598062987
5261,0.00013716299929368762
3235,0.0001370525576219512
2761,0.0001370201962282126
8298,0.00013697207715830583
3570,0.00013695368309951414
4334,0.0001368601553383032
8892,0.00013674363013757983
9805,0.00013670998704239066
4770,0.00013668068333828635
825,0.00013666539264858718
844,0.00013665562120911565
1306,0.00013651976574151765
6264,0.00013649382710331778
1910,0.00013646888439605958
5187,0.00013621905594934518
4566,0.00013599788244971408
4980,0.0001359767806941898
8269,0.00013582232978681574
2776,0.00013579531611513098
1257,0.00013576554673106527
5346,0.00013573854606705382
7442,0.00013573339731216122
1490,0.00013564453170461358
4415,0.00013555042054532707
1848,0.00013552541050684938
1063,0.00013549873283006487
9697,0.00013549708542934033
8644,0.00013544600200517676
5416,0.0001354348704354718
7171,0.00013541993660225358
6818,0.00013539047394499438
8760,0.00013517106524796755
1731,0.00013504482424092678
3553,0.00013502594849726683
4309,0.00013490761863446066
9262,0.00013490078094454018
2827,0.00013482378197371934
1237,0.00013470909113749715
637,0.00013451496074077027
8631,0.00013440521060786834
2669,0.0001343904711232318
9485,0.00013418488503618808
4916,0.0001340798753310283
4126,0.00013406035071213162
6277,0.00013403301670539586
2701,0.00013391242828506735
2190,0.0001338830684654544
9385,0.00013386645656195505
678,0.00013382317358285914
429,0.0001338116216104493
3604,0.0001337930283918668
2131,0.00013367102545039857
2930,0.0001336463368122272
9936,0.00013362072202069474
4683,0.00013353912220253616
3148,0.00013347366708978332
8329,0.00013343313731529083
6932,0.00013330100623998054
6187,0.00013328139969676894
5076,0.00013307994656848863
2234,0.00013302675755317485
1788,0.00013288253993090887
3589,0.00013286747882738098
3504,0.00013281284651836222
5816,0.00013280823898314964
8610,0.00013279945743276724
7600,0.00013266091574834344
9788,0.00013242630511233432
1701,0.00013241780100469632
5362,0.00013232183726294788
775,0.00013230104801253834
8707,0.00013229337597708916
8981,0.0001322518063207035
2533,0.0001321741842754957
6357,0.00013213584328067266
1881,0.00013205100713925723
5926,0.00013196654635760235
7400,0.000131925742245842
5447,0.00013183718555027566
5542,0.0001315450989545594
617,0.00013152475427052055
5633,0.00013152140039896228
2554,0.00013152105857150401
5777,0.0001314587625257841
4834,0.0001313735791071077
8852,0.00013119227254060266
5163,0.00013108832524101355
2503,0.00013107624682385448
9089,0.000131005382100458
711,0.00013093971478037188
6066,0.00013092303914255199
8369,0.00013091999736511767
2898,0.00013088721946707556
5523,0.00013084527319553213
8909,0.0001308024885254992
8850,0.00013077946436003735
5402,0.00013074721751371785
4367,0.00013064201576559148
1271,0.00013057200095232502
4483,0.00013054202166241469
1846,0.00013053112726034232
9739,0.00013042039858749966
2472,0.0001304035806301658
9393,0.00013038387863966767
7984,0.00013032079690672094
3382,0.00013029368411209672
4216,0.00013028196714014303
8418,0.000130242635304407
944,0.00012994584099965703
654,0.0001299153335507229
3890,0.00012991000058268216
2647,0.00012982498003393786
1385,0.0001298010177787942
9484,0.00012968684861423003
3498,0.00012964551306166825
4890,0.00012958231203790283
7360,0.00012958033922056198
2494,0.0001295503132240153
1825,0.00012948637405674315
3385,0.00012948387595544653
7182,0.00012920806307183642
9640,0.00012908742118283062
2286,0.00012905108285692836
9528,0.00012900652125178718
3351,0.0001289671928918401
7808,0.0001289216837779264
686,0.0001288326564212458
4946,0.00012880348955240833
7216,0.0001288005004408214
6492,0.0001287695475550963
6114,0.00012868294969203438
2739,0.00012849113802579007
5520,0.0001284749162212467
2139,0.00012846395536754974
698,0.0001284329570468362
9778,0.0001283656049281346
1498,0.00012831989822763369
6193,0.00012822729051165061
1828,0.00012810596118572538
4637,0.00012810367942156801
6568,0.00012798751959223868
7812,0.00012798001108859343
6275,0.0001278808041370701
120,0.00012781826157000405
4995,0.00012770314976886447
2619,0.0001276388427911323
6158,0.00012759092860604196
7362,0.0001274541531754297
9880,0.00012743139700794
2171,0.00012725449808155044
3591,0.00012724839058256369
4469,0.00012722373819287
2621,0.00012721161931093328
143,0.00012681084747934184
838,0.00012666985609856166
9479,0.0001266101081040114
4004,0.00012655645227086892
2954,0.00012651761451087072
1587,0.00012648890695881175
227,0.00012647270961316072
6708,0.00012636829062067368
8333,0.00012634849980053096
1555,0.0001262609983378719
7074,0.00012624616650332818
685,0.00012619075013051463
9558,0.00012616887675964082
2837,0.00012615665149469878
8064,0.0001261491628833294
9840,0.0001260949903988232
2191,0.0001260670731916045
6484,0.00012605403356793493
2670,0.00012603507042126437
6697,0.00012594661831793748
4716,0.00012591012036149545
6256,0.00012577260114657549
411,0.00012564453045684772
9539,0.00012563526335601074
1621,0.0001256223773752347
1194,0.0001253950942069841
3573,0.00012524219961891674
5284,0.00012520397443533106
1078,0.00012518771127076453
1830,0.0001250823599519873
1606,0.00012500086586291815
1382,0.00012497613243702863
2733,0.0001249415680092042
2018,0.00012485583395837157
7265,0.0001248365008710637
2869,0.00012474939942597977
1618,0.00012468141289284076
7256,0.00012459991292643142
4201,0.0001244792516597804
3672,0.00012446151442963105
2974,0.00012439399734139072
2835,0.0001243024579224343
6189,0.00012428789406691124
508,0.00012420743345586195
6576,0.00012402135680412987
3977,0.00012399265102288798
3459,0.00012393804007506716
362,0.0001238507912630056
6246,0.0001238456352790423
2000,0.00012383749141595392
6505,0.0001237462275846024
4080,0.00012372249276765523
7250,0.0001237148982160105
5490,0.00012358535723150306
349,0.0001235565299961148
7008,0.00012353148351883206
6786,0.00012350584591331264
9153,0.0001234853942967723
335,0.0001234565170009799
4411,0.00012317325635130726
3684,0.00012315033608102218
5157,0.00012311267246235602
6787,0.000122871922315307
1813,0.00012274820074121355
4445,0.0001226837213733926
7198,0.0001226791136474782
3656,0.00012253504970290027
1403,0.00012253140775236968
1310,0.0001225064852244274
9904,0.00012244815048022606
7428,0.00012222633089801834
3969,0.00012217027499115922
3125,0.0001221650382120127
7196,0.00012203166463702425
5642,0.00012200228458559238
9772,0.0001219548140141764
4243,0.00012163750553025359
2107,0.0001216278195543013
5506,0.00012150871514799641
7343,0.00012142468935373102
8632,0.0001214219780264111
835,0.00012139413030568597
9533,0.00012121659169778636
2953,0.00012112630477930775
3172,0.0001210298128266685
2855,0.00012089779995854396
3730,0.00012087442780048821
4269,0.00012068879274590022
8941,0.00012063235751512493
5922,0.00012061478774324388
3629,0.00012049914381422606
3322,0.00012041389419993847
9610,0.00012038249126857374
6466,0.00012005161038294337
6353,0.00012001243242214607
1703,0.00011998682196722651
8474,0.00011991510371513462
1177,0.0001198544156104119
4645,0.0001197019517203719
1591,0.0001196767345028819
5233,0.00011967114148117983
1260,0.00011963054633805229
2235,0.00011959736754930748
933,0.0001195511705578362
5007,0.00011952466467071108
8495,0.00011945912380624654
4750,0.00011939693280017302
1960,0.00011936911204449142
5251,0.0001190623400993509
5417,0.00011903707593474369
7202,0.00011903397703265985
4659,0.00011902940708815804
7427,0.00011894578915665923
6297,0.00011889190451726305
3720,0.00011888907625640411
1487,0.00011882229384888669
3658,0.00011877972869459632
707,0.00011877201763909328
4574,0.00011870933478627562
4088,0.00011868232925661533
4838,0.0001186114553731807
974,0.00011861005102512563
7700,0.00011857788160032708
2807,0.00011848828784235842
4930,0.00011841578580040196
6320,0.0001180869173234266
6312,0.00011797167685665038
5686,0.00011796340310138754
8546,0.00011792233588173238
627,0.0001178624011316904
5198,0.00011785536369456762
697,0.00011784865039592394
206,0.00011781694909221123
4862,0.00011780658639008242
9494,0.00011778455844967115
5676,0.00011753448239383358
366,0.00011753143597431886
7544,0.00011751177793946356
4693,0.0001174739641396156
7956,0.00011739572779581746
8672,0.00011724947684548174
7376,0.00011719929487515225
2629,0.00011718887244804553
8372,0.00011713024310575486
8590,0.00011669521491346293
413,0.00011667749700062046
4614,0.00011666519691497766
8542,0.00011665272405803118
6072,0.0001165866255981551
854,0.00011657543235807611
5241,0.0001165725778909208
3381,0.00011651953648863755
9416,0.00011651302469574382
1069,0.00011648432964620296
6770,0.000116389394376077
2396,0.00011638422612423497
2199,0.00011636962791666583
5398,0.00011622560226641535
5426,0.00011619343330411319
1183,0.00011618797165501525
8979,0.0001161187329473243
620,0.00011611862137627452
2281,0.0001160939925269247
1340,0.00011601849193139544
1940,0.0001159224602755516
8439,0.00011591092017329789
2409,0.00011586688467307817
7817,0.00011581745794634315
4677,0.0001157474681933017
4742,0.00011573839157095479
119,0.0001156601302002741
4471,0.00011565908240467267
5452,0.00011558344952942303
3569,0.00011555914857223406
3723,0.00011548965500147365
2839,0.0001154794746290434
4754,0.00011546753627870646
9624,0.00011542781662737887
4675,0.00011540890900299321
1419,0.00011539752259814317
6980,0.00011526190684870521
2867,0.00011523756972213398
9297,0.00011520136405963503
917,0.00011517139743808873
3638,0.0001151488067898739
7465,0.00011511383917833512
189,0.00011504623555442276
5002,0.00011499074220429909
1525,0.00011492662417419802
8501,0.00011491596721418105
6948,0.00011490951611676178
2982,0.00011486970715770974
1223,0.0001148683231516853
2170,0.00011485501948845315
6727,0.00011484417842114544
9817,0.00011479217205887608
2895,0.00011462548175424066
2203,0.0001145791500503696
8239,0.00011453460355810917
2222,0.00011448343187380138
2728,0.000114452218250363
2510,0.00011444366248891242
7586,0.0001144295811632193
317,0.00011439458600354968
4582,0.0001143725040764968
464,0.00011434801291476807
4247,0.00011433805972641094
4756,0.00011432867593196751
2333,0.00011427180085804926
6978,0.00011426101163056005
6724,0.0001142133934820247
4731,0.0001141810576569794
958,0.00011414613295772018
4299,0.00011409817583594271
4842,0.00011407944843442362
4153,0.00011405237852781247
5746,0.00011404096080159954
5178,0.0001139588412001785
5316,0.0001139335310704216
9633,0.0001138222592790963
9594,0.00011375517417547078
3175,0.0001136262696187261
2854,0.00011358316961646173
7347,0.00011354957875439805
3342,0.00011354231479761902
8997,0.00011348343328756838
1087,0.0001132984435677706
4761,0.00011327967191165305
5332,0.0001132700622859614
9328,0.00011324477057375644
6241,0.00011313827465612093
5180,0.0001131063655989227
4274,0.0001130667109194248
3388,0.00011305433455136203
1622,0.00011303601596117191
5436,0.00011302647881218516
8424,0.0001129925814221905
1658,0.00011289722778671634
2022,0.00011289366352716718
9294,0.00011287763962256902
6247,0.00011283052719603034
3958,0.0001127209826055652
3141,0.0001126861673754328
6307,0.00011257180937218806
3778,0.00011251488819182341
4041,0.00011248675286206871
1476,0.0001123601533780765
6337,0.00011231644222630665
3194,0.00011226533692595871
3875,0.0001122208506340478
5774,0.0001122208506340478
4907,0.0001122208506340478
4893,0.0001122208506340478
6434,0.0001122208506340478
9509,0.0001122208506340478
730,0.0001122208506340478
2591,0.0001122208506340478
6042,0.0001122208506340478
4751,0.0001122208506340478
6131,0.0001122208506340478
6467,0.0001122208506340478
8508,0.0001122208506340478
8881,0.0001122208506340478
8925,0.0001122208506340478
8922,0.0001122208506340478
1742,0.0001122208506340478
8920,0.0001122208506340478
4559,0.0001122208506340478
6456,0.0001122208506340478
4533,0.0001122208506340478
7476,0.0001122208506340478
1343,0.0001122208506340478
5050,0.0001122208506340478
9156,0.0001122208506340478
5565,0.0001122208506340478
7664,0.0001122208506340478
6896,0.0001122208506340478
6861,0.0001122208506340478
5431,0.0001122208506340478
8414,0.0001122208506340478
1468,0.0001122208506340478
8162,0.0001122208506340478
9759,0.0001122208506340478
6300,0.0001122208506340478
4855,0.0001122208506340478
2479,0.0001122208506340478
7057,0.0001122208506340478
9380,0.0001122208506340478
4446,0.0001122208506340478
7088,0.0001122208506340478
5181,0.0001122208506340478
2539,0.0001122208506340478
6603,0.0001122208506340478
7138,0.0001122208506340478
7877,0.0001122208506340478
7992,0.0001122208506340478
1851,0.0001122208506340478
8017,0.0001122208506340478
5988,0.0001122208506340478
4036,0.0001122208506340478
8653,0.0001122208506340478
7973,0.0001122208506340478
9933,0.0001122208506340478
5674,0.0001122208506340478
2934,0.00011211666685699502
1460,0.00011201831852804408
8522,0.000111965471162109
2585,0.00011185096866103193
1482,0.00011173370669734388
5262,0.0001116415969930063
5521,0.00011131764312646631
5269,0.00011125593824103846
8913,0.00011121056117683421
1378,0.00011117181163842541
9552,0.0001111659588944622
5538,0.0001109740609320886
2870,0.00011088818800271535
8299,0.00011081260677068832
1784,0.00011079364269723812
2465,0.0001107838273402537
2714,0.00011074724600636968
6796,0.00011072841094756894
9078,0.00011070876505568671
8410,0.00011070461052847636
1698,0.00011050244825875648
9415,0.0001104020438333375
8856,0.00011028110948118345
473,0.00011021905678329387
311,0.00011020375798529876
9282,0.00011017417184563193
3412,0.00011015968779856066
6414,0.00011012913444690287
6725,0.00010977062549828427
845,0.00010972099797062652
4250,0.00010957145546023284
3299,0.00010944676897891509
461,0.00010941263332136667
601,0.0001093215283422709
5762,0.00010924494754908765
271,0.00010915158786243593
1488,0.00010905142765952609
123,0.00010902669496369856
1253,0.00010874355407571083
6700,0.00010864594224421706
1896,0.00010854538665433242
1413,0.0001084685103717632
2737,0.00010844658744515918
4454,0.00010831326179164941
2063,0.0001081585913381941
5297,0.00010806792274302841
1347,0.00010801470633133877
542,0.0001079317572424503
1227,0.00010768629325891545
6754,0.00010766241953344905
2981,0.0001076336240472939
8242,0.00010744718827521686
4508,0.00010734482201975922
8364,0.0001072279984055481
8840,0.00010720778046718953
5548,0.00010719697784674888
5281,0.00010708412494206755
7072,0.00010699607773597964
4474,0.00010664217977544113
3117,0.0001066230394688901
5733,0.0001066121724716695
1275,0.00010651759064831671
9797,0.00010640577751024296
9748,0.00010638202399989647
4797,0.00010634274242926208
4285,0.00010595790278753105
5210,0.00010593659412766507
4778,0.00010585759295095877
2233,0.00010581874895853046
1639,0.000105781780810444
3173,0.00010564999970592853
1009,0.00010547779772566706
7258,0.00010530364816653615
9549,0.00010525284545256138
4969,0.000105243355567563
2650,0.00010512320743200638
502,0.00010499976109808645
3522,0.00010495272977354287
6049,0.0001049523585874995
3853,0.00010462797127279329
759,0.00010450067121923818
4741,0.00010444217788741517
2226,0.00010414405069468162
4467,0.00010413393104313621
6785,0.00010413247103905918
8938,0.0001040788509770395
4713,0.00010400663056415057
5571,0.00010398570828563963
956,0.00010393319792033112
359,0.00010376268230874877
4363,0.00010362328951298115
2381,0.00010361106127707777
6185,0.00010351733741773082
2851,0.00010343089626920648
5026,0.00010338535483202906
8717,0.00010315365634423004
4476,0.0001031150488453797
2673,0.0001029818409589208
421,0.00010283642020714328
423,0.00010280538237918138
5660,0.00010278724476840034
763,0.00010276982060148817
791,0.00010251281099890563
5218,0.00010250012486967563
341,0.00010248905003200179
2606,0.00010245811509924104
9244,0.00010245265953048285
3892,0.00010239833960854386
4540,0.0001023540136915964
3700,0.00010234473333553604
1717,0.00010232626721512246
1484,0.000102310210877708
2957,0.00010230536932834817
1326,0.0001020479237630625
2940,0.00010194817950753107
1205,0.00010186455330153066
1295,0.00010164522520316636
3273,0.00010156399266220001
8390,0.00010153090292936272
4450,0.00010139990894203986
2470,0.00010129220108115264
7329,0.00010128793732872306
9012,0.00010128617809352061
9666,0.00010119498812149358
4306,0.00010119298896397305
9608,0.0001011116647084026
3437,0.00010110526118954809
8874,0.00010105026738830169
2931,0.00010098795387763816
9825,0.00010093805590684281
9634,0.00010092788802309267
8367,0.00010074596200496124
9347,0.00010073082532578603
843,0.00010055993780075912
2601,0.00010051379181489462
590,0.0001004428782032051
8442,0.0001004355125224775
1986,0.00010031757543201383
8514,0.0001002773490056184
4933,0.00010020498332183646
9801,0.00010019057424628547
3006,0.00010013187440045258
237,0.00010012265562372447
1737,0.00010010247480143384
8757,0.00010002703014213455
5702,9.999600754485287e-05
1724,9.98100215368427e-05
4997,9.97819813286313e-05
2216,9.975407473229471e-05
1234,9.94797652122364e-05
1642,9.944858769730198e-05
6001,9.943137410487732e-05
3469,9.91044761868705e-05
5908,9.903768467620742e-05
4526,9.899371852154645e-05
1667,9.894917372076209e-05
9609,9.88103498707089e-05
1208,9.875481623600668e-05
1897,9.866766223697204e-05
3577,9.862837748443564e-05
2408,9.854186839665091e-05
7016,9.841616580056237e-05
190,9.83922076821057e-05
4837,9.82950409724188e-05
3602,9.827133903538792e-05
7746,9.821451015272503e-05
1135,9.815913361760176e-05
1011,9.800411528415515e-05
7200,9.792591599646335e-05
1133,9.787176671493497e-05
2762,9.770550738667131e-05
3462,9.732415192408353e-05
2137,9.711373449355576e-05
6197,9.705313643307458e-05
5735,9.694018504941387e-05
2774,9.692069899996934e-05
9033,9.689165775839509e-05
3147,9.6643773555813e-05
4935,9.659590596612888e-05
2126,9.659286718334556e-05
1301,9.657974563689448e-05
1850,9.655393892670428e-05
4691,9.65308237439136e-05
8537,9.636650981870112e-05
9410,9.627975454226304e-05
8996,9.604636447898917e-05
7192,9.596957054195515e-05
814,9.594194499198878e-05
5544,9.588137745900309e-05
8000,9.587884435253279e-05
3103,9.575855664774401e-05
4554,9.558608081818666e-05
488,9.557205023324543e-05
503,9.554954791882651e-05
621,9.554033039758476e-05
6232,9.551651766185763e-05
6361,9.544948447141672e-05
8539,9.541286254564731e-05
8358,9.516171400194465e-05
2590,9.514999099704933e-05
1749,9.502725703548319e-05
8645,9.49430053901585e-05
4561,9.484010847047369e-05
7300,9.481512435621781e-05
4729,9.468129201119257e-05
1202,9.455592148799842e-05
3761,9.439872561380586e-05
6020,9.426535659224031e-05
7433,9.419837032155182e-05
4258,9.413360631228082e-05
2298,9.395310575612066e-05
9614,9.37471677534175e-05
8560,9.370567629888785e-05
4715,9.368449746287659e-05
3865,9.361882395408444e-05
4656,9.35889165933592e-05
8786,9.34557438281187e-05
5213,9.342390072910349e-05
2903,9.341141686560912e-05
105,9.340016755766766e-05
5060,9.338669009400796e-05
5665,9.322771924275197e-05
2451,9.312071610842882e-05
9604,9.306659592190772e-05
1929,9.306528076593336e-05
3971,9.304538227073868e-05
543,9.30365247193064e-05
2268,9.29218567571178e-05
1700,9.282462837995426e-05
6341,9.281219141323074e-05
6196,9.27378346355098e-05
155,9.261869085081693e-05
7049,9.253452659517897e-05
1803,9.247128570880993e-05
2410,9.237848711083897e-05
5386,9.224244173232494e-05
8790,9.22237873481897e-05
696,9.222063546740036e-05
5553,9.214486288272101e-05
343,9.20956067066995e-05
5012,9.208599270592629e-05
993,9.206941947130458e-05
4541,9.203873952124184e-05
2892,9.202977281677997e-05
9428,9.197100847909684e-05
3505,9.196114531000998e-05
8726,9.195154767339261e-05
6465,9.190047312985344e-05
9365,9.185869495818465e-05
4873,9.181480486507533e-05
490,9.174289084894361e-05
4316,9.166043755430407e-05
1819,9.165027409632922e-05
4458,9.158765545081812e-05
1210,9.132222264734205e-05
9160,9.130209791639473e-05
6452,9.119491384273955e-05
6435,9.117578344856462e-05
2679,9.105080402361668e-05
117,9.100195432194953e-05
1815,9.09832673955439e-05
3837,9.096879662028214e-05
1363,9.091704312248187e-05
3812,9.082510171703319e-05
4755,9.080149051138803e-05
9541,9.050197123506067e-05
360,9.04579879378712e-05
8572,9.043567994108203e-05
758,9.029313689252655e-05
9569,9.028350567451302e-05
5588,9.010358158560884e-05
1110,8.995218175518054e-05
9696,8.992190982236227e-05
1215,8.991755122612265e-05
4651,8.987555720582471e-05
2462,8.986794767680244e-05
2164,8.98433562673166e-05
5327,8.978653190741869e-05
89,8.976812939943607e-05
1148,8.974126669279017e-05
4493,8.97380061009464e-05
9877,8.973142599586216e-05
3834,8.970151276075871e-05
2829,8.950762780467559e-05
3241,8.944468155931168e-05
6236,8.934242346155068e-05
6000,8.921341240960056e-05
8391,8.920161211132498e-05
4966,8.909932355389662e-05
3411,8.897003255496751e-05
3361,8.896422183655933e-05
9367,8.894121955852903e-05
3552,8.886737006482107e-05
8769,8.876367559551833e-05
8899,8.869566099293723e-05
5864,8.828180323590923e-05
8589,8.807459073163323e-05
8435,8.803768563241553e-05
2108,8.792278887627683e-05
746,8.787800696016357e-05
8490,8.783844392922558e-05
4895,8.779055736840051e-05
661,8.778324317678997e-05
2219,8.776525032782147e-05
8534,8.736514901180162e-05
4775,8.72450399075651e-05
5013,8.720544059508964e-05
9154,8.718020192761279e-05
2514,8.711394176153394e-05
9001,8.707048427397231e-05
2883,8.700604785870247e-05
8775,8.694958867096397e-05
217,8.688692532225757e-05
7584,8.68604405756447e-05
3042,8.67699433616328e-05
4421,8.671541764550901e-05
2005,8.671449261222195e-05
1603,8.655561046927191e-05
738,8.647716214500586e-05
9272,8.642421354752386e-05
8291,8.64134597171959e-05
5194,8.641068127713828e-05
9859,8.63988967352058e-05
6068,8.631986236523177e-05
8530,8.62842228925846e-05
3721,8.625381434675553e-05
6356,8.603857905588738e-05
2916,8.58860996861214e-05
5282,8.579870564457948e-05
4627,8.570276834506747e-05
9962,8.565736394469418e-05
4197,8.558928042181077e-05
5265,8.553015285255848e-05
9545,8.550073519024141e-05
9550,8.544226456827216e-05
607,8.525803679360941e-05
2447,8.523838037552312e-05
5675,8.509654323734897e-05
3445,8.503279046966113e-05
3223,8.495288485998941e-05
1204,8.491192415236565e-05
8908,8.48872159755062e-05
9922,8.456288262180192e-05
1898,8.455738356967928e-05
9170,8.455091436190968e-05
371,8.449215504470229e-05
5195,8.445927006509381e-05
8978,8.445918755075452e-05
1247,8.402519301899461e-05
8646,8.396955734373572e-05
4255,8.391744634428276e-05
5090,8.387936621001374e-05
6225,8.387229577545636e-05
6808,8.381612212643712e-05
236,8.3737479871348e-05
5015,8.368194693009547e-05
5828,8.365950979517148e-05
3163,8.364318760758874e-05
1679,8.360349216171932e-05
8741,8.330270117578158e-05
2441,8.329260536469003e-05
9651,8.327413141836141e-05
8455,8.316749338529934e-05
6170,8.308026072537105e-05
4064,8.306022453026296e-05
5540,8.301155494953433e-05
3371,8.299924082263341e-05
8916,8.299239409101699e-05
5177,8.297378455404199e-05
4828,8.293114162792999e-05
7136,8.286056519543389e-05
5093,8.281662858240309e-05
4817,8.281163464263746e-05
1107,8.272397803422376e-05
8723,8.265073390169018e-05
4157,8.26232960806976e-05
1656,8.260582739510714e-05
555,8.258228437019646e-05
2407,8.25566248946907e-05
3109,8.240587635725012e-05
4444,8.237748807801458e-05
6310,8.22422417225088e-05
8592,8.222120157257211e-05
1130,8.207654668924179e-05
8718,8.190058738609929e-05
3289,8.186130174816619e-05
7500,8.183299980760881e-05
6168,8.178572941090231e-05
6306,8.16591270776617e-05
151,8.16287637979996e-05
1531,8.15969613806215e-05
6281,8.159636355459295e-05
2841,8.156396642813989e-05
922,8.155325952967447e-05
3219,8.154532670517456e-05
4585,8.137609679512204e-05
5798,8.136559436289735e-05
3036,8.126474107800582e-05
1252,8.125185516037295e-05
1384,8.115892596057347e-05
159,8.109197114661746e-05
9464,8.090475967617007e-05
2280,8.08448903511048e-05
2681,8.080059747002601e-05
3323,8.075386813190102e-05
849,8.074632735594777e-05
3026,8.066526268202045e-05
4159,8.065672693216023e-05
319,8.063809398203579e-05
5437,8.053627184911562e-05
5005,8.050853712527492e-05
1891,8.048394742583053e-05
4501,8.043233072411603e-05
1697,8.031701607404376e-05
7178,8.031608333550021e-05
3339,8.029669034405848e-05
6004,8.023480389419552e-05
3049,8.022754634948924e-05
7237,8.018462702307004e-05
4615,8.007408547435308e-05
6444,7.99987441877636e-05
4597,7.994005117465494e-05
4419,7.987669561314553e-05
2952,7.985836257964211e-05
4441,7.979776719614301e-05
1690,7.979160366184724e-05
6322,7.977665649694953e-05
1786,7.9758440454082e-05
1163,7.968237384104295e-05
1209,7.96673862599131e-05
126,7.961686944540358e-05
3488,7.947221605755007e-05
9777,7.942411037549506e-05
1761,7.94236812025788e-05
87,7.941224055527654e-05
1351,7.939441023047025e-05
3893,7.930882084503106e-05
4852,7.927341616904864e-05
3622,7.91163621413296e-05
1917,7.911607714482237e-05
7316,7.907917016076232e-05
9953,7.905359653167924e-05
2977,7.904109206149358e-05
828,7.900155041158542e-05
2789,7.895186203378757e-05
3250,7.894923853380877e-05
5554,7.882191913861154e-05
2966,7.877200857838961e-05
468,7.865169094378713e-05
2151,7.858393313928675e-05
4395,7.84735234528687e-05
1147,7.839899373731869e-05
5107,7.833402627154649e-05
5303,7.833371796523502e-05
5582,7.831517920316942e-05
6715,7.827108752681633e-05
3868,7.826525146224599e-05
4549,7.814627903234274e-05
9993,7.813373717014222e-05
8779,7.810672552895645e-05
8308,7.806520411995735e-05
4253,7.79704370393704e-05
2045,7.79320350617363e-05
1233,7.780539576111422e-05
631,7.779138119607949e-05
3295,7.774749400454636e-05
3203,7.774268942362447e-05
2599,7.772238725369943e-05
3509,7.767411836564515e-05
4908,7.75930347816568e-05
5681,7.73198125251434e-05
9255,7.721928000808744e-05
5651,7.717371723432697e-05
691,7.71382840435125e-05
2675,7.706913940136585e-05
1430,7.701771021666282e-05
6849,7.701423149055047e-05
699,7.697000267952228e-05
8394,7.695723014259846e-05
1478,7.694474124819012e-05
8436,7.676195438273704e-05
1398,7.670089891924033e-05
9384,7.663547259945954e-05
2644,7.659285310531147e-05
7201,7.657989509659405e-05
4139,7.656266588923511e-05
3551,7.653740086440119e-05
873,7.649476275134867e-05
8476,7.644159103057096e-05
2909,7.642894547824521e-05
8238,7.634476485139938e-05
9274,7.632230991276894e-05
4437,7.628153574773464e-05
7298,7.626056709100334e-05
3606,7.625056903690688e-05
9713,7.62481527772574e-05
5267,7.608474567736637e-05
3928,7.607503371807555e-05
253,7.599711837594591e-05
2001,7.593909402589337e-05
5516,7.588352580814077e-05
3395,7.58491478659401e-05
9257,7.582606553453785e-05
8485,7.573170843849688e-05
1693,7.564422702794868e-05
1676,7.563023793781902e-05
3132,7.555348401346158e-05
2138,7.551336509907157e-05
383,7.548568210136358e-05
924,7.54681201275593e-05
4785,7.54581592984021e-05
2394,7.541570436362554e-05
9796,7.539383516843667e-05
6736,7.538784417198147e-05
7203,7.529667201551257e-05
2141,7.528222686867965e-05
6961,7.514868693916939e-05
7560,7.512204113627163e-05
2727,7.503930833893283e-05
9605,7.503109412704613e-05
2784,7.49899523380333e-05
6618,7.495308104189422e-05
218,7.493179324819255e-05
1623,7.491227042113604e-05
950,7.489004104476646e-05
7939,7.488751645723142e-05
1596,7.483966970107086e-05
3452,7.475540259867568e-05
2958,7.473100710274195e-05
3618,7.46825725379699e-05
2695,7.450492906722017e-05
3960,7.449113959730708e-05
1862,7.445165432233448e-05
3252,7.438744002330855e-05
2911,7.438615951170594e-05
9617,7.437726983458367e-05
3704,7.428430327510495e-05
381,7.423728789966608e-05
7452,7.419537434436202e-05
1143,7.415422484566897e-05
3222,7.41233138978497e-05
5717,7.411506831393423e-05
5784,7.409299938501929e-05
3668,7.401497872647912e-05
4427,7.400852707444255e-05
5139,7.397488878423772e-05
3151,7.387848946144228e-05
2555,7.376639484243988e-05
3731,7.37406842879109e-05
4915,7.371769717600684e-05
1302,7.367358638930882e-05
287,7.367003762449504e-05
8682,7.365575482082866e-05
5984,7.364137302636718e-05
4537,7.32623901123501e-05
2683,7.310851770444995e-05
9116,7.309741714983955e-05
2133,7.305512623402131e-05
6100,7.301473984259127e-05
9828,7.286407016428166e-05
2099,7.27875345829292e-05
3179,7.274658292703361e-05
7239,7.260876429579074e-05
1687,7.25683621958902e-05
1970,7.244810776817966e-05
9986,7.244146522346261e-05
9353,7.24041652446292e-05
5196,7.237204287049149e-05
5268,7.234742603678206e-05
6183,7.229958992588437e-05
9784,7.222683507363212e-05
5270,7.213904205866515e-05
7175,7.20382351500355e-05
5046,7.202303433211701e-05
1945,7.202261253351208e-05
9120,7.198554497379222e-05
1445,7.17431020507474e-05
8309,7.169777321766413e-05
2996,7.168617637054639e-05
3732,7.165162175926229e-05
8365,7.162607084382767e-05
2259,7.154616353417727e-05
5526,7.153243932108528e-05
2769,7.14886847957584e-05
5711,7.147434976986596e-05
6475,7.147262035667045e-05
8773,7.14581772158119e-05
6668,7.134615260302743e-05
8422,7.132990938668525e-05
6346,7.121085668119893e-05
8263,7.114678696949174e-05
4017,7.114139308170644e-05
3399,7.113753879650873e-05
7728,7.1084766906583e-05
6016,7.107479274113099e-05
1660,7.101559636036835e-05
4081,7.0872040421137e-05
3024,7.083758175409542e-05
3065,7.083753584843274e-05
4034,7.078034461843373e-05
5388,7.074104818122853e-05
4801,7.042699867171894e-05
3836,7.035129494192209e-05
4867,7.035016661123162e-05
6179,7.034219150964141e-05
3728,7.031327192041864e-05
6692,6.998509509547098e-05
5541,6.994970936994767e-05
663,6.98929715323243e-05
7212,6.978470138608023e-05
3988,6.977402534585196e-05
9812,6.97454118444685e-05
6130,6.967437699738865e-05
915,6.961205864713677e-05
3018,6.958567554886303e-05
3620,6.956595531644826e-05
477,6.950787875344727e-05
6760,6.946926418892023e-05
2707,6.942543231698226e-05
8483,6.94004075138451e-05
1827,6.934976357098104e-05
1990,6.922982039385261e-05
6946,6.921457313705502e-05
1957,6.914742409266683e-05
8426,6.90988849224e-05
4952,6.908015898865384e-05
1741,6.903239164804968e-05
5048,6.897894581946798e-05
7306,6.894741367491452e-05
6065,6.885456688258283e-05
857,6.874894913557131e-05
2671,6.8716260529728e-05
1829,6.869963868658565e-05
6594,6.863524077277912e-05
3729,6.861085953219983e-05
7451,6.855975068694326e-05
5259,6.852249277955604e-05
3521,6.838243374376718e-05
9700,6.834589740326536e-05
4869,6.82789006391227e-05
8851,6.826287297694108e-05
5171,6.824652097738518e-05
6681,6.822767031612689e-05
837,6.791551012936748e-05
4495,6.784766688281319e-05
6550,6.78303923632432e-05
5687,6.780742621793503e-05
1401,6.779584675744535e-05
1614,6.774206784758544e-05
7394,6.771004275221579e-05
2938,6.76284903205788e-05
2205,6.758685753978361e-05
2885,6.753274534331788e-05
2094,6.748337182096001e-05
5528,6.74493272091483e-05
9874,6.73827577158133e-05
7434,6.735967109138257e-05
4694,6.724525831849975e-05
4111,6.709433316590344e-05
7706,6.689371356379216e-05
3804,6.677558356553602e-05
8872,6.67183318248719e-05
9869,6.668671206692023e-05
4016,6.66776134350884e-05
8519,6.665558172499301e-05
1756,6.664397087384908e-05
5396,6.660795508075597e-05
4375,6.652347533941712e-05
5298,6.646236539398554e-05
9056,6.642608238097719e-05
2516,6.633000131728519e-05
8921,6.62854345958243e-05
5788,6.624906386530758e-05
430,6.621806725104351e-05
1395,6.619640706211111e-05
3061,6.616876169863158e-05
1303,6.616334651068338e-05
9137,6.61570835218798e-05
2471,6.614676075107346e-05
9029,6.607922359439738e-05
4636,6.589979478660803e-05
846,6.58765435026478e-05
493,6.585919696324612e-05
3465,6.58163996547024e-05
8370,6.581003356438128e-05
1017,6.577827322028523e-05
2633,6.574900307527567e-05
7186,6.571162997650611e-05
1425,6.563101718133259e-05
2684,6.56065962960957e-05
7314,6.556719907157443e-05
4595,6.531744660389755e-05
5441,6.517260271886336e-05
8282,6.507766260494044e-05
3422,6.50164153484078e-05
1178,6.495944672924684e-05
6438,6.491863326265269e-05
4220,6.489387834040185e-05
905,6.483008821299199e-05
2968,6.478984193493414e-05
6865,6.472280054408917e-05
8860,6.471712557406837e-05
9002,6.465605581704359e-05
4832,6.465254087472643e-05
9300,6.458165952804094e-05
3484,6.456371165220572e-05
4284,6.455707471022409e-05
6624,6.453972399717882e-05
3237,6.453550942742185e-05
7299,6.451430625401004e-05
6578,6.450457553666045e-05
3972,6.448401161399499e-05
5255,6.447377809567019e-05
6056,6.446726229290132e-05
9445,6.444718448683866e-05
3854,6.441299856412636e-05
8496,6.439565915919192e-05
1070,6.43576868047663e-05
6695,6.432846424822653e-05
7140,6.42364626612213e-05
4214,6.417048559078396e-05
9273,6.414869653642841e-05
8599,6.412061943469358e-05
1447,6.409717832703603e-05
5846,6.408347673154041e-05
4374,6.405451008379299e-05
2972,6.390797409750888e-05
2036,6.389904307505706e-05
9411,6.387244789612114e-05
662,6.385871792290543e-05
1586,6.378924973286478e-05
7370,6.378595790928084e-05
903,6.368423343000929e-05
6960,6.35807390401924e-05
1083,6.356013334446394e-05
6882,6.353940317483112e-05
4141,6.342232277304433e-05
5878,6.337943342054248e-05
1309,6.331163003429786e-05
4658,6.330334218194356e-05
3258,6.32278185314785e-05
4580,6.312882691390516e-05
8970,6.310514063251147e-05
3189,6.308728262607027e-05
1594,6.308417940818069e-05
6985,6.299082304402751e-05
9094,6.297604891311844e-05
9251,6.291256607225354e-05
222,6.280751969684491e-05
3796,6.27880859283275e-05
8304,6.274074445216753e-05
5726,6.26420263613923e-05
5517,6.263820538677246e-05
8362,6.25426533238376e-05
3889,6.249707559575417e-05
5928,6.24654032721065e-05
7696,6.241402502889943e-05
5600,6.237940075732498e-05
5815,6.223338536464072e-05
9870,6.221866995235156e-05
5750,6.221001531330956e-05
4179,6.2175477842496e-05
3657,6.213541682078927e-05
2772,6.210239028513496e-05
2889,6.209102455738428e-05
3188,6.207224682913935e-05
2950,6.204682649048905e-05
807,6.199849277383573e-05
2157,6.19411092780716e-05
5205,6.193795024530002e-05
9774,6.190349495175845e-05
3925,6.187989051474615e-05
9826,6.177978748625937e-05
2252,6.177045075443862e-05
8660,6.174667211394008e-05
6032,6.170516261144133e-05
2749,6.161392670502344e-05
645,6.154144524955211e-05
969,6.122274824636041e-05
6933,6.121227341247762e-05
4315,6.114525732655436e-05
1987,6.106424669507462e-05
3218,6.105358271048434e-05
6916,6.09734446620271e-05
4210,6.094059915242578e-05
2206,6.093312416698472e-05
1892,6.090148068486991e-05
1355,6.089592552517934e-05
4749,6.089284896856732e-05
8463,6.084537439253028e-05
8841,6.084107945002447e-05
2033,6.0715496837236036e-05
9875,6.0681689532585344e-05
9442,6.065815635133489e-05
9510,6.0633412362281935e-05
8478,6.0611537167392964e-05
954,6.05623109981413e-05
467,6.0529242859374744e-05
6221,6.041989401835016e-05
4246,6.0404187198418916e-05
2755,6.0392069613249844e-05
4787,6.031871917854027e-05
9379,6.0253888512467045e-05
4807,6.01782617913257e-05
1699,6.017025176499832e-05
9291,6.015334200392484e-05
5586,6.0131351730273966e-05
6436,6.004732330949079e-05
9566,5.999461382624804e-05
2662,5.986077684844574e-05
651,5.9791767945209353e-05
3574,5.9752487223594484e-05
8977,5.9671804364805914e-05
2165,5.961166575099598e-05
4757,5.9569142682300875e-05
5953,5.9506821610198884e-05
1822,5.948973641809681e-05
2912,5.94455093366853e-05
2473,5.941942251893437e-05
7416,5.9412134302839635e-05
9337,5.936247034346954e-05
9315,5.933156660003626e-05
3306,5.9318967689185785e-05
2262,5.930942562888402e-05
1565,5.9303035756634955e-05
3119,5.9207667846191324e-05
5874,5.9159108731351424e-05
8556,5.9088003234301804e-05
2646,5.905361482629601e-05
811,5.9027572890448936e-05
3650,5.8981267708857235e-05
3768,5.89302979712785e-05
829,5.887954281780194e-05
4786,5.87233483177024e-05
1597,5.869796414690336e-05
4698,5.8651992734862534e-05
1706,5.864213019280335e-05
6540,5.8565078494750636e-05
7425,5.8544437504455956e-05
2393,5.85232793039121e-05
3419,5.848965252706799e-05
4766,5.8402326813015155e-05
4142,5.833493926321177e-05
9756,5.833482867415786e-05
947,5.8285260666606635e-05
5006,5.811297934729368e-05
8866,5.810672267724897e-05
5047,5.810088582340652e-05
5413,5.79821196056049e-05
3059,5.794352692716541e-05
1071,5.791658853692164e-05
3540,5.788022420712344e-05
1889,5.787627980471793e-05
6918,5.782225719611031e-05
6025,5.781042467918004e-05
1324,5.7766153129419405e-05
3640,5.7695681416251105e-05
9414,5.7662322791046575e-05
9504,5.7643906491273894e-05
9554,5.757805647734335e-05
365,5.749892731277108e-05
9680,5.74566431516108e-05
7396,5.7444247689939354e-05
5685,5.741811648291829e-05
3776,5.738412017923532e-05
4796,5.7376118776406626e-05
9266,5.73759161597536e-05
9290,5.735855755502736e-05
8222,5.7322301009658135e-05
9570,5.729861114396282e-05
2660,5.715758493994873e-05
6315,5.714286185154576e-05
407,5.691727377619754e-05
8500,5.687716040637606e-05
7440,5.677418442887008e-05
9096,5.67613276873061e-05
9524,5.6730732813746724e-05
9548,5.667388148342301e-05
5827,5.663229326850342e-05
6407,5.6585047013513424e-05
7876,5.6551968557092223e-05
8005,5.6529040019358555e-05
980,5.6512145430749736e-05
3665,5.644696733053685e-05
3867,5.642230420874267e-05
1504,5.635668060399184e-05
5112,5.632883739524216e-05
6769,5.6255082073801906e-05
3095,5.6115775709734985e-05
9857,5.608311285481907e-05
8393,5.603824141041922e-05
4473,5.6031841842436784e-05
3682,5.601923581874113e-05
6248,5.6012878867333034e-05
3643,5.589807915520889e-05
7770,5.5890570687237764e-05
8876,5.5842527643885654e-05
3698,5.583919901835066e-05
5393,5.583822586145285e-05
1790,5.582971751110465e-05
9810,5.582787954291704e-05
9960,5.580528627924189e-05
3587,5.578718939240183e-05
9208,5.5756490948481846e-05
5003,5.5736430660842196e-05
8219,5.5705982794594814e-05
7341,5.5685949370275705e-05
6021,5.56742565455195e-05
5404,5.5644014113041266e-05
4270,5.5643650838599623e-05
4804,5.562834469777677e-05
4434,5.5581103513724775e-05
1716,5.5557727908686286e-05
3809,5.5554858401735805e-05
2729,5.5554125127042114e-05
7364,5.546527203512507e-05
6513,5.5384558428894845e-05
4587,5.5356333537067075e-05
2987,5.53412403561757e-05
4238,5.5323555848879686e-05
5166,5.513421397842905e-05
1374,5.5037142681204676e-05
2586,5.491216392260721e-05
2419,5.49093379972709e-05
6419,5.490496166563287e-05
9242,5.490367066392147e-05
3034,5.4892014882839036e-05
4521,5.487466766194564e-05
8985,5.4857095699729344e-05
4780,5.4797076902800274e-05
9054,5.470742112136682e-05
3115,5.466128824804962e-05
5840,5.464475381663006e-05
5753,5.4639203230232586e-05
6287,5.458572851866732e-05
3571,5.4538435061313295e-05
8870,5.449987226793322e-05
6776,5.4473919656374734e-05
6351,5.445296000104567e-05
1681,5.4446525208832e-05
9060,5.4390691069604176e-05
3046,5.436992651907067e-05
3938,5.4352761345427685e-05
7698,5.424219076712506e-05
894,5.415252495871808e-05
6024,5.40738116895949e-05
5807,5.401965550887604e-05
6737,5.401184711932311e-05
1127,5.400860408116516e-05
3660,5.400115881482136e-05
9377,5.395097473046334e-05
5321,5.3919518131709205e-05
5405,5.391374545178206e-05
5649,5.383120507084809e-05
4398,5.381906301349114e-05
9108,5.3796121597906574e-05
3272,5.378253986350754e-05
4856,5.376231422695328e-05
8287,5.374766756255211e-05
5009,5.373987039296886e-05
2537,5.3664212836648716e-05
9052,5.366092196991677e-05
6286,5.365428094553946e-05
3446,5.3608186700188606e-05
4175,5.359223178257394e-05
3848,5.3541717503037806e-05
3029,5.349185402207002e-05
8499,5.348880431381702e-05
7468,5.348783554268575e-05
5427,5.3475087323684354e-05
3929,5.344918034360518e-05
4191,5.3448154544776885e-05
9293,5.343684284960483e-05
5805,5.3372047031580504e-05
1645,5.336265070608396e-05
9763,5.3281685098219624e-05
1861,5.321927760434891e-05
4813,5.3129861514211274e-05
9184,5.3112978370596374e-05
7080,5.3085745041981056e-05
3487,5.304708683683863e-05
6096,5.303109626845117e-05
3718,5.3011099740132336e-05
2187,5.286506105882949e-05
2153,5.275614976902713e-05
3297,5.272652907301476e-05
949,5.2688399128490235e-05
965,5.267702324985637e-05
7268,5.263334566420974e-05
5221,5.262245587074658e-05
6922,5.2586207556403394e-05
4633,5.256797226716358e-05
5902,5.2555665183320346e-05
9072,5.25263272896588e-05
4727,5.237648481964939e-05
3370,5.2320252205626284e-05
5165,5.231633279370082e-05
3379,5.228830191805466e-05
3871,5.224798236608009e-05
5765,5.2205027549384167e-05
2914,5.216042008233305e-05
1558,5.212929039759649e-05
5399,5.209213057708771e-05
5040,5.207873631532624e-05
5584,5.207594379513248e-05
1335,5.198256661211692e-05
8733,5.197338036558927e-05
6976,5.189361210764324e-05
874,5.1842169170217334e-05
877,5.180697376581836e-05
9405,5.1769865023415356e-05
5732,5.174122510885441e-05
8606,5.165592016706327e-05
5705,5.1648537895799914e-05
6410,5.1646316245147236e-05
2035,5.156663135379773e-05
4149,5.156463375808487e-05
3048,5.154100714748101e-05
2486,5.151519810283918e-05
8378,5.14131735139382e-05
5113,5.140405837078073e-05
1725,5.1363512350236756e-05
4325,5.1190580116824515e-05
3920,5.115202772687511e-05
3495,5.1142950691642386e-05
7961,5.102120887586122e-05
615,5.0996581886975125e-05
4048,5.099216594233598e-05
4279,5.093864114380075e-05
8882,5.089607676294493e-05
6572,5.072469159410949e-05
6458,5.069338730980787e-05
9619,5.068631108187337e-05
3846,5.067885077879776e-05
1278,5.064253782973578e-05
1837,5.05772489709506e-05
8305,5.049879363538806e-05
8625,5.049118359483006e-05
2349,5.042690681868769e-05
1433,5.041734336864427e-05
1175,5.0416755087021256e-05
9496,5.0304283730623e-05
2615,5.0285637629986954e-05
1644,5.027826934250925e-05
9020,5.026948757425384e-05
2778,5.024915118014131e-05
6809,5.0164645155285616e-05
8731,5.0116788160702114e-05
2455,5.011016140545707e-05
5247,5.008634992414957e-05
7342,5.002641473955469e-05
4199,4.9978950993700904e-05
4903,4.9950524256241495e-05
4968,4.993472431976217e-05
3944,4.990643842803914e-05
6579,4.98716139753008e-05
4524,4.977184359464575e-05
8377,4.973798234958259e-05
1529,4.971950499028591e-05
8475,4.968203583416626e-05
6447,4.964813965799443e-05
3253,4.9610203818803226e-05
7842,4.960119516209898e-05
9371,4.951964645692596e-05
3642,4.9515531631029946e-05
5797,4.9478147523393684e-05
3581,4.9450409590607005e-05
4057,4.939191621919252e-05
63,4.9382782690581606e-05
8952,4.9372422811345235e-05
9547,4.926847316046044e-05
8762,4.924642289208639e-05
821,4.919953639217025e-05
8056,4.9173619069620794e-05
9896,4.91708387580487e-05
3244,4.912454998408546e-05
6476,4.909426653341891e-05
5444,4.896384523765616e-05
1397,4.895276502458225e-05
9716,4.8932633714963045e-05
9245,4.891957056086835e-05
9514,4.888403892076194e-05
1387,4.8829967570834044e-05
1961,4.881794308300916e-05
2273,4.881335417143911e-05
7220,4.875175645416899e-05
2788,4.871739650778762e-05
9968,4.856932892294857e-05
9098,4.856755309354809e-05
8099,4.849783963108735e-05
2414,4.84948719323636e-05
9395,4.84947953272787e-05
8247,4.847831862049741e-05
5670,4.846989213538999e-05
6529,4.8398571478600254e-05
2810,4.834875153513939e-05
6852,4.822247727320298e-05
1256,4.821524744094281e-05
8494,4.8190305241746346e-05
2379,4.815536528069921e-05
3554,4.8123753511937714e-05
4679,4.808310005713391e-05
6348,4.8026348591750054e-05
9637,4.8008588979598124e-05
171,4.790777221323489e-05
9684,4.789262686092873e-05
5621,4.786505108926504e-05
745,4.7855433510759274e-05
6263,4.782152739056065e-05
9122,4.770416931295172e-05
9327,4.77035335864749e-05
9228,4.769588456361803e-05
4341,4.763915159042247e-05
4710,4.758109641969354e-05
7512,4.757093466933415e-05
8750,4.7500022735438785e-05
2862,4.749461717219688e-05
2758,4.748836311855365e-05
4579,4.742823957026017e-05
9491,4.7417690381549316e-05
9988,4.729388064253463e-05
4422,4.7275013669065104e-05
694,4.725355563565702e-05
4819,4.7217124847543327e-05
3595,4.719783742453995e-05
4857,4.7193237040743445e-05
5892,4.7188350569673994e-05
5790,4.715178943960183e-05
9553,4.713153750016476e-05
3304,4.712399644147561e-05
6255,4.7065585760937955e-05
3611,4.691071809500178e-05
6292,4.688171875811955e-05
4205,4.6849869891932716e-05
4939,4.684160742285763e-05
1377,4.678607547740166e-05
1182,4.67822678337342e-05
3294,4.6774388516685745e-05
8246,4.676859198988191e-05
8505,4.667594255918394e-05
4978,4.665873166338272e-05
8803,4.663110944808668e-05
1941,4.658714745545777e-05
890,4.657930337244038e-05
7282,4.645079727272962e-05
3477,4.640668148559583e-05
2988,4.635709913685373e-05
5395,4.6263180470353885e-05
5179,4.623878479719757e-05
4639,4.619143045694781e-05
9572,4.6189222025221485e-05
5235,4.617902463250079e-05
8794,4.6064692761218004e-05
2936,4.6004499557729014e-05
1240,4.5935639316500096e-05
9289,4.588044541903159e-05
2652,4.5828796312819926e-05
5647,4.580554376961527e-05
2745,4.5774930984973066e-05
5980,4.5712581581188216e-05
7110,4.5676625068797945e-05
4931,4.565253163175151e-05
5624,4.562887584446406e-05
9865,4.559125425567595e-05
6888,4.5568653257098367e-05
3102,4.553622399979087e-05
8348,4.53867186320414e-05
399,4.533852012255748e-05
8971,4.5318704071776916e-05
3993,4.527868316485201e-05
5885,4.51526739612001e-05
6290,4.5115257233046256e-05
8528,4.504190836740695e-05
6689,4.497764132519553e-05
5043,4.4902171935463444e-05
1293,4.486992261387719e-05
6007,4.479935194599388e-05
3527,4.477406005989916e-05
221,4.4738077702608254e-05
3908,4.464845286565444e-05
4573,4.459121254028691e-05
2726,4.4573256252632396e-05
3661,4.4567734420009185e-05
5916,4.455020851969042e-05
4849,4.441162041074832e-05
2828,4.432386912457635e-05
1844,4.431775116034108e-05
4187,4.4302240812037924e-05
2830,4.4250131139178995e-05
181,4.424908904433115e-05
6640,4.424202363516805e-05
701,4.418404194642034e-05
3962,4.4129874032516214e-05
6173,4.41193994223952e-05
7720,4.407571594996258e-05
5562,4.405803177705027e-05
2195,4.403701618246176e-05
9124,4.400721879702797e-05
5480,4.3999160210651295e-05
5263,4.3984072391897054e-05
9050,4.392662125346788e-05
3210,4.392349371754452e-05
5838,4.384204360827381e-05
5729,4.380807076638011e-05
9386,4.3790472655792725e-05
1330,4.378701173665578e-05
3020,4.3780546996043964e-05
9507,4.372371748141528e-05
2302,4.3706432024099415e-05
5105,4.368941353827319e-05
3726,4.367774398760035e-05
6600,4.350013235872889e-05
5442,4.3484960207612687e-05
4894,4.346530781377273e-05
2109,4.3464821281748707e-05
71,4.340409944016106e-05
4321,4.3338481455501725e-05
8594,4.3226167660439815e-05
8231,4.317770303897041e-05
6508,4.317329888015272e-05
3877,4.313616443859342e-05
3050,4.308671720847043e-05
9333,4.30794162634592e-05
4520,4.30486159465009e-05
3414,4.302836321613726e-05
5454,4.289540462598166e-05
4964,4.289469128712782e-05
6354,4.288549797429536e-05
2477,4.285223600450978e-05
2637,4.284336249667638e-05
4920,4.2796786267782566e-05
8604,4.276219400908723e-05
1683,4.272417264752759e-05
3525,4.269575005101071e-05
3506,4.2665469881265854e-05
5468,4.260862085286651e-05
9648,4.259259238005975e-05
606,4.2589777553924786e-05
7446,4.252168825885311e-05
1245,4.247749101160741e-05
375,4.247058801798979e-05
2969,4.239273070342212e-05
3171,4.23738409711743e-05
6914,4.2371390124223804e-05
4598,4.233602106902316e-05
669,4.230182362172337e-05
4596,4.2245997551138155e-05
6338,4.223445324872439e-05
3130,4.216191433689697e-05
8936,4.212000672556291e-05
3798,4.20594787302071e-05
3572,4.2010461938476185e-05
2046,4.196733106571289e-05
9369,4.195629159179923e-05
1146,4.188980679129729e-05
3556,4.188728793035411e-05
3269,4.177270460924822e-05
4470,4.1725543615858096e-05
7000,4.1684237534462995e-05
6425,4.1650427826758317e-05
4999,4.16332658569667e-05
4211,4.161158822934216e-05
5073,4.1497330038475586e-05
7759,4.149264958923473e-05
9556,4.142891741529118e-05
5659,4.137786913767664e-05
8271,4.137676781359374e-05
7693,4.134822638970603e-05
8782,4.1333618662552156e-05
5348,4.132027735638306e-05
5352,4.1317203056040235e-05
3262,4.127519251696147e-05
5406,4.118206431584737e-05
5237,4.110481662676772e-05
1134,4.108182141847911e-05
7562,4.09791824560915e-05
8839,4.091705133308539e-05
4853,4.089705125754654e-05
3827,4.0877634726577675e-05
8613,4.073206379736881e-05
6222,4.061027374526941e-05
1954,4.053674425895702e-05
5899,4.045683399145693e-05
8235,4.040812422251497e-05
5518,4.0271879416475366e-05
4010,4.0233474381349956e-05
4699,4.02273329748489e-05
6481,4.0200273466242043e-05
2607,4.018373337388888e-05
9930,4.017629559738246e-05
8402,4.015483999456758e-05
6375,4.0104855745399856e-05
4359,3.9973012683086506e-05
8429,3.991252820899134e-05
5421,3.990391654536993e-05
6544,3.976991797019089e-05
8954,3.972235360662858e-05
2276,3.971151755570331e-05
1514,3.9643949292341e-05
9944,3.9522423322625264e-05
7540,3.9490136810818055e-05
6509,3.947474052436429e-05
6702,3.941982880473701e-05
2422,3.937588146850695e-05
6340,3.9342011173710724e-05
4349,3.933938406038851e-05
8588,3.933233643892375e-05
7569,3.9319100253815904e-05
3027,3.9305389648511126e-05
8868,3.929851680939742e-05
415,3.9297901748758475e-05
3605,3.9268957119540495e-05
7104,3.926478808765967e-05
5458,3.925636811738508e-05
6671,3.923850468481769e-05
8820,3.92155380300655e-05
3544,3.920946733148778e-05
7472,3.92068835332054e-05
5941,3.914982351041635e-05
7968,3.9137518642568564e-05
6088,3.912738452192639e-05
4982,3.912574126593451e-05
4475,3.906752208540256e-05
229,3.905242565512267e-05
6977,3.9050242005611176e-05
5114,3.9012901234554445e-05
1235,3.897206043454364e-05
5708,3.8962697634905205e-05
9753,3.895463595618327e-05
2275,3.8895290601881574e-05
5626,3.88744282538194e-05
1450,3.88231306027384e-05
3923,3.8799080226626157e-05
1507,3.8770416498411074e-05
9176,3.876495887848941e-05
5080,3.8751767762892476e-05
6792,3.868344236602352e-05
9404,3.865205756169553e-05
9357,3.849403773008202e-05
6487,3.84408153412777e-05
6386,3.842204685781531e-05
4635,3.8390197224866704e-05
1735,3.837581492767298e-05
6667,3.8329742948517864e-05
5531,3.832361216074751e-05
3528,3.832149121634817e-05
6405,3.83043582806664e-05
3760,3.819306783525629e-05
9330,3.811245350049184e-05
879,3.8033591404593076e-05
6817,3.803180632429993e-05
8072,3.802421255563147e-05
125,3.79979307407296e-05
3229,3.796662057624483e-05
6756,3.7913686398295374e-05
2738,3.789715513223563e-05
8409,3.784376289770966e-05
1055,3.783620391479966e-05
2803,3.782171942349231e-05
3524,3.780572551691486e-05
5905,3.775515001255725e-05
5771,3.7696002235003035e-05
1902,3.7661058326260675e-05
4505,3.763601950653024e-05
5826,3.761523844724144e-05
7181,3.75004913796508e-05
8931,3.74875741874067e-05
4503,3.747228008890278e-05
2814,3.744721348014888e-05
3167,3.7434901906784846e-05
8626,3.742507802503341e-05
1213,3.736552409478617e-05
6662,3.733480976745235e-05
7780,3.724084189030834e-05
6294,3.716880897942487e-05
977,3.716495534885567e-05
3560,3.716260424839589e-05
4295,3.715895075781762e-05
3897,3.7140803749504534e-05
2857,3.71281091611882e-05
3919,3.704087353191381e-05
3847,3.6894062603348615e-05
3808,3.681929834116489e-05
2933,3.677251598189225e-05
3912,3.668427634800779e-05
6215,3.6660074000922365e-05
5363,3.661060874251225e-05
333,3.658260749710513e-05
741,3.65658623905332e-05
1994,3.6544553501038806e-05
7460,3.653977294727347e-05
5622,3.651448740884427e-05
5258,3.644585138228302e-05
5351,3.6440107468687775e-05
9747,3.642964901602754e-05
3022,3.639243371792919e-05
6449,3.634983923095609e-05
9741,3.620886937183138e-05
6789,3.6165003888372395e-05
6826,3.6052323267793224e-05
5794,3.604885543224434e-05
1942,3.598580672164871e-05
3489,3.597089687262742e-05
4556,3.5935528315450396e-05
1791,3.58838665980997e-05
9800,3.585959081450132e-05
4012,3.575753071251777e-05
743,3.5690175597942076e-05
2391,3.564723623422153e-05
4089,3.564006453299704e-05
7623,3.556530485539729e-05
3479,3.553948257678171e-05
3470,3.5477565846455194e-05
1974,3.544164906163904e-05
4638,3.5414741954464044e-05
6018,3.5391976117330655e-05
9100,3.539049693868453e-05
8603,3.526650255961147e-05
653,3.525875917413795e-05
9511,3.524947068139923e-05
7044,3.519150840223187e-05
1000,3.514816934163964e-05
4347,3.5143689894792355e-05
7041,3.513997832880202e-05
1131,3.510154319266307e-05
8955,3.507851550132559e-05
6683,3.506253453072606e-05
7636,3.494034577228336e-05
3907,3.491555546671723e-05
8302,3.489402171065442e-05
4734,3.486117033825402e-05
2474,3.4845917253827e-05
3782,3.4830569226069645e-05
5546,3.481542326198762e-05
4571,3.479689591093954e-05
8462,3.479442006567027e-05
1692,3.479424690189759e-05
6446,3.4788309576369313e-05
4326,3.475495957318207e-05
1890,3.475014022540267e-05
1905,3.473071863322045e-05
4391,3.4715091843193114e-05
9868,3.469349766570834e-05
6319,3.4649063798231915e-05
8253,3.460376886958287e-05
8654,3.458935460814855e-05
8155,3.4550947502689385e-05
5911,3.454539609685138e-05
5240,3.452334108799359e-05
2587,3.445633511787102e-05
7273,3.444041063944998e-05
3187,3.4438606553804265e-05
9515,3.443221879880516e-05
2910,3.44185812915867e-05
9481,3.4416612425219855e-05
2559,3.430485948640673e-05
6726,3.428904654074151e-05
8283,3.422296640103419e-05
6632,3.419532701186978e-05
8245,3.4188900834877036e-05
5556,3.417796031542347e-05
2668,3.416106248169631e-05
8406,3.4103052899581764e-05
4022,3.404182895922952e-05
7621,3.40226347567872e-05
5973,3.398160983512415e-05
9278,3.39747349077886e-05
1745,3.3956194586620056e-05
2406,3.393738463952737e-05
9388,3.39071140175952e-05
5585,3.387375474444264e-05
4665,3.383458418700466e-05
31,3.378304516173588e-05
8689,3.370172016620307e-05
3725,3.361564792953755e-05
1532,3.3604340349334936e-05
4423,3.359529792538603e-05
6810,3.35685352358413e-05
5062,3.3531202411819634e-05
3975,3.3527635424006136e-05
478,3.350900592103977e-05
8727,3.349678138571244e-05
8375,3.348020688032434e-05
1650,3.347839485610978e-05
1598,3.34707743728371e-05
1370,3.344076414175457e-05
7317,3.3428589009379145e-05
1651,3.33955391144411e-05
8905,3.335199639176889e-05
7936,3.335049007672645e-05
1493,3.332163668122334e-05
1079,3.330507512175299e-05
3270,3.32834696215435e-05
8313,3.315839100653213e-05
6497,3.315147347873877e-05
9456,3.313888583057477e-05
2759,3.313854595989217e-05
5501,3.311672251758175e-05
4281,3.3096948224212883e-05
1677,3.3048047945660354e-05
4429,3.303972056754731e-05
5956,3.3024764605908835e-05
5972,3.3002825540069275e-05
6137,3.299120463330225e-05
684,3.2969981160302604e-05
5701,3.29556594554722e-05
870,3.2914020534050124e-05
9387,3.2795110196666096e-05
6743,3.27828227144757e-05
3882,3.274665050494663e-05
4777,3.27429660344876e-05
7760,3.272045569485729e-05
7219,3.268536006706521e-05
6738,3.267801422318924e-05
4805,3.263719523301018e-05
1580,3.2575125636306675e-05
5315,3.2452479038082876e-05
3999,3.244482023276198e-05
5167,3.240977623989013e-05
2267,3.232671291746316e-05
2162,3.232095904591465e-05
2906,3.226537677016976e-05
7756,3.22383123552313e-05
2655,3.2149257827756e-05
591,3.2147557332732796e-05
5439,3.211592099420184e-05
5780,3.210148118441547e-05
9292,3.2073676326016556e-05
5833,3.206985557049391e-05
9350,3.204234796635324e-05
4661,3.1984556448642844e-05
3474,3.196522573914457e-05
4350,3.195926478315709e-05
907,3.1946688797250745e-05
3283,3.1882495926841846e-05
6867,3.1838433990276966e-05
3772,3.183172527626885e-05
687,3.181472408626209e-05
6678,3.1785234638148024e-05
1811,3.1781355461739713e-05
480,3.177967945810313e-05
4719,3.1779505103552797e-05
1390,3.1749213470211164e-05
9937,3.1735983545140135e-05
8676,3.1731057186869604e-05
6482,3.171035962524311e-05
573,3.1703548509072504e-05
7350,3.163894128401706e-05
7464,3.153312682651694e-05
1243,3.149915680304517e-05
9501,3.145032516469623e-05
3343,3.141874306575245e-05
9849,3.141401334003292e-05
9144,3.140201381957366e-05
5804,3.1353943110274944e-05
4457,3.1334409944877634e-05
2543,3.1298707146096444e-05
3274,3.126135472532353e-05
8747,3.1245031663446486e-05
6426,3.124125006103231e-05
9526,3.1241069323803894e-05
5036,3.1222374257038616e-05
1566,3.1199719762777886e-05
1734,3.1151069049090705e-05
3041,3.114572665014402e-05
3404,3.113100469866682e-05
5117,3.111417417367694e-05
7222,3.110095501252334e-05
4826,3.108715440048739e-05
9192,3.100280976495016e-05
8861,3.09929506305994e-05
1849,3.098699330537148e-05
7439,3.098609821425111e-05
8802,3.098604862992207e-05
7552,3.097817886843573e-05
2521,3.096575856271062e-05
7287,3.09155789861247e-05
3719,3.08732600473804e-05
1763,3.08663756639839e-05
1519,3.082240021965068e-05
3309,3.080756869529964e-05
9306,3.079939676514852e-05
5430,3.076670222106433e-05
5328,3.0733278530871156e-05
4311,3.072939703863021e-05
1682,3.0729210785613834e-05
5800,3.071678364796401e-05
8944,3.071247484265603e-05
491,3.06951583097549e-05
7195,3.067270167926396e-05
5089,3.063092336697698e-05
6666,3.062772831388804e-05
6411,3.061158148373636e-05
1867,3.060898165919794e-05
3997,3.0587692458342555e-05
5445,3.050120548995244e-05
9755,3.0497098593718316e-05
3603,3.0463664712207822e-05
6520,3.0355079282783724e-05
3675,3.0344184155612817e-05
5289,3.032617783234596e-05
2518,3.020949253903679e-05
702,3.0207005902561775e-05
7960,3.017203873867264e-05
6202,3.015002719984267e-05
4237,3.0140340402079164e-05
9267,3.0135822436775867e-05
3276,3.0079611346842197e-05
1111,3.007511687591267e-05
1578,3.0072937561541047e-05
2105,3.0037152508761666e-05
872,3.0032984162625123e-05
7689,3.000023405478796e-05
1931,2.993144881472898e-05
8675,2.9923642590040845e-05
5960,2.990900623976759e-05
5397,2.990282311818323e-05
7572,2.985364023124758e-05
4379,2.984972581778469e-05
110,2.982488574674273e-05
3526,2.981606951133383e-05
8382,2.978547161986858e-05
5370,2.9769100491698465e-05
6132,2.9752701014980953e-05
9781,2.963437874645511e-05
4789,2.9633124879202962e-05
3686,2.9611028067926365e-05
1894,2.9593451080473625e-05
8785,2.958298433313508e-05
3707,2.9579096685631878e-05
2016,2.9467988519205776e-05
3520,2.9433380953926005e-05
9426,2.9412281481853382e-05
6677,2.933879785975401e-05
5680,2.9319748878286628e-05
9576,2.925836976050597e-05
7828,2.9217086065834677e-05
6733,2.9208154772188276e-05
1901,2.9196350197720567e-05
5367,2.919212805435335e-05
9298,2.912509198254643e-05
1470,2.9123084369746546e-05
941,2.9102416793888597e-05
2169,2.9099238211056004e-05
2229,2.903431024335958e-05
5467,2.9022318117666664e-05
2732,2.9019295272431232e-05
6469,2.891052893154283e-05
6663,2.8779269702283063e-05
7045,2.8777877661991646e-05
6238,2.8767403975490904e-05
3538,2.876217631960633e-05
3685,2.8750951487149196e-05
737,2.8720477660235285e-05
8284,2.8686374140404702e-05
6403,2.8668729052666538e-05
1244,2.8637816084415584e-05
893,2.858164367560383e-05
2043,2.8567953452587423e-05
3861,2.8556681782451264e-05
1358,2.8481039483688116e-05
567,2.8424357160884117e-05
303,2.8376042262277e-05
6433,2.836869243154564e-05
3794,2.8291202531525578e-05
8637,2.8249382419015254e-05
1448,2.8197665380985344e-05
6329,2.8180040842173357e-05
9287,2.812955741988298e-05
9833,2.8127105138186833e-05
3709,2.8086187602410466e-05
9186,2.8081265705570055e-05
1512,2.80787829787711e-05
1139,2.8077213502286653e-05
4438,2.8067564131881502e-05
1255,2.8033247760540715e-05
3949,2.8018298859348122e-05
7334,2.8006822267223426e-05
876,2.7999353519993465e-05
8669,2.7972662760814043e-05
7482,2.7944597014243376e-05
3678,2.7853130869029452e-05
3747,2.782578503687495e-05
6964,2.776177873817327e-05
9669,2.775592958235742e-05
9133,2.7692187471142775e-05
3161,2.767530831854447e-05
1914,2.766084256704769e-05
4996,2.7638716551462776e-05
3646,2.7626243426762583e-05
3485,2.7624013420119964e-05
7269,2.7607971442303473e-05
5173,2.760417926826454e-05
1195,2.7599612375019787e-05
2365,2.7598117710491117e-05
1095,2.7586190026982647e-05
4515,2.7562509258985698e-05
1996,2.751845625525324e-05
8471,2.748663591832318e-05
5699,2.74485787360683e-05
6588,2.742440407308711e-05
2661,2.7421756331182627e-05
4564,2.7419933280567753e-05
1246,2.7417569964729078e-05
4522,2.7391524795920678e-05
1022,2.7371973695313423e-05
8470,2.7317612101154504e-05
6483,2.7306246872466757e-05
3557,2.7290166296917512e-05
5143,2.7262457519836897e-05
6531,2.7220440061604087e-05
6712,2.7188286870523004e-05
8249,2.7149238077876956e-05
9681,2.7090697430021537e-05
5684,2.706849379038404e-05
157,2.705312353697061e-05
1653,2.7023533884912857e-05
9816,2.6993467577763553e-05
2037,2.6990191249785727e-05
7986,2.697864942320354e-05
9560,2.696744704033107e-05
4758,2.6965867761472413e-05
6038,2.6906169457987186e-05
4605,2.6887002999990178e-05
8715,2.6868845452388854e-05
4844,2.6813523755927974e-05
4937,2.6798236553514752e-05
2532,2.6796936962287747e-05
7384,2.6775249105647876e-05
9674,2.6765458241038822e-05
3245,2.6758462148732156e-05
5481,2.6748312976475488e-05
3705,2.6738672599446242e-05
1831,2.6713047577334813e-05
8901,2.6698751601552278e-05
4871,2.6692642808703904e-05
9162,2.6650108300158684e-05
6804,2.6628124398513273e-05
2718,2.661078038279227e-05
9820,2.6595339493834306e-05
1823,2.656244362153828e-05
8791,2.6554704094505637e-05
3257,2.6516556121015424e-05
6884,2.6509075994433046e-05
5630,2.647752796056091e-05
7429,2.645573444627752e-05
6431,2.6424656693628292e-05
3563,2.642375735649827e-05
1758,2.64185843528595e-05
3028,2.641408431499933e-05
2155,2.6404633905945988e-05
2413,2.6386329226914605e-05
1739,2.6355727903970088e-05
5677,2.635277385487007e-05
2915,2.63351677407843e-05
7788,2.6275904151132644e-05
6670,2.626153611246559e-05
1764,2.624655185102248e-05
4925,2.6194975854836862e-05
9731,2.6189805472760538e-05
6392,2.6172250282203036e-05
8888,2.6156983316018408e-05
4532,2.6156601908942696e-05
6062,2.615460330479372e-05
4033,2.614966663948059e-05
733,2.6107655568255025e-05
2429,2.606559690911954e-05
8568,2.6059107350843427e-05
1006,2.605199879197677e-05
5917,2.601607730096577e-05
8562,2.5969860962160023e-05
6478,2.5955655102090513e-05
4009,2.590776625638945e-05
7252,2.588701628140722e-05
9342,2.588207484742506e-05
2685,2.58258364915373e-05
8540,2.5816033731046166e-05
4478,2.5746450308262992e-05
910,2.5728171064387538e-05
9532,2.5722740461799926e-05
5242,2.5715904660998234e-05
3681,2.5714387884163473e-05
6201,2.5705601201347205e-05
7249,2.5616967722495104e-05
2025,2.558610928007653e-05
1720,2.5567497109251272e-05
7763,2.556180159973135e-05
8907,2.5560623623655648e-05
4812,2.5557809944948884e-05
1789,2.5547815705010768e-05
8504,2.5535979978444376e-05
9241,2.550901007577837e-05
1211,2.5505483724569427e-05
5457,2.548059214189936e-05
3752,2.5471080058587564e-05
4539,2.544436018083747e-05
9929,2.542846746461603e-05
5730,2.5422774046275238e-05
8566,2.5412516979726355e-05
4382,2.5410449429136023e-05
7053,2.539618694034649e-05
3040,2.5359341916225163e-05
7608,2.5329023020470554e-05
8412,2.528669322850165e-05
7838,2.5275135138933258e-05
3599,2.523564949633194e-05
5524,2.5218222412710284e-05
6073,2.5207378903322557e-05
6636,2.5201220065772383e-05
2773,2.5168031550479027e-05
3481,2.5166344212612948e-05
2534,2.5156677742162682e-05
5969,2.51418675482406e-05
9613,2.5115708654852402e-05
4043,2.511116572769237e-05
5326,2.504877685866295e-05
1607,2.50455698815112e-05
1388,2.5031770182958003e-05
4702,2.502542703262827e-05
9770,2.5014101484274233e-05
2667,2.495443250930915e-05
4885,2.4948416714227668e-05
2723,2.49444127539359e-05
6219,2.4937132735642575e-05
3101,2.4929756825496148e-05
1895,2.4919086523749e-05
1946,2.487036466670923e-05
9351,2.4867855707913657e-05
1710,2.4807568985634814e-05
6628,2.4738819409245273e-05
2725,2.4726848791575718e-05
8611,2.4715105763925927e-05
3953,2.4704167606383155e-05
3019,2.468263052334355e-05
5108,2.4636643417154245e-05
6252,2.4608952475467914e-05
9048,2.4593378169667032e-05
6690,2.455409101125632e-05
9584,2.4521346899088256e-05
3486,2.4481121502268507e-05
3829,2.4453891207040018e-05
4723,2.4442041990465735e-05
8783,2.4436199620812896e-05
3716,2.4435568068829087e-05
3064,2.4427485957608425e-05
8617,2.4410530337645325e-05
895,2.43742856182307e-05
1452,2.436442461000754e-05
3449,2.4348215920889978e-05
7305,2.432667350156031e-05
2119,2.431922553879912e-05
8415,2.4315666465102873e-05
3466,2.4302368768414827e-05
3985,2.4301228642614116e-05
3615,2.429059284522089e-05
9712,2.4281850088631046e-05
5592,2.4267566763036683e-05
5359,2.425758113357326e-05
9500,2.42248576306316e-05
6894,2.420217147449805e-05
5491,2.4182548627735628e-05
8033,2.4175330659385125e-05
2040,2.4116043750052908e-05
3930,2.4104862029230165e-05
6919,2.409831975071321e-05
3453,2.4031822966059592e-05
5625,2.399390116838403e-05
1678,2.399380046604296e-05
8506,2.3979203458348814e-05
1466,2.392720476878845e-05
8846,2.3917074636363545e-05
5631,2.3902248942826262e-05
2382,2.3885472411602563e-05
1854,2.3826726612196364e-05
891,2.382015531846268e-05
5338,2.3814082615886977e-05
3625,2.381272808012038e-05
3358,2.3806739328728e-05
1085,2.3800627198916354e-05
9898,2.3765852233326146e-05
7302,2.364345694751977e-05
2143,2.363398088799465e-05
853,2.363303323386476e-05
5011,2.3532649856618846e-05
4771,2.3522772285684085e-05
3224,2.3485279143515387e-05
6112,2.3459766794578744e-05
9397,2.345762981328476e-05
3630,2.34231091278213e-05
9742,2.3410794057454614e-05
6675,2.3403331257141867e-05
2811,2.3400983939804643e-05
8335,2.3342672774038066e-05
5891,2.3278476148257795e-05
7574,2.3278023086557212e-05
7449,2.3276173993108504e-05
7076,2.3260941089028162e-05
7112,2.3252729205168765e-05
4277,2.323378380904154e-05
3701,2.3212980311472952e-05
9761,2.318917715267966e-05
5668,2.3156699407968996e-05
2787,2.315078764135698e-05
9489,2.3133618302490537e-05
494,2.3121923817515546e-05
1625,2.3105764758762055e-05
2994,2.309655588153506e-05
2603,2.303301961448793e-05
2531,2.300195927262343e-05
9493,2.2989390219023235e-05
3386,2.2981000719023083e-05
3879,2.2971029818863166e-05
4732,2.2941265989761767e-05
5977,2.2937715304543656e-05
5945,2.292088909521318e-05
3298,2.2827172562672227e-05
5992,2.2792276493062232e-05
6422,2.2789302581245685e-05
6680,2.2766204413548566e-05
5894,2.2755124204763138e-05
9757,2.2734947590502555e-05
3375,2.2709593612125006e-05
9247,2.2705685973567673e-05
4065,2.2627479903944517e-05
9418,2.261377934184647e-05
5276,2.2603759141460208e-05
4861,2.259323831562091e-05
7975,2.2582134800273962e-05
5199,2.257263563389082e-05
5063,2.2555701840518648e-05
783,2.2541376365062623e-05
4125,2.248455273734189e-05
7262,2.2474397799499323e-05
3030,2.2469844705596114e-05
7430,2.246709065250074e-05
8771,2.244254914343964e-05
3178,2.2430875246875888e-05
6517,2.2418790936765465e-05
7244,2.2405148577609037e-05
4127,2.2389601158917312e-05
5337,2.234732861572624e-05
7477,2.2343979232829805e-05
725,2.23433241954244e-05
3597,2.233124049265671e-05
4818,2.2326826457598253e-05
5078,2.232009836311433e-05
7714,2.2311319106753724e-05
6229,2.2301774444154292e-05
8812,2.229474366283332e-05
4020,2.229212523577869e-05
9905,2.2284902727944492e-05
3454,2.226942272738107e-05
5024,2.226322848316734e-05
7832,2.225665330363975e-05
5724,2.222945191613072e-05
871,2.2156737796126015e-05
6325,2.214956169094523e-05
6577,2.2108738633752702e-05
709,2.2085541805238054e-05
9004,2.208410427978317e-05
5756,2.2061607558764675e-05
9230,2.204763197934765e-05
4221,2.203526572530244e-05
1465,2.1999902303180917e-05
3792,2.199795716394332e-05
7559,2.1993257082366664e-05
6326,2.193746201611759e-05
5271,2.1935406925127796e-05
8816,2.1917722521558537e-05
1726,2.1875471906906767e-05
4557,2.1872172722443986e-05
367,2.1861119713205433e-05
4975,2.1858941651215393e-05
6369,2.1847274505524766e-05
4435,2.1846737687965642e-05
1599,2.177548559675988e-05
5844,2.1770046302586893e-05
8585,2.1758345909943935e-05
4562,2.1741511088737975e-05
1845,2.1692158678762856e-05
301,2.168702720346103e-05
3619,2.1677025531261776e-05
6959,2.1629363333046398e-05
2230,2.1623180730486152e-05
5435,2.161584758207063e-05
6586,2.1590874742227588e-05
5379,2.1551824682366932e-05
5041,2.1486994420412074e-05
8945,2.147944418919117e-05
2127,2.145542294016636e-05
5978,2.144566210054931e-05
5420,2.143971721156329e-05
8069,2.139956068884084e-05
2631,2.138008181774171e-05
1477,2.1377205489538165e-05
5260,2.1350341464783763e-05
9321,2.134991523878195e-05
5851,2.1344329932969702e-05
2970,2.13432257270564e-05
5949,2.1304298085724786e-05
4183,2.1263862191432744e-05
8678,2.1254922095914944e-05
8550,2.1232990814174975e-05
1371,2.1204756738780253e-05
4494,2.120407571069051e-05
1958,2.1178246397007706e-05
5535,2.116753573883731e-05
5306,2.1162809837164652e-05
5532,2.113782323050262e-05
987,2.1127305987566908e-05
3483,2.112344894897343e-05
8858,2.1117636208708435e-05
3884,2.1071343795864077e-05
1713,2.1065024390340905e-05
6389,2.1040439546650933e-05
2463,2.1038662789117393e-05
9995,2.098995867494937e-05
5345,2.0967908213702006e-05
8527,2.0947550129397523e-05
2411,2.0917838917080355e-05
2540,2.090665507157956e-05
8817,2.0897431109004605e-05
5453,2.0896570014041564e-05
1421,2.0883362465406085e-05
5465,2.0857727472946297e-05
5690,2.0848620512688003e-05
953,2.084041126679009e-05
7727,2.08215330171502e-05
716,2.0730511653366353e-05
7272,2.072877577151058e-05
7716,2.070583932599195e-05
2173,2.0700840513477982e-05
3911,2.069688735454575e-05
3285,2.0677974653259666e-05
3801,2.0654010910047628e-05
7174,2.064551343811308e-05
3978,2.064463679655241e-05
7443,2.063376886617414e-05
4297,2.0589949289214756e-05
5706,2.05899484561904e-05
3317,2.0559571864785148e-05
4002,2.0557560902653933e-05
2767,2.051010586030522e-05
5727,2.049710386254727e-05
5940,2.0463871777083804e-05
5944,2.0447970437272623e-05
6237,2.0447891257527123e-05
507,2.044348687836429e-05
8855,2.0409408287324438e-05
2780,2.0409297584034174e-05
5059,2.0404927959562774e-05
6860,2.0402507714146233e-05
2649,2.0382052108375336e-05
5925,2.03289833019012e-05
8380,2.032865053879611e-05
1833,2.0314161384304428e-05
8681,2.0286169053611755e-05
9080,2.028448816379462e-05
6242,2.0233021515031026e-05
7616,2.021213598418796e-05
4666,2.0174881949007607e-05
4553,2.0117418039967616e-05
7520,2.0085077099242143e-05
9361,2.0065879797545904e-05
8887,2.0044015448673926e-05
1934,2.0026546143750698e-05
9924,2.0002988001103466e-05
4430,1.999410976224608e-05
2659,1.9989716296304966e-05
7352,1.997328019507201e-05
6230,1.9941530867718567e-05
3767,1.9924611033449798e-05
6332,1.9906404553554656e-05
921,1.990489734957485e-05
9374,1.988352729233138e-05
3679,1.9869774643570012e-05
8024,1.9861243919257637e-05
9577,1.9833805123945447e-05
5045,1.982986491104766e-05
9766,1.9813546529722284e-05
1589,1.9810664995169297e-05
5497,1.9797481405346644e-05
2921,1.9780773570539074e-05
2397,1.9765747243075425e-05
9809,1.9734044809190864e-05
4085,1.9678920775633027e-05
2846,1.964514161409317e-05
5661,1.962461238774545e-05
2899,1.9622835672020145e-05
6820,1.9607148420109675e-05
2686,1.960646407427408e-05
1925,1.960340949315292e-05
8658,1.9593149638956022e-05
9231,1.959171674881525e-05
9302,1.9526942578353584e-05
7308,1.9491192857096202e-05
6298,1.9447270693213645e-05
6827,1.94352765165306e-05
8150,1.9405703988357807e-05
4265,1.9400348743590017e-05
8428,1.939886797678491e-05
8883,1.9398573625093832e-05
414,1.9380066940018955e-05
1311,1.9372159755372468e-05
6972,1.9364804629569245e-05
5502,1.9363135033546814e-05
3062,1.934675857304609e-05
8843,1.9278432887683243e-05
7333,1.9271383298564264e-05
1980,1.921586070409684e-05
1113,1.921010189456099e-05
5022,1.9191852784818977e-05
4525,1.9171539365454823e-05
7235,1.9161365425473777e-05
1086,1.9158338365157533e-05
7602,1.913501982441928e-05
5934,1.912985052720248e-05
8677,1.9114811222164798e-05
1369,1.911165306093192e-05
4519,1.9093278740276766e-05
1757,1.9085424221949325e-05
2509,1.9078948674627847e-05
2487,1.9076797166450944e-05
7148,1.906798142181924e-05
4765,1.9031721089144726e-05
5066,1.9004127220862794e-05
3196,1.8995050258107538e-05
4222,1.8970082540576336e-05
1868,1.8955325613227042e-05
9562,1.895439543762985e-05
6693,1.8926688518013106e-05
3910,1.892193976238217e-05
9990,1.8898416769925748e-05
9355,1.886791280846855e-05
4332,1.885994027844578e-05
9128,1.8855943722002154e-05
5713,1.8836689946237384e-05
8614,1.8832321925601826e-05
3292,1.8832256658888714e-05
2990,1.8827029233843005e-05
1197,1.8816248288231416e-05
3964,1.881222581719574e-05
5092,1.8803701196524973e-05
5511,1.878596034142239e-05
5671,1.8741051790881902e-05
3044,1.8723665940546685e-05
8511,1.8694214569370393e-05
5057,1.8689589694552832e-05
4030,1.867721377040152e-05
6234,1.8555697964563506e-05
9378,1.8552517397838675e-05
2860,1.853727183446654e-05
8306,1.8521009246862998e-05
5309,1.8511510796611195e-05
6545,1.8494105018995995e-05
5308,1.84808613428837e-05
5016,1.8477865666394598e-05
2716,1.8433383774152622e-05
3762,1.8413935786625718e-05
2605,1.83762092894999e-05
9603,1.8373501939945918e-05
1492,1.834111989256974e-05
5052,1.8332276799180083e-05
5464,1.8327803608291923e-05
8651,1.8314643310674612e-05
6802,1.830597339664124e-05
2963,1.828476491886377e-05
9768,1.821034471300956e-05
4654,1.8175858968045155e-05
9413,1.812600511646966e-05
1510,1.8124543927804752e-05
5782,1.8117335453463367e-05
7513,1.807134623006973e-05
3327,1.804929827512868e-05
2636,1.8043671493084274e-05
9782,1.803969007602094e-05
1933,1.799562640167851e-05
8444,1.7957887384325683e-05
6630,1.7947107495136442e-05
2917,1.7936232121558627e-05
6765,1.7911005281860136e-05
4981,1.7855100285399506e-05
1637,1.783378948823914e-05
9621,1.7785964106263536e-05
1893,1.7773919746076938e-05
2253,1.7735438576834882e-05
6566,1.7733136044302686e-05
2261,1.7723797680853682e-05
5910,1.770692369399749e-05
9066,1.768256868764657e-05
3913,1.7680101532684573e-05
1431,1.766731116660121e-05
1129,1.7664081539248785e-05
7271,1.76598405234752e-05
4018,1.7637110176092832e-05
5135,1.7621149447039524e-05
6851,1.761793258107262e-05
5938,1.7592670619595453e-05
4841,1.7577514771179704e-05
347,1.7557501878282326e-05
1754,1.7547993667598734e-05
9873,1.7535710056042647e-05
1119,1.7527756593581863e-05
939,1.7502814592871177e-05
5939,1.7498122591622306e-05
3432,1.7475843193848847e-05
7592,1.7475386468894133e-05
9972,1.7456256382596556e-05
475,1.7448679749518608e-05
1214,1.743120370473704e-05
9853,1.7405776255669966e-05
9804,1.7401590969136205e-05
1038,1.7379157028498166e-05
3301,1.736453763548361e-05
9495,1.7340639702800507e-05
6279,1.7331907777483345e-05
5507,1.733125542697366e-05
2765,1.7296246834908417e-05
9451,1.7255449294386797e-05
7827,1.7225707605300446e-05
8990,1.7223745314663072e-05
4987,1.722123448490893e-05
2781,1.7185312989934e-05
3689,1.717255316530103e-05
1485,1.717211825881806e-05
2489,1.717134672769005e-05
9658,1.708612033800353e-05
4313,1.7050575037347188e-05
9318,1.7041505668542177e-05
8691,1.6999535939829236e-05
6763,1.6975619588848712e-05
3536,1.695475509927503e-05
7061,1.6927527217749444e-05
5912,1.6900152677666985e-05
8628,1.688833883232079e-05
9370,1.6787273630992936e-05
5477,1.6758732978399524e-05
7577,1.675248516712226e-05
7245,1.6735129949399594e-05
2123,1.6726755542278852e-05
6716,1.6708594176654022e-05
4810,1.6697450471254726e-05
6345,1.669542422789477e-05
8915,1.667769839685021e-05
6556,1.667674826612286e-05
3319,1.6667167802722362e-05
3753,1.6643879565467074e-05
9773,1.6643661572192306e-05
9733,1.6638010496078825e-05
174,1.660638925846923e-05
2202,1.6545799083236194e-05
3541,1.654552426005944e-05
9166,1.6524894366081475e-05
3387,1.6497242801772812e-05
5985,1.649102134328764e-05
3389,1.6446929357222697e-05
5533,1.644368055287182e-05
5662,1.643967632188631e-05
3427,1.640601832670988e-05
623,1.638269591873332e-05
4283,1.6377615323472712e-05
8554,1.6368838466867476e-05
1461,1.635022830307363e-05
9263,1.6339144781360407e-05
9073,1.632820156645073e-05
4439,1.6241894633002587e-05
8729,1.6237379314614424e-05
734,1.623230177494371e-05
5558,1.6198136637849733e-05
7542,1.6197864959086856e-05
4534,1.6196059267506053e-05
9075,1.6194901453672208e-05
3979,1.6176645455871113e-05
5539,1.6065906154963e-05
5865,1.6041989719985378e-05
4314,1.5999285828442983e-05
6314,1.5992037868515814e-05
6439,1.5972601673159732e-05
5074,1.5959810626743588e-05
6113,1.5956716062602385e-05
2270,1.5924990254391353e-05
2430,1.590184874417469e-05
7588,1.5898377176298904e-05
8303,1.588745601154744e-05
4487,1.5867972200086073e-05
8659,1.586583519116819e-05
6454,1.586129319833181e-05
6757,1.5842216497277667e-05
8809,1.583271507731597e-05
6057,1.5786056591735344e-05
1853,1.5758368312001764e-05
4531,1.5734069841687476e-05
9036,1.5731837315096367e-05
6537,1.5707766623235302e-05
5466,1.5675301790054743e-05
7648,1.566517932081887e-05
3750,1.5640596081877284e-05
3830,1.563401115643071e-05
6821,1.5628022754085258e-05
3818,1.5587181415748643e-05
7224,1.558422260874184e-05
2623,1.556964812044401e-05
5858,1.555806075995406e-05
4383,1.5522368760060127e-05
7230,1.5505032087761665e-05
8073,1.5492992915825247e-05
1515,1.5488757276496327e-05
5030,1.5488206238201736e-05
7348,1.5482349735857457e-05
5880,1.5482069501272245e-05
5109,1.5457082190964217e-05
5419,1.542892485536171e-05
7367,1.541674987177861e-05
1595,1.5412842681005068e-05
5272,1.5376239583329887e-05
6869,1.5372745347882102e-05
622,1.537125737766186e-05
3243,1.532160817404952e-05
3800,1.531958674695068e-05
1002,1.529053374219263e-05
1871,1.526513705631133e-05
7257,1.5253546629301317e-05
2730,1.5196131124262642e-05
3251,1.5172004981181005e-05
7676,1.516725957675851e-05
6723,1.5149244048586241e-05
7458,1.5146893556224295e-05
2989,1.5138485746432353e-05
5569,1.5121204414368607e-05
3405,1.51055680791401e-05
7814,1.5101472099625804e-05
4919,1.5091376864542604e-05
9625,1.5087183209157173e-05
4584,1.5076077422349042e-05
3998,1.5047519159744323e-05
5334,1.5011594480370756e-05
1878,1.5004903227642423e-05
4565,1.5001764946145559e-05
7533,1.4995931471586642e-05
3155,1.4994264349751327e-05
823,1.4950624277872002e-05
9543,1.4910329377371992e-05
6473,1.4909308600997242e-05
8692,1.488156864125788e-05
5212,1.4868792133101194e-05
9925,1.4849486087715944e-05
9989,1.4842027629317169e-05
2522,1.4834208625092383e-05
5476,1.4822076390894034e-05
7858,1.4756514137505e-05
9606,1.4754511326875594e-05
7223,1.4752172334833595e-05
9424,1.4737566705367828e-05
230,1.470803067787861e-05
5423,1.470129390582762e-05
9113,1.467898871080612e-05
813,1.4653913850590817e-05
718,1.4647181830115069e-05
4942,1.4631704787649236e-05
9652,1.4631652893588105e-05
9699,1.4629494960225388e-05
1004,1.4625636177187386e-05
9926,1.4625320319148269e-05
5372,1.46200488137359e-05
3123,1.4619074905230212e-05
5842,1.4616374149022745e-05
7786,1.4609685911300672e-05
6199,1.4608661317645212e-05
8602,1.4596389692610853e-05
7267,1.4595469003519743e-05
3397,1.458729998021881e-05
9326,1.4568867898468547e-05
9169,1.456244990420277e-05
6790,1.4553887986537164e-05
5207,1.4510463548560193e-05
2237,1.4501396920594571e-05
7474,1.4499621312156134e-05
6420,1.4497439166849427e-05
8755,1.4490624264576163e-05
6503,1.4478896714931798e-05
9714,1.4468891164405903e-05
6082,1.4426401125680567e-05
6791,1.440661559658774e-05
639,1.4406049435700526e-05
9396,1.4401270158858693e-05
8567,1.4395291319758969e-05
7226,1.4378999271760577e-05
351,1.4371569153509936e-05
8503,1.4346887345299213e-05
7459,1.4323503361473444e-05
4558,1.4306894764111563e-05
604,1.4246228691391296e-05
1885,1.4217826983209009e-05
5907,1.4205131376170705e-05
6077,1.4202769902702652e-05
5349,1.4189929211179942e-05
9433,1.4177733153175207e-05
9465,1.4111164115128016e-05
5329,1.4097791906571245e-05
6731,1.4095278106600343e-05
379,1.407793097626335e-05
9827,1.4065919562271823e-05
3341,1.4049171915944715e-05
1672,1.4047353820171305e-05
6814,1.4027452456919183e-05
6633,1.3989591612842054e-05
8796,1.3983213613609165e-05
2166,1.3978419491355996e-05
4707,1.3967308678638394e-05
5986,1.3958288901904196e-05
4223,1.39524230555092e-05
1497,1.3937229294058482e-05
9105,1.3932080836561789e-05
6429,1.3914013293175731e-05
425,1.3902822308282358e-05
9068,1.3882877273826449e-05
8317,1.385000851850151e-05
5596,1.3824892859167807e-05
1641,1.3822680413351268e-05
7373,1.3809421337068988e-05
5460,1.3797588558936649e-05
9765,1.3776745028586401e-05
5638,1.3775663234219733e-05
7086,1.3761249695787754e-05
2986,1.3753923175162878e-05
4459,1.3753668446453571e-05
6563,1.3747645649904118e-05
4840,1.3727388419349387e-05
5333,1.367772159946995e-05
9363,1.3634941149926921e-05
7715,1.3564324617703223e-05
6806,1.3563793821227956e-05
3866,1.3541468686504388e-05
2013,1.3534524244708187e-05
6705,1.3474541230968719e-05
8371,1.3430407357939832e-05
8433,1.3382252013060541e-05
8825,1.3376004800736166e-05
1998,1.3371747535250524e-05
7332,1.3367923266121115e-05
4040,1.3367096447131063e-05
3230,1.3355603049574077e-05
3435,1.3344256204228292e-05
9848,1.3326749929125878e-05
9391,1.3316183622281321e-05
7395,1.331143169786768e-05
4953,1.3283528704311517e-05
4006,1.3280713147445028e-05
6518,1.3273674593715568e-05
6707,1.3273163419534002e-05
7556,1.3266713108956764e-05
199,1.3264595814553831e-05
4603,1.3251598976376435e-05
7229,1.3234019330468267e-05
5081,1.3228837021024578e-05
2614,1.3218734882759122e-05
5133,1.3201509569451015e-05
2347,1.3178237830515044e-05
5293,1.3161018840706564e-05
5734,1.3138243907374922e-05
9588,1.3118368534962884e-05
4555,1.311737399392548e-05
1443,1.3098647418005906e-05
1978,1.3090616580638878e-05
2859,1.3080087898061754e-05
6608,1.307679008904828e-05
9457,1.3027339640014959e-05
47,1.2970428444546732e-05
8361,1.2963912348528087e-05
9030,1.294175112734907e-05
9182,1.2932250022628417e-05
6090,1.2911982276617449e-05
7210,1.2897286806556308e-05
5693,1.283845317689873e-05
3703,1.281925910764246e-05
6698,1.2786263066161878e-05
7227,1.2779523479850912e-05
7978,1.274971089850891e-05
4511,1.2739462991524783e-05
7905,1.2727874462105312e-05
1258,1.2724722685484214e-05
5646,1.2719334461456618e-05
5920,1.2713249390796724e-05
2111,1.270414034580221e-05
2913,1.2701486282280726e-05
3158,1.269946218652547e-05
5773,1.2685303294499954e-05
1261,1.2680843981325496e-05
6008,1.2662095595611088e-05
6064,1.2650389463444399e-05
2142,1.2627988933392036e-05
7521,1.2626978063818138e-05
2020,1.2626882162349468e-05
3234,1.2607133624042397e-05
1765,1.2601806194304942e-05
8690,1.2582650894905012e-05
9201,1.2566942406914587e-05
8311,1.2561790012024073e-05
3002,1.2544238621397488e-05
6374,1.2541543805772422e-05
7435,1.2537378590844835e-05
4259,1.252753544488099e-05
7765,1.2525461181737438e-05
3413,1.2520981461301164e-05
3637,1.2513347134433759e-05
4949,1.250621182784815e-05
3777,1.2496250839204866e-05
8735,1.2475565521804465e-05
8642,1.2467977335504965e-05
9400,1.2462046522314406e-05
6050,1.2457125819004108e-05
7064,1.2444597023986985e-05
4887,1.2441072395959893e-05
6500,1.2439267859317345e-05
8999,1.2405048249907105e-05
4922,1.240296387307267e-05
9612,1.238809826455588e-05
1923,1.2385017145899036e-05
1971,1.2383012505165855e-05
1747,1.2356015670386243e-05
1491,1.2347221161421935e-05
2894,1.2339786490703207e-05
6104,1.2329834093135977e-05
2047,1.231992776656197e-05
5813,1.2304702429236123e-05
3687,1.2283687460127277e-05
3001,1.2267354716983406e-05
7073,1.223721330805122e-05
6390,1.2212121221110362e-05
679,1.220551766914197e-05
5277,1.2184392921672772e-05
934,1.2139784080300302e-05
4762,1.2092909180166509e-05
6261,1.2088202811555248e-05
798,1.2087214143676829e-05
5994,1.2076166385523773e-05
8618,1.2068560187075638e-05
7398,1.2047323640908335e-05
3548,1.2044306955146453e-05
5617,1.2029163843564295e-05
5245,1.2016046371155732e-05
8379,1.2010099917588804e-05
6140,1.2009502676611576e-05
6415,1.199541195305678e-05
8797,1.1989356037309015e-05
6838,1.1949057054501205e-05
4062,1.1942353941679615e-05
4822,1.1928959391532208e-05
2741,1.1923466601948335e-05
4799,1.191912563523422e-05
7578,1.1917752559982618e-05
3493,1.1913670440100122e-05
9323,1.1892701107926966e-05
6249,1.1888558164032824e-05
5612,1.1886630502476664e-05
7378,1.1877522160861644e-05
7740,1.1876430744939964e-05
6612,1.1867127662878368e-05
2847,1.1861709661758324e-05
7510,1.1846879566808466e-05
479,1.183578334096961e-05
3644,1.1825736767460495e-05
4984,1.182450318264753e-05
6061,1.1811268024137563e-05
8995,1.1801039068136844e-05
9940,1.1796321583133866e-05
492,1.1787449483409081e-05
4523,1.178696050205641e-05
7819,1.1769842192194217e-05
2901,1.1764550478252269e-05
9038,1.174367204521898e-05
3430,1.1721079813390645e-05
9140,1.1705658519979925e-05
7266,1.1698009809817906e-05
7887,1.1640494785714118e-05
1142,1.1606839164861252e-05
6880,1.1603817363916488e-05
2734,1.1600143247870196e-05
4905,1.1592035062882062e-05
8595,1.158889609779029e-05
8541,1.1571512235545775e-05
9908,1.1544217320097012e-05
8006,1.15414695413826e-05
3353,1.1527685171893509e-05
1579,1.152386744988355e-05
1582,1.1514966949184668e-05
9934,1.150614379143649e-05
5225,1.1495195576975206e-05
8423,1.148279737643844e-05
5913,1.1474883726099437e-05
8983,1.1447062696147747e-05
8076,1.14375439166043e-05
6772,1.143635730563746e-05
4764,1.1436030654424701e-05
6901,1.1415464977822852e-05
8880,1.141312396931314e-05
3542,1.1399736149895792e-05
4190,1.139668856847073e-05
8144,1.1361823952739969e-05
6445,1.1355784367611144e-05
715,1.135153157479186e-05
7707,1.1346100464569207e-05
5814,1.1344348287642442e-05
3183,1.133409851022509e-05
7301,1.1317126905872809e-05
7505,1.1313787984280367e-05
3033,1.129311323499764e-05
1383,1.129271628825224e-05
6036,1.1267561750016858e-05
4042,1.1264088156824804e-05
5161,1.1248986673963359e-05
431,1.1243504380298738e-05
5415,1.1223414323350604e-05
6526,1.1202176347972033e-05
5433,1.1199392306781648e-05
9097,1.1189757624214664e-05
8743,1.1157907059323932e-05
9372,1.1138684489677303e-05
4547,1.1136341655240858e-05
223,1.112533325876143e-05
9814,1.1113851826331006e-05
363,1.1103521978999766e-05
5854,1.1096879377630308e-05
9769,1.1057622158622426e-05
207,1.1051687307133783e-05
2175,1.1034711557895421e-05
6270,1.1034552227787017e-05
5739,1.102275653434344e-05
6413,1.10016453241207e-05
9557,1.0974948736315133e-05
6805,1.0970366503227012e-05
8793,1.0955974003868108e-05
6470,1.0902150556017816e-05
6717,1.0901907517862212e-05
7988,1.0901850228205634e-05
1962,1.08806266574994e-05
3816,1.0870078108856117e-05
1694,1.0834591394413065e-05
2163,1.0832641128742041e-05
9324,1.0822961841888553e-05
4083,1.0806620690197327e-05
2103,1.07678184224468e-05
6951,1.0762939780322387e-05
5654,1.0759221436695387e-05
3324,1.0739969216110518e-05
3976,1.0739274747291041e-05
3214,1.073429741008852e-05
485,1.0700603382690882e-05
4623,1.0680932689226617e-05
7060,1.0672813775518782e-05
6595,1.0662613437607887e-05
7581,1.063539485787427e-05
2507,1.0630753883582036e-05
1733,1.0597513027196829e-05
6040,1.059534636796241e-05
1567,1.0587530930442755e-05
3748,1.05686263934118e-05
8974,1.0553885696503942e-05
5335,1.0509314004486094e-05
6590,1.0504563118891653e-05
7845,1.0502431151320048e-05
7604,1.0492827205632677e-05
3547,1.0478447416938661e-05
4793,1.0469768142202404e-05
3621,1.046390206259692e-05
1481,1.0461217141394624e-05
2350,1.0453757146229622e-05
7915,1.0450505973450083e-05
6950,1.0418789495283098e-05
7938,1.0415654226616284e-05
1805,1.0396321231297669e-05
8583,1.0363132597392517e-05
5324,1.0359378755627454e-05
9258,1.033867739956436e-05
1709,1.0329592365117675e-05
1981,1.0323346251483166e-05
7708,1.03233162165724e-05
6504,1.031132193626641e-05
6956,1.0304611658900126e-05
7113,1.030456002098163e-05
2908,1.0300053396018135e-05
6428,1.0266815548658127e-05
1947,1.0249809552009472e-05
6171,1.0246056464345836e-05
6311,1.0241584342173087e-05
1997,1.0223687257436809e-05
5809,1.022196451447803e-05
4926,1.0220562955866308e-05
3302,1.0182578518184513e-05
7106,1.0180290225596882e-05
766,1.0136886925342063e-05
5065,1.0096967116255761e-05
1506,1.00905409342388e-05
6019,1.0088709308643949e-05
1230,1.00718637126851e-05
7509,1.0071010760293019e-05
8805,1.0070604109471904e-05
6748,1.0066003354448548e-05
7952,1.0011066548570943e-05
1462,1.0010385200540328e-05
4206,9.999860174924592e-06
749,9.987325695043637e-06
2283,9.985372574755976e-06
6324,9.95392941533606e-06
5286,9.92252686203303e-06
2493,9.917406196219853e-06
4333,9.909862254786215e-06
3855,9.896212565246754e-06
7734,9.882127044091816e-06
5474,9.881549415064937e-06
5970,9.847395013084612e-06
4599,9.834024633876207e-06
3891,9.77959944182849e-06
7358,9.772476745450432e-06
1250,9.756396507795724e-06
7603,9.728001394732924e-06
4821,9.715049023792163e-06
8315,9.713927881842467e-06
6350,9.704803988378538e-06
9555,9.682421745548539e-06
3431,9.664221407019112e-06
1019,9.657508137576608e-06
6365,9.653174708725454e-06
6512,9.646946755304219e-06
3228,9.641886038224196e-06
997,9.639318028342599e-06
3820,9.638674952074139e-06
3159,9.633116044845353e-06
9645,9.632683848206236e-06
8824,9.6281662451885e-06
5801,9.623183255337221e-06
1014,9.610139885299195e-06
9561,9.606506192429782e-06
9483,9.600756242965219e-06
973,9.592705368699269e-06
6954,9.58564883263703e-06
3052,9.585262046917723e-06
2167,9.572998050669464e-06
7710,9.57097380645674e-06
5231,9.55100946737463e-06
8535,9.509001583552347e-06
1373,9.508406384472585e-06
742,9.498181807837529e-06
3499,9.491451513006971e-06
6182,9.485892628306443e-06
1836,9.477934270395821e-06
5918,9.466261079956603e-06
9579,9.458125474215655e-06
3529,9.453968229516925e-06
9932,9.44894074454305e-06
3609,9.447297765961505e-06
6925,9.43141666551085e-06
5018,9.373203697275398e-06
6321,9.329220279645685e-06
7494,9.298862631399585e-06
1325,9.290389006092393e-06
943,9.195294107786054e-06
7626,9.192045666582013e-06
885,9.18596739598909e-06
9946,9.180500112494884e-06
1886,9.179300175139155e-06
9655,9.140129228539047e-06
9432,9.139005481769139e-06
6744,9.121146917440442e-06
1191,9.11984595780624e-06
6780,9.116576656374877e-06
9535,9.114830707767422e-06
3190,9.109948140367044e-06
1527,9.08947884215508e-06
3951,9.0802275696769e-06
1583,9.071285848591992e-06
7179,9.065523153015656e-06
1018,9.034322865727995e-06
1016,9.033824768801693e-06
3097,9.021911776961373e-06
8759,9.011759860431425e-06
9011,8.994315701848856e-06
7776,8.986754084625e-06
2589,8.975136383255207e-06
6370,8.96914897817366e-06
191,8.941318517193577e-06
3980,8.931950600045775e-06
5597,8.930391228026062e-06
7525,8.923294383382836e-06
1691,8.917345832048248e-06
6330,8.913642249327799e-06
2002,8.907872893512523e-06
2383,8.906714085858115e-06
8148,8.868598038314432e-06
6850,8.853274098016499e-06
7242,8.850570702504736e-06
4431,8.848452492361813e-06
1406,8.847981506369417e-06
8627,8.831366472472903e-06
8395,8.826013992469936e-06
9398,8.825579082299014e-06
7625,8.816731271349317e-06
6570,8.810155452644696e-06
5082,8.799207783491368e-06
9521,8.786854893691989e-06
6462,8.784247903900927e-06
855,8.771556657853941e-06
8826,8.76981018411439e-06
7303,8.766377465514568e-06
9844,8.758831745370147e-06
2367,8.742150228306209e-06
8930,8.723842566634082e-06
8551,8.722054062269029e-06
5954,8.718354237145158e-06
2831,8.715797992704747e-06
9446,8.710984372123347e-06
2038,8.702481533045203e-06
3153,8.690401461471824e-06
7536,8.674317834577947e-06
7507,8.66827818253788e-06
7361,8.65643342913748e-06
3532,8.653264429310628e-06
6268,8.636015360552582e-06
7964,8.63547038672583e-06
8349,8.629969071625535e-06
6991,8.629836985770642e-06
2221,8.628899879767047e-06
6451,8.603762926435527e-06
7084,8.595512681181694e-06
5971,8.590109967019713e-06
3069,8.586849733787213e-06
6093,8.5762504689708e-06
8493,8.552304239904268e-06
6774,8.548555458336314e-06
1628,8.548030589761322e-06
5482,8.546717413947343e-06
8434,8.5466797692721e-06
1847,8.516975326074872e-06
3631,8.516342131448453e-06
6167,8.507923578441981e-06
4733,8.492425946530447e-06
2918,8.479973142897007e-06
7156,8.476465238402199e-06
7593,8.44982227223529e-06
1882,8.441851905309484e-06
9928,8.43005499225431e-06
9389,8.41126959416026e-06
5884,8.394594259677413e-06
7966,8.35425381703509e-06
6779,8.353155983876158e-06
3787,8.34426251178401e-06
7339,8.341036341842852e-06
4509,8.331926776779457e-06
8842,8.305776253766353e-06
7377,8.29356745495796e-06
2959,8.285685031774052e-06
8048,8.277052010598482e-06
1327,8.270165457435435e-06
9665,8.256526507587927e-06
3021,8.250836970724898e-06
6981,8.220723687018947e-06
3063,8.194410214828487e-06
5097,8.163956852815265e-06
7397,8.160307886917609e-06
991,8.13790335493989e-06
9486,8.119921248825406e-06
2351,8.117893157790383e-06
4267,8.1108188442279e-06
9892,8.088433158147195e-06
8068,8.08513983027647e-06
2551,8.082988217416565e-06
5503,8.076521206243987e-06
4254,8.067314714407942e-06
9130,8.061644303665694e-06
2265,8.059106299792169e-06
9210,8.058034074277432e-06
5182,8.0574793812877e-06
1231,8.050352267474396e-06
6384,8.027168547569713e-06
4249,8.01515329878633e-06
3885,8.006889232505402e-06
4718,8.004612009492841e-06
7496,7.997731580584229e-06
7225,7.99645555243233e-06
6260,7.995443170964313e-06
3784,7.991883280499557e-06
1203,7.95975827353566e-06
4833,7.958164541827165e-06
3831,7.955613765546105e-06
1479,7.945270250283013e-06
767,7.941840995722124e-06
4213,7.934788148475961e-06
1646,7.908946576551574e-06
7469,7.90719312794003e-06
1150,7.873239855105418e-06
9177,7.836374521501488e-06
1251,7.822809196489423e-06
2415,7.80421048545974e-06
9890,7.793242071575382e-06
4027,7.778343440257332e-06
6318,7.761397990414693e-06
6940,7.737406253897326e-06
8671,7.73237143347156e-06
3937,7.72692460011601e-06
3555,7.715486370818364e-06
4189,7.699194801938402e-06
2024,7.685192167020722e-06
1930,7.681290203479877e-06
9743,7.677134232786835e-06
8635,7.627388242746349e-06
5414,7.612013803409202e-06
9497,7.609317521349097e-06
5299,7.606578049207516e-06
5094,7.586025794857734e-06
6807,7.583880296712419e-06
5230,7.564687520210882e-06
6542,7.5607150705629204e-06
703,7.554952387512252e-06
6564,7.535306607824602e-06
589,7.533167086461786e-06
1671,7.525813747744035e-06
5042,7.518770198021398e-06
5749,7.4828682120579306e-06
6999,7.47149660254841e-06
695,7.450670542414212e-06
9010,7.434537695035916e-06
5455,7.421995280499697e-06
3284,7.418890478560825e-06
2102,7.405675923176513e-06
9975,7.391460072985438e-06
2795,7.37536462117429e-06
3239,7.368178839786364e-06
1875,7.3552696337742965e-06
7374,7.34970756277639e-06
2575,7.335366485410097e-06
2285,7.3219856043901716e-06
8932,7.3216000586276645e-06
5924,7.313754219105842e-06
4798,7.309705324006408e-06
7277,7.2793479725099925e-06
7051,7.269738938960375e-06
5832,7.261838204443587e-06
9630,7.2575790594626716e-06
6771,7.255966021360854e-06
6047,7.244379212900542e-06
8940,7.24173836133013e-06
2254,7.2252734506305204e-06
3157,7.20831756555757e-06
6075,7.199805582399117e-06
735,7.180588048002341e-06
3114,7.1738923250152085e-06
2790,7.1633490322575985e-06
6253,7.162506096689089e-06
5534,7.157177665483005e-06
4588,7.147872988041942e-06
8351,7.126661872956218e-06
6602,7.125110879066355e-06
3005,7.1198273069823665e-06
875,7.09800152535919e-06
7481,7.091994707811511e-06
7401,7.09073668989128e-06
1021,7.053277738552356e-06
9679,7.0528937704920236e-06
3434,7.04755004537025e-06
4542,7.038041787868993e-06
1821,7.028883266317153e-06
4972,7.02276376652204e-06
9708,7.015437619487816e-06
2135,6.9895176657615095e-06
3126,6.9893516991472564e-06
7764,6.983822680313222e-06
982,6.9833115625363005e-06
3562,6.977510720962999e-06
2711,6.971552513692379e-06
8655,6.930725298398534e-06
111,6.929565903195201e-06
9013,6.903431953411984e-06
7555,6.89386356199031e-06
9303,6.886538425513713e-06
3516,6.809013700397865e-06
3669,6.796266551964624e-06
5279,6.781187353139131e-06
6982,6.7736869836261335e-06
6643,6.7696568922028505e-06
6285,6.767603333648632e-06
1909,6.762218164524169e-06
5418,6.756843030304054e-06
7955,6.747771242171218e-06
9329,6.667657718312453e-06
6058,6.656139447714075e-06
6335,6.649650962415269e-06
4143,6.63972476884382e-06
8890,6.631859245943245e-06
4319,6.617967579942174e-06
6461,6.614399185860566e-06
6874,6.612501081492701e-06
8373,6.60140360582507e-06
8949,6.5864041028473625e-06
5895,6.57215740188001e-06
9443,6.5702280040326495e-06
7381,6.562811969279019e-06
5500,6.5563607096691926e-06
3390,6.555615669599909e-06
1911,6.544582969183229e-06
235,6.523249193977406e-06
6740,6.4908280826651536e-06
8531,6.4853491096591565e-06
1953,6.483705506107321e-06
5932,6.4774103960519105e-06
5340,6.4323822926699e-06
6853,6.4171930893702914e-06
127,6.4157276556354715e-06
2942,6.407772494373918e-06
2798,6.405054277544685e-06
9642,6.386812664346121e-06
7951,6.376731724973297e-06
175,6.365217401155904e-06
8734,6.360398858032139e-06
5461,6.344589287540565e-06
4990,6.343894152091537e-06
8693,6.337743076274506e-06
3779,6.336164595807527e-06
8570,6.2999296248028885e-06
5604,6.286918020237403e-06
8686,6.28638266212705e-06
8884,6.275147589377225e-06
5683,6.274584713853093e-06
2763,6.273892765716368e-06
8719,6.26397376459947e-06
5577,6.2516412611668274e-06
6966,6.2509525432448555e-06
2878,6.225281164508286e-06
9301,6.224761224617699e-06
8042,6.221945425363105e-06
923,6.215436877200521e-06
7566,6.202584076891766e-06
3743,6.197711143961832e-06
7843,6.1929087791749955e-06
8867,6.1841307718015334e-06
2813,6.177178752798288e-06
926,6.175942662387735e-06
7078,6.158803682870595e-06
2017,6.157183247736895e-06
9653,6.152842537445634e-06
2021,6.13987259981994e-06
3683,6.132480426859961e-06
3293,6.1320341320776285e-06
9018,6.13008401562892e-06
5071,6.1255189793230986e-06
495,6.121365055725516e-06
7018,6.121180697919398e-06
9003,6.113861790177926e-06
8700,6.108248679936902e-06
2975,6.1000497832273105e-06
2207,6.092483439940776e-06
5103,6.092071517984417e-06
8100,6.083137890714417e-06
1629,6.046993330172266e-06
6423,6.038586363370559e-06
5350,6.037112673486504e-06
5862,6.024935413714781e-06
2231,6.018345033603779e-06
4477,6.004971620454586e-06
3756,5.9934501008198645e-06
3374,5.97919286776602e-06
7344,5.976544145003746e-06
6539,5.976115989681092e-06
4911,5.954542387741067e-06
4005,5.9527869824719596e-06
2941,5.945132430126988e-06
2028,5.945100194379949e-06
7079,5.9437945288220415e-06
4282,5.936106912684969e-06
3786,5.9217613952077895e-06
8810,5.912305490198889e-06
7944,5.9115661279927666e-06
9690,5.901745938214956e-06
1115,5.900409254823536e-06
6098,5.882973602878825e-06
2491,5.878379313764282e-06
7624,5.833274409838344e-06
6267,5.796210457451314e-06
7009,5.789485786841809e-06
3940,5.782365260878867e-06
3886,5.782077934022939e-06
2687,5.778233289494704e-06
3199,5.7780224071231536e-06
7796,5.776810103118455e-06
3900,5.768040555440773e-06
9891,5.7632949384805375e-06
9149,5.7616126918171755e-06
2523,5.742966650814905e-06
9147,5.738319196903257e-06
1866,5.721705941410459e-06
2639,5.706045940570736e-06
7879,5.701516252681833e-06
1489,5.680780757193466e-06
3550,5.679986437092396e-06
3491,5.586346291397899e-06
5757,5.5785253787767415e-06
9628,5.573115891133165e-06
8694,5.558848010839911e-06
9343,5.531424077303936e-06
5330,5.526589050774612e-06
3838,5.52593082856151e-06
3195,5.519253245118782e-06
3057,5.518698415550543e-06
9638,5.506795869312984e-06
3492,5.4991716648506425e-06
5462,5.4932631182639116e-06
2271,5.487089808058884e-06
9897,5.475671280557423e-06
5976,5.471582579647723e-06
6881,5.4667779457161865e-06
9239,5.466129679648829e-06
3945,5.460693631011315e-06
7748,5.4549651155576095e-06
5942,5.448731156260609e-06
2719,5.442272651263668e-06
4035,5.427709582269885e-06
2891,5.426120763738455e-06
5818,5.420037798629369e-06
9112,5.414280674282401e-06
6549,5.4068144150760466e-06
6761,5.384434747883248e-06
8935,5.364788054295685e-06
6206,5.363608044833488e-06
6457,5.3568481742581525e-06
6945,5.354668107072829e-06
8902,5.345235720338457e-06
4830,5.3360668337276884e-06
8937,5.330294234995056e-06
8575,5.328402536338142e-06
7368,5.321914080045042e-06
3249,5.321080634165998e-06
4151,5.317684308560578e-06
5373,5.3148770055885634e-06
7221,5.309450546878827e-06
7884,5.293140657196461e-06
7649,5.291713334198838e-06
7619,5.289147964659949e-06
7157,5.288209403679979e-06
231,5.286648657479048e-06
4462,5.276896977172102e-06
6555,5.276828240593012e-06
7206,5.26524623260878e-06
8753,5.254887537259112e-06
5689,5.25397669805472e-06
4330,5.242158085329182e-06
4310,5.240183994211383e-06
2239,5.239584470635811e-06
9695,5.235286930619965e-06
5955,5.231562945473044e-06
3917,5.197208474318803e-06
7595,5.196953337584324e-06
1661,5.192032322040075e-06
9607,5.178197427191699e-06
3032,5.175468044683026e-06
5623,5.1725945845573274e-06
6682,5.147756802619741e-06
7750,5.1395347968739314e-06
7818,5.1349928053026855e-06
4517,5.130517346254674e-06
967,5.117393016004209e-06
8129,5.109413531786059e-06
1993,5.098337086472854e-06
3948,5.087418344901462e-06
5116,5.08504374983153e-06
9592,5.076675485631036e-06
6510,5.069364965867712e-06
4647,5.0299483842501365e-06
2269,5.025062406641243e-06
8875,5.016539688924976e-06
5608,5.0098755270776974e-06
1768,5.0088996060283376e-06
8172,4.990413333027719e-06
4251,4.966448135485769e-06
5663,4.956454987604974e-06
2079,4.9557631581180396e-06
3227,4.953389874815171e-06
6459,4.939127492143713e-06
9310,4.918266503207691e-06
8906,4.917485796833064e-06
2263,4.905032487316401e-06
5951,4.89687304962849e-06
6834,4.8861289046826666e-06
5301,4.885976114698872e-06
6710,4.884698986336183e-06
1407,4.879711159130343e-06
4570,4.868081386802667e-06
5975,4.862203817375138e-06
2663,4.8619914319127e-06
6327,4.858704164674428e-06
3207,4.843847583355778e-06
6741,4.83229956540284e-06
7729,4.8164117866393484e-06
9017,4.806262063466077e-06
7173,4.797687045582157e-06
6046,4.762469329823962e-06
2904,4.7214282516528425e-06
6382,4.708354567115714e-06
3957,4.7038771363854746e-06
2026,4.6957563031767305e-06
9867,4.691059681070117e-06
8510,4.680914415231027e-06
5285,4.679986542043132e-06
7193,4.678159681334315e-06
2907,4.670923220910832e-06
3303,4.6664619005891745e-06
6205,4.65278780498441e-06
5893,4.652568327671943e-06
7810,4.651943137798221e-06
4155,4.65104314245661e-06
9852,4.627726088855356e-06
847,4.6228669324939084e-06
8319,4.620285702965533e-06
3256,4.6179291519158136e-06
1459,4.610164459120776e-06
1199,4.599010872933453e-06
6385,4.588503052217145e-06
4923,4.5562418170127166e-06
8555,4.54441770679419e-06
4215,4.5313321753113274e-06
6453,4.524738919306193e-06
6498,4.52407587585156e-06
4045,4.518873845202236e-06
9987,4.510229879043882e-06
4815,4.503577893151154e-06
9277,4.503204576280691e-06
2395,4.502713420540509e-06
6218,4.49965634790899e-06
4327,4.486490236100889e-06
3165,4.477578485481074e-06
2583,4.471991335512906e-06
8910,4.471661226410682e-06
2797,4.464029138357076e-06
9618,4.455752677094772e-06
3197,4.4405140372757135e-06
2243,4.420287874399874e-06
7694,4.414096561876223e-06
9675,4.395940840721153e-06
3193,4.395550436410985e-06
1626,4.3912335833576156e-06
9449,4.370017052987476e-06
1879,4.362167312213671e-06
5403,4.323562911080472e-06
7954,4.3210813806839535e-06
9660,4.320317128487331e-06
9085,4.319170400750295e-06
5347,4.3166696801633145e-06
5589,4.298529768352546e-06
5963,4.297069214170454e-06
7697,4.281981661407363e-06
9686,4.278167878436071e-06
6030,4.277844174583515e-06
9529,4.2753340664446526e-06
9129,4.2713750077887e-06
5603,4.251967301197765e-06
7029,4.237985617424572e-06
8526,4.217088672894985e-06
1509,4.215307837674197e-06
6081,4.206245273422798e-06
4827,4.201418226329675e-06
5785,4.192826109089252e-06
7993,4.189647202135274e-06
5595,4.186617431002229e-06
7105,4.1825611407925285e-06
8814,4.176883168267707e-06
3674,4.169733240997298e-06
3013,4.150037768433436e-06
4087,4.149747857589516e-06
6673,4.145284335299799e-06
9735,4.1411023980390775e-06
5870,4.137822076118848e-06
2743,4.1096597010034636e-06
7340,4.097838801245959e-06
4461,4.082448154292029e-06
3359,4.069247437177175e-06
7554,4.0691858419902354e-06
9885,4.056641321694347e-06
8877,4.053251169072981e-06
1339,4.046850510941674e-06
5302,4.041517847817479e-06
8823,4.041220634184266e-06
9335,4.027927946837086e-06
9167,4.026507611976329e-06
5682,4.017785574168942e-06
4351,4.013625911915626e-06
3939,3.994754491627073e-06
9573,3.987369731021322e-06
4711,3.986880872384503e-06
1496,3.983661464488347e-06
4957,3.973523305936671e-06
3851,3.969539845375133e-06
6041,3.9513028182916856e-06
3859,3.92522028916395e-06
3007,3.910620895362204e-06
9198,3.901348917396296e-06
4023,3.894495003287235e-06
7413,3.852018178759306e-06
7118,3.847141731455613e-06
8502,3.837640123433592e-06
8661,3.833471117619104e-06
2042,3.832288243127039e-06
3247,3.829714461249645e-06
5943,3.825333150874054e-06
3918,3.819788808643572e-06
5061,3.803463117648188e-06
3699,3.8031008952380057e-06
9861,3.8028949161208816e-06
5354,3.7872445527567843e-06
6755,3.7763870149829716e-06
7701,3.7752948531158846e-06
7388,3.7695795659410656e-06
7690,3.7670986954770823e-06
3055,3.7618036912966242e-06
9436,3.756953293340632e-06
4317,3.7490488013722976e-06
9676,3.735335342484845e-06
6524,3.7214096531644034e-06
3287,3.712330982715853e-06
8067,3.712143183186808e-06
2525,3.7083385210557555e-06
3438,3.7020222416085855e-06
5679,3.69875905103726e-06
6052,3.6777252354194297e-06
2995,3.6559720120996872e-06
8295,3.6531692209377173e-06
8318,3.6359895040715036e-06
3909,3.628223247563757e-06
5678,3.6185482716504803e-06
2955,3.5973811407329578e-06
8923,3.594071719839253e-06
3045,3.5917167054503308e-06
4535,3.5822070966670834e-06
9889,3.5818308546782134e-06
5560,3.5787382953679315e-06
5091,3.578181060424105e-06
9790,3.574392947465536e-06
3869,3.5734998883242804e-06
9246,3.561582357701462e-06
5957,3.537129665097207e-06
3914,3.532560051046233e-06
2991,3.509437220538114e-06
7753,3.4923497781578543e-06
8016,3.4796496444736182e-06
6685,3.46547083391998e-06
8643,3.4645518318547788e-06
7478,3.462460664771373e-06
9629,3.4443596741744173e-06
8615,3.4325733548193977e-06
2997,3.4320659793791435e-06
3614,3.429993340264178e-06
5357,3.426435498098735e-06
7405,3.424894921177081e-06
9811,3.414072821511359e-06
8182,3.3868359959702162e-06
6868,3.38460777827091e-06
5391,3.3679683369322823e-06
6364,3.3564481500532603e-06
6301,3.3280702873348277e-06
6313,3.3269743307685447e-06
9780,3.3240474418443355e-06
3738,3.3210607116837387e-06
6363,3.317442041892062e-06
8601,3.3052710524296744e-06
446,3.305031444877027e-06
3561,3.3015903101330986e-06
2284,3.2974916378290282e-06
9422,3.2974539632740653e-06
899,3.2941785453318575e-06
6317,3.28104239147608e-06
5446,3.2758220963765317e-06
6174,3.274646014599701e-06
1769,3.264062573332208e-06
9622,3.2571137849831106e-06
2785,3.2510174346441616e-06
3697,3.245334424726782e-06
5602,3.2290291540508813e-06
2266,3.2262111179262853e-06
9307,3.2250604469267224e-06
1404,3.2142636766085036e-06
7437,3.2124469979617636e-06
1535,3.2078622654636252e-06
6626,3.2051417377649403e-06
6116,3.204445484554083e-06
2871,3.197291134965481e-06
4979,3.1902994839966974e-06
7274,3.1785357979754375e-06
3797,3.177048655414543e-06
7283,3.1663797323236213e-06
6923,3.150798564697544e-06
9168,3.13986141647824e-06
8507,3.1258532671588458e-06
3087,3.1247706504557704e-06
5519,3.1050562083721876e-06
878,3.1032492132331152e-06
2478,3.0926851206476404e-06
463,3.091897913431399e-06
3822,3.0876454723995853e-06
6441,3.0830695359988313e-06
5961,3.078533821775684e-06
4091,3.07701792711559e-06
7281,3.073515564060439e-06
9039,3.0725121431708426e-06
3166,3.070263031948066e-06
3755,3.0643052306119086e-06
3765,3.047222067107776e-06
3031,3.04252749457757e-06
7518,3.0331872084101624e-06
1526,3.0190409620506225e-06
7793,3.0090560704461244e-06
6795,2.9952425255979825e-06
9375,2.9856066456023066e-06
1977,2.9587328933638023e-06
3894,2.952420608181553e-06
6610,2.9467487005618638e-06
5438,2.940974187925812e-06
7307,2.9396531346554955e-06
6471,2.9328478505757523e-06
1863,2.9273376094253552e-06
9261,2.916397659114855e-06
2282,2.9016586548087765e-06
9835,2.8909248627772335e-06
9754,2.890151851715725e-06
2159,2.8808398282415264e-06
6679,2.877239874152555e-06
9440,2.8670614065653513e-06
3706,2.860272669606457e-06
9022,2.857070690482964e-06
9939,2.850790143841693e-06
8441,2.8437656676035998e-06
7658,2.8403671817693835e-06
1969,2.8341586840405703e-06
8421,2.830653789655279e-06
6899,2.8042531679622557e-06
5564,2.796472621509821e-06
8630,2.787932049278321e-06
9468,2.7670316689046757e-06
4318,2.766089085426567e-06
3663,2.762325694052801e-06
7568,2.7616861295827563e-06
9042,2.7524719755893422e-06
5875,2.7513625021867315e-06
951,2.750954928678259e-06
1463,2.7470298733184733e-06
3783,2.7437273808674967e-06
3735,2.737921039154177e-06
7813,2.724865425491427e-06
2922,2.7224458127266185e-06
8437,2.7088292731691804e-06
887,2.7029754732304045e-06
8116,2.7022969231610315e-06
7687,2.6820789470800786e-06
9381,2.672288423218766e-06
4052,2.6627819342013965e-06
8130,2.6560073510218303e-06
2399,2.641135253695082e-06
5227,2.6342336895797134e-06
7564,2.6237595949841578e-06
9636,2.621789850389798e-06
2008,2.614136768019113e-06
8113,2.611035118457235e-06
8828,2.603525323550057e-06
6714,2.601036021343305e-06
6857,2.5975264201968045e-06
1738,2.594671582634823e-06
6854,2.592061551457191e-06
6380,2.5907130378316536e-06
1948,2.5834660834500055e-06
9574,2.573112827638793e-06
4846,2.5637270214879157e-06
8605,2.5568238306477948e-06
6223,2.5451867889521024e-06
5495,2.5352033437442403e-06
9043,2.5332327867567683e-06
9838,2.5290186254075367e-06
1381,2.5264702877567983e-06
3795,2.5160700431016823e-06
9952,2.5137290880425043e-06
9503,2.502319196656004e-06
4825,2.493402622760366e-06
7017,2.4762167010500677e-06
8553,2.4726009333235206e-06
1966,2.470914175803138e-06
239,2.46776839762086e-06
5847,2.4627092133310493e-06
7356,2.4607882827870904e-06
9057,2.4462337439190207e-06
6044,2.444303000997234e-06
975,2.4389482000888296e-06
4859,2.4375754739014637e-06
3788,2.4274467852213022e-06
3010,2.4214464307689876e-06
6582,2.4158154478402783e-06
8933,2.4085446077102113e-06
1502,2.397481095756237e-06
3989,2.3966674011500575e-06
990,2.3950712659344874e-06
7462,2.389622123658707e-06
6159,2.386135034570489e-06
748,2.3821253235814776e-06
6123,2.381102164334483e-06
5703,2.3756863876121586e-06
7833,2.3721616599507935e-06
5692,2.3536267731029635e-06
9842,2.351299360949124e-06
9454,2.34567331945151e-06
6864,2.338497633589754e-06
5829,2.335323655680405e-06
8688,2.335144494270605e-06
1103,2.332545264349071e-06
8398,2.3288397784432326e-06
3670,2.3273099037812483e-06
4839,2.3237951265265953e-06
575,2.319912664140493e-06
5837,2.311465182074541e-06
5999,2.3043320449951992e-06
3878,2.30370284829654e-06
5725,2.2985157326353183e-06
7508,2.29778007466852e-06
6562,2.2936104131060476e-06
5946,2.292437831492847e-06
5175,2.2905755174434884e-06
9431,2.280359102396113e-06
4021,2.263061881512472e-06
5375,2.2620505642875644e-06
7948,2.2334315131806784e-06
8176,2.2326810916563327e-06
5019,2.2293235393744825e-06
2461,2.2262177765224458e-06
7725,2.226099554089379e-06
6084,2.2210452644438574e-06
5751,2.1920497736904424e-06
6203,2.191286049479268e-06
8569,2.1895854974646064e-06
6561,2.1892550022165677e-06
5709,2.1801467788158386e-06
4590,2.1745874237616327e-06
4695,2.1694232823623813e-06
3225,2.1685274681291206e-06
4563,2.1568301864352215e-06
6295,2.1549274039805557e-06
3613,2.143520375389284e-06
3271,2.142916740182347e-06
8366,2.1257587168422576e-06
3902,2.116004186873491e-06
1695,2.1064490761657533e-06
8561,2.105483530071191e-06
8798,2.1018654947922936e-06
2887,2.1010431648949794e-06
9709,2.0968628544856793e-06
6887,2.0897785427761704e-06
998,2.0864817578997773e-06
3500,2.0852847409209826e-06
5719,2.0793800484467006e-06
5275,2.062546734667984e-06
4669,2.0493206570553145e-06
2935,2.0066591243534996e-06
8104,2.0004410775566054e-06
7259,1.9993544655413914e-06
7809,1.982830536083685e-06
7846,1.98152102053e-06
863,1.956743376491527e-06
4551,1.9553153738094017e-06
1259,1.9428598576652055e-06
3539,1.9365407981048953e-06
7888,1.9355106365414666e-06
4963,1.9341411457719984e-06
9200,1.918445585855752e-06
1500,1.8964580094333624e-06
9956,1.8911053787462792e-06
7319,1.8909148740281e-06
7047,1.8878305185504305e-06
6188,1.88524597151143e-06
7066,1.8769834468364604e-06
1262,1.867195781667542e-06
7582,1.864585561071253e-06
6080,1.8611910487887249e-06
9420,1.8558348405945168e-06
5027,1.8359834775069987e-06
4823,1.8349379414945922e-06
3415,1.8328007279936023e-06
2006,1.8282166578983228e-06
7247,1.8252365362620657e-06
693,1.8216066991912538e-06
7652,1.8153566796011015e-06
4335,1.8067191639527845e-06
6334,1.78970134050336e-06
6265,1.7859600243448267e-06
3927,1.7847845208874049e-06
9976,1.7804687917939332e-06
6620,1.7775539537854326e-06
2279,1.7761252860002355e-06
7825,1.7718903003744187e-06
7840,1.758546147605449e-06
9009,1.7440798752770699e-06
9585,1.7388888892203931e-06
5101,1.7297404935717864e-06
3749,1.7275677893839305e-06
1399,1.7179919563275018e-06
7699,1.7131209603153537e-06
7941,1.709692485562928e-06
2746,1.6990098556482155e-06
5578,1.6962903926863189e-06
5882,1.6950079202983976e-06
6649,1.6904270578239466e-06
2793,1.6850649152756214e-06
7240,1.6844639257783615e-06
7630,1.680703106749566e-06
5085,1.6767210442401936e-06
4092,1.6664578884269056e-06
9750,1.6632961566323402e-06
7209,1.6591619310603536e-06
2779,1.6554683318089043e-06
8425,1.6421900485310503e-06
8070,1.6401952641069849e-06
1759,1.633004278422639e-06
9035,1.6284961638488584e-06
6250,1.6276596286772547e-06
1855,1.622174515276399e-06
8903,1.6069322901296596e-06
1516,1.6046153809051783e-06
5965,1.6034140090191174e-06
4008,1.593611546137205e-06
6699,1.5907826129852345e-06
3514,1.5792186147669716e-06
6996,1.5790396726642506e-06
3180,1.5772332634549056e-06
5294,1.5667962793368145e-06
9677,1.5646525539243173e-06
1912,1.557076233917508e-06
2530,1.5565592087009762e-06
8316,1.548587724675268e-06
8946,1.5415227557801542e-06
5590,1.5342875160689604e-06
4443,1.532091798187239e-06
2010,1.526682791017139e-06
5914,1.5142525601020962e-06
8813,1.5007212149541197e-06
9063,1.4997463236324734e-06
9620,1.4974201013180215e-06
9635,1.480815455021395e-06
7622,1.4697939922119847e-06
9064,1.4678841068757e-06
3519,1.4579100371940679e-06
2517,1.4548529029255784e-06
1869,1.453034570182925e-06
7527,1.4489733602303143e-06
4286,1.4282837767352072e-06
7942,1.426399926640035e-06
7207,1.4258729621520114e-06
6819,1.4036769222350291e-06
7146,1.398686987966723e-06
6097,1.3985797649184627e-06
6993,1.3980300492476058e-06
8781,1.3962985798110128e-06
1149,1.3950079758050146e-06
3974,1.3927360733582692e-06
9332,1.387834807204126e-06
8074,1.3815092336329347e-06
6554,1.3786469891041604e-06
2777,1.3652447815280268e-06
9383,1.3552187724854268e-06
8749,1.3452412035249818e-06
3645,1.3391769272467425e-06
6302,1.3379612576191194e-06
9322,1.3296605251608465e-06
3000,1.324163154056148e-06
6844,1.3154659814238376e-06
7497,1.3144585315730041e-06
6227,1.300343307807981e-06
8863,1.2936491853410286e-06
9125,1.2801195499449558e-06
6204,1.2777420032793346e-06
7254,1.2708135229630755e-06
4000,1.269976547723153e-06
3421,1.2578026014538037e-06
1711,1.2537313721273802e-06
6045,1.2380003383916905e-06
8950,1.213951307142843e-06
6231,1.2138784981992525e-06
6962,1.213033225413652e-06
9893,1.1761988443340303e-06
7326,1.1705061521954623e-06
9115,1.1698194978903798e-06
6953,1.1695445430051465e-06
8761,1.1450501312667704e-06
1517,1.123803326285179e-06
3518,1.1194734692685976e-06
6305,1.0949182204381722e-06
1927,1.0694843227693503e-06
9688,1.0558363770232778e-06
3291,1.0089466602844682e-06
5469,1.0027402840934004e-06
8629,1.0023660335730206e-06
3429,1.0023612209714598e-06
9822,9.56793287410352e-07
9142,8.526946980741697e-07
9523,8.268855532630652e-07
4447,7.916373450178761e-07
6117,7.83348986804808e-07
8795,7.560111858725247e-07
5748,7.091889682228668e-07
6823,7.062790527352316e-07
8948,6.426944252723318e-07
6115,6.143477302227046e-07
747,5.830422630236795e-07
3259,5.676092790897441e-07
2665,5.447809110514999e-07
7325,2.988383080404178e-07
6388,0.0
6394,0.0
6395,0.0
6396,0.0
6397,0.0
6377,0.0
6378,0.0
6379,0.0
6381,0.0
5653,0.0
9338,0.0
9339,0.0
5613,0.0
5619,0.0
6427,0.0
1279,0.0
9373,0.0
6359,0.0
8039,0.0
8041,0.0
8043,0.0
8044,0.0
8054,0.0
8058,0.0
4697,0.0
5620,0.0
4717,0.0
8065,0.0
8071,0.0
6360,0.0
3357,0.0
238,0.0
9358,0.0
1483,0.0
1486,0.0
4701,0.0
8109,0.0
8112,0.0
8114,0.0
3391,0.0
3383,0.0
9334,0.0
1503,0.0
6463,0.0
1263,0.0
6355,0.0
5583,0.0
5591,0.0
3403,0.0
3406,0.0
3407,0.0
9316,0.0
6455,0.0
5599,0.0
5601,0.0
5581,0.0
6430,0.0
6437,0.0
6450,0.0
6421,0.0
6424,0.0
1511,0.0
1513,0.0
5607,0.0
5610,0.0
8108,0.0
8080,0.0
8084,0.0
8088,0.0
8093,0.0
8096,0.0
8098,0.0
8101,0.0
8102,0.0
8107,0.0
5611,0.0
3263,0.0
9466,0.0
3211,0.0
5741,0.0
5742,0.0
5743,0.0
5745,0.0
1469,0.0
7692,0.0
9427,0.0
7962,0.0
4875,0.0
7644,0.0
7651,0.0
7656,0.0
7657,0.0
7659,0.0
7665,0.0
7666,0.0
7958,0.0
7691,0.0
7971,0.0
7974,0.0
7985,0.0
7987,0.0
7989,0.0
8001,0.0
8004,0.0
8009,0.0
3260,0.0
6303,0.0
5755,0.0
5758,0.0
6269,0.0
6283,0.0
5736,0.0
5714,0.0
5715,0.0
5722,0.0
8010,0.0
8034,0.0
8035,0.0
8036,0.0
6362,0.0
6366,0.0
6371,0.0
9394,0.0
3305,0.0
3307,0.0
4847,0.0
5707,0.0
5710,0.0
6342,0.0
6343,0.0
2654,0.0
9403,0.0
9406,0.0
5605,0.0
2651,0.0
5695,0.0
8038,0.0
9452,0.0
9453,0.0
9459,0.0
3255,0.0
6309,0.0
6316,0.0
9429,0.0
9430,0.0
6333,0.0
9438,0.0
3275,0.0
3277,0.0
3278,0.0
3279,0.0
5731,0.0
6323,0.0
6328,0.0
6331,0.0
9434,0.0
4687,0.0
8164,0.0
8177,0.0
8178,0.0
8185,0.0
4667,0.0
7575,0.0
7576,0.0
7969,0.0
3558,0.0
3564,0.0
6580,0.0
6581,0.0
6583,0.0
9178,0.0
9179,0.0
9180,0.0
9181,0.0
9195,0.0
5559,0.0
6515,0.0
6584,0.0
6585,0.0
6593,0.0
6597,0.0
6598,0.0
6599,0.0
6557,0.0
1870,0.0
6567,0.0
6569,0.0
6573,0.0
3566,0.0
3567,0.0
3575,0.0
9197,0.0
3543,0.0
7618,0.0
6565,0.0
3582,0.0
3583,0.0
9161,0.0
9164,0.0
9172,0.0
9174,0.0
9175,0.0
9126,0.0
9131,0.0
9183,0.0
9134,0.0
9135,0.0
9136,0.0
2475,0.0
6601,0.0
6604,0.0
6605,0.0
6606,0.0
6607,0.0
9132,0.0
9185,0.0
9187,0.0
9188,0.0
9189,0.0
9190,0.0
9191,0.0
9193,0.0
9194,0.0
7611,0.0
2495,0.0
7615,0.0
9138,0.0
9139,0.0
9143,0.0
9148,0.0
9155,0.0
9157,0.0
9158,0.0
2492,0.0
7613,0.0
9271,0.0
5598,0.0
6477,0.0
6479,0.0
6485,0.0
6486,0.0
6489,0.0
6491,0.0
6495,0.0
5555,0.0
5563,0.0
5567,0.0
5574,0.0
5575,0.0
3515,0.0
3517,0.0
9243,0.0
3497,0.0
5576,0.0
5561,0.0
1501,0.0
8079,0.0
8120,0.0
8124,0.0
8125,0.0
8128,0.0
7620,0.0
7628,0.0
7633,0.0
9269,0.0
7637,0.0
7638,0.0
7641,0.0
1782,0.0
1785,0.0
3423,0.0
9295,0.0
2542,0.0
3467,0.0
7634,0.0
7598,0.0
7601,0.0
7605,0.0
6519,0.0
6527,0.0
6535,0.0
3546,0.0
6543,0.0
6553,0.0
5579,0.0
5527,0.0
5530,0.0
3523,0.0
9202,0.0
9227,0.0
3507,0.0
5543,0.0
5545,0.0
5547,0.0
5525,0.0
6499,0.0
6501,0.0
6506,0.0
6507,0.0
6511,0.0
6514,0.0
3502,0.0
2511,0.0
2527,0.0
7597,0.0
8131,0.0
8136,0.0
8143,0.0
8146,0.0
8149,0.0
8154,0.0
8156,0.0
8161,0.0
7596,0.0
3463,0.0
4792,0.0
4794,0.0
4845,0.0
7717,0.0
7722,0.0
7723,0.0
7730,0.0
7733,0.0
7685,0.0
6089,0.0
6092,0.0
6094,0.0
6099,0.0
6103,0.0
6109,0.0
6110,0.0
1435,0.0
1439,0.0
6085,0.0
9767,0.0
9771,0.0
6067,0.0
6069,0.0
5933,0.0
5935,0.0
5937,0.0
5947,0.0
9775,0.0
4782,0.0
9785,0.0
9791,0.0
9794,0.0
9795,0.0
6039,0.0
7821,0.0
7822,0.0
7823,0.0
4779,0.0
9783,0.0
9722,0.0
3025,0.0
3038,0.0
6126,0.0
6127,0.0
6129,0.0
6133,0.0
9689,0.0
9694,0.0
5919,0.0
9704,0.0
9705,0.0
3043,0.0
3047,0.0
3051,0.0
3053,0.0
2786,0.0
7736,0.0
7738,0.0
9703,0.0
3039,0.0
3011,0.0
3017,0.0
9734,0.0
6076,0.0
6078,0.0
6083,0.0
4795,0.0
7829,0.0
9720,0.0
7834,0.0
7835,0.0
7836,0.0
7844,0.0
7848,0.0
7849,0.0
7850,0.0
7851,0.0
9719,0.0
7830,0.0
7774,0.0
7777,0.0
4803,0.0
4806,0.0
7747,0.0
7749,0.0
7751,0.0
7752,0.0
5966,0.0
9758,0.0
9909,0.0
6028,0.0
6029,0.0
6033,0.0
6034,0.0
6035,0.0
6037,0.0
2919,0.0
2923,0.0
5967,0.0
9876,0.0
2877,0.0
2879,0.0
5979,0.0
5982,0.0
5989,0.0
5990,0.0
5993,0.0
9945,0.0
7773,0.0
9980,0.0
9982,0.0
9951,0.0
9978,0.0
9923,0.0
6010,0.0
5962,0.0
7771,0.0
7772,0.0
9941,0.0
6022,0.0
6026,0.0
6027,0.0
6051,0.0
7755,0.0
7778,0.0
7779,0.0
7781,0.0
7783,0.0
2927,0.0
7790,0.0
7792,0.0
7800,0.0
7803,0.0
7811,0.0
7815,0.0
7820,0.0
6055,0.0
6060,0.0
7785,0.0
9837,0.0
9839,0.0
9843,0.0
6002,0.0
6003,0.0
6006,0.0
6009,0.0
2979,0.0
2983,0.0
6017,0.0
9803,0.0
9807,0.0
2815,0.0
2951,0.0
2943,0.0
9818,0.0
9823,0.0
9831,0.0
6011,0.0
9802,0.0
2751,0.0
2766,0.0
5817,0.0
5819,0.0
5820,0.0
5822,0.0
5825,0.0
9571,0.0
9662,0.0
7908,0.0
7912,0.0
5793,0.0
5759,0.0
5763,0.0
5767,0.0
5770,0.0
5775,0.0
1359,0.0
7904,0.0
7916,0.0
7920,0.0
7921,0.0
7932,0.0
7940,0.0
4763,0.0
7946,0.0
7947,0.0
7949,0.0
9567,0.0
9582,0.0
9583,0.0
9586,0.0
9587,0.0
2775,0.0
3134,0.0
2735,0.0
9559,0.0
9564,0.0
9581,0.0
2731,0.0
5810,0.0
5781,0.0
5789,0.0
3215,0.0
9487,0.0
2703,0.0
6254,0.0
7950,0.0
6235,0.0
7957,0.0
1807,0.0
4858,0.0
7668,0.0
7669,0.0
7672,0.0
7678,0.0
7681,0.0
6609,0.0
7953,0.0
1451,0.0
5799,0.0
5802,0.0
2717,0.0
9531,0.0
9546,0.0
3127,0.0
3129,0.0
6258,0.0
9527,0.0
6262,0.0
1471,0.0
5747,0.0
3182,0.0
9513,0.0
3181,0.0
9516,0.0
9518,0.0
9525,0.0
6259,0.0
7870,0.0
1834,0.0
1838,0.0
4773,0.0
7873,0.0
7874,0.0
7875,0.0
7878,0.0
5887,0.0
7913,0.0
9657,0.0
6142,0.0
5857,0.0
5859,0.0
9639,0.0
9641,0.0
9644,0.0
9647,0.0
9649,0.0
9656,0.0
9667,0.0
2791,0.0
2796,0.0
2799,0.0
3054,0.0
9670,0.0
9671,0.0
9678,0.0
9685,0.0
7866,0.0
5923,0.0
6118,0.0
6119,0.0
6122,0.0
6124,0.0
7862,0.0
7863,0.0
7864,0.0
7865,0.0
9687,0.0
3086,0.0
5901,0.0
6141,0.0
5839,0.0
5841,0.0
5845,0.0
5849,0.0
7881,0.0
7883,0.0
9650,0.0
7894,0.0
7897,0.0
7704,0.0
7705,0.0
7709,0.0
7713,0.0
4843,0.0
7899,0.0
1389,0.0
7889,0.0
5909,0.0
5915,0.0
1423,0.0
1405,0.0
7855,0.0
7857,0.0
7861,0.0
5811,0.0
2783,0.0
3070,0.0
9611,0.0
5861,0.0
5863,0.0
6175,0.0
5836,0.0
9623,0.0
9626,0.0
9627,0.0
3066,0.0
9595,0.0
4050,0.0
4053,0.0
5197,0.0
7052,0.0
7054,0.0
7059,0.0
7062,0.0
4056,0.0
5486,0.0
4067,0.0
4068,0.0
8647,0.0
8650,0.0
8664,0.0
8665,0.0
861,0.0
1989,0.0
1991,0.0
4066,0.0
4019,0.0
4025,0.0
1999,0.0
8666,0.0
5214,0.0
5215,0.0
5222,0.0
5223,0.0
7030,0.0
4047,0.0
7042,0.0
7043,0.0
1198,0.0
1647,0.0
8667,0.0
8674,0.0
8684,0.0
4029,0.0
4038,0.0
7035,0.0
7065,0.0
7067,0.0
7070,0.0
7081,0.0
7087,0.0
1755,0.0
8374,0.0
8383,0.0
727,0.0
1992,0.0
4095,0.0
4069,0.0
4071,0.0
4072,0.0
4078,0.0
7089,0.0
7092,0.0
7093,0.0
7096,0.0
4093,0.0
7399,0.0
7402,0.0
7403,0.0
7404,0.0
7406,0.0
4965,0.0
4967,0.0
1663,0.0
8634,0.0
5191,0.0
4044,0.0
4046,0.0
7114,0.0
1689,0.0
4086,0.0
723,0.0
8619,0.0
8622,0.0
5183,0.0
8636,0.0
6974,0.0
6979,0.0
3981,0.0
3982,0.0
3990,0.0
3991,0.0
3992,0.0
636,0.0
3955,0.0
4015,0.0
3961,0.0
3963,0.0
3966,0.0
3967,0.0
8751,0.0
3996,0.0
6987,0.0
6988,0.0
6995,0.0
3959,0.0
8767,0.0
3924,0.0
3926,0.0
8758,0.0
3941,0.0
3942,0.0
3946,0.0
6931,0.0
6934,0.0
6969,0.0
6937,0.0
6938,0.0
6939,0.0
6942,0.0
6949,0.0
1635,0.0
1643,0.0
3947,0.0
7441,0.0
6935,0.0
1753,0.0
4028,0.0
683,0.0
8697,0.0
8698,0.0
3994,0.0
3995,0.0
1631,0.0
7003,0.0
5229,0.0
7006,0.0
7011,0.0
7015,0.0
7021,0.0
7022,0.0
7026,0.0
5211,0.0
8687,0.0
4014,0.0
7005,0.0
5243,0.0
1630,0.0
4001,0.0
4003,0.0
8701,0.0
8702,0.0
8703,0.0
671,0.0
6957,0.0
1752,0.0
6968,0.0
4983,0.0
4985,0.0
7407,0.0
7409,0.0
7410,0.0
7411,0.0
7412,0.0
7419,0.0
6963,0.0
5051,0.0
5055,0.0
7288,0.0
7290,0.0
7292,0.0
4287,0.0
2154,0.0
4271,0.0
7097,0.0
799,0.0
8479,0.0
5075,0.0
7276,0.0
7279,0.0
7351,0.0
7338,0.0
7345,0.0
8447,0.0
815,0.0
5086,0.0
5087,0.0
7393,0.0
7354,0.0
7355,0.0
2029,0.0
2039,0.0
8438,0.0
4343,0.0
5023,0.0
5029,0.0
5031,0.0
5033,0.0
7280,0.0
7284,0.0
7286,0.0
2174,0.0
7255,0.0
7261,0.0
2044,0.0
9886,0.0
9887,0.0
9894,0.0
9969,0.0
9981,0.0
5014,0.0
7337,0.0
2863,0.0
2861,0.0
4323,0.0
9927,0.0
9997,0.0
9996,0.0
9967,0.0
9965,0.0
9959,0.0
9999,0.0
9948,0.0
9863,0.0
9935,0.0
4329,0.0
4331,0.0
4303,0.0
831,0.0
7313,0.0
7315,0.0
7318,0.0
7321,0.0
7322,0.0
9884,0.0
5021,0.0
9912,0.0
7767,0.0
7768,0.0
5995,0.0
5998,0.0
9879,0.0
9881,0.0
9883,0.0
5017,0.0
7162,0.0
4970,0.0
2012,0.0
2014,0.0
2019,0.0
2023,0.0
4414,0.0
862,0.0
7363,0.0
5084,0.0
7371,0.0
7375,0.0
7386,0.0
7389,0.0
7164,0.0
1719,0.0
1722,0.0
1723,0.0
5115,0.0
7365,0.0
7101,0.0
7107,0.0
7108,0.0
7109,0.0
8565,0.0
8571,0.0
2247,0.0
2251,0.0
7123,0.0
726,0.0
7125,0.0
7126,0.0
7132,0.0
7137,0.0
7142,0.0
7145,0.0
7149,0.0
7153,0.0
1702,0.0
7124,0.0
4991,0.0
1727,0.0
7197,0.0
7211,0.0
7213,0.0
2238,0.0
8538,0.0
7263,0.0
5068,0.0
5118,0.0
5070,0.0
5098,0.0
7246,0.0
765,0.0
4203,0.0
1159,0.0
7215,0.0
7218,0.0
5079,0.0
5069,0.0
7183,0.0
7187,0.0
7191,0.0
7194,0.0
5099,0.0
751,0.0
8543,0.0
8549,0.0
1707,0.0
4988,0.0
7159,0.0
2009,0.0
2011,0.0
8405,0.0
8407,0.0
8408,0.0
8411,0.0
8413,0.0
2027,0.0
7154,0.0
3717,0.0
5451,0.0
1533,0.0
1534,0.0
6701,0.0
6703,0.0
3722,0.0
487,0.0
8766,0.0
8989,0.0
8991,0.0
3690,0.0
3691,0.0
3702,0.0
1918,0.0
3734,0.0
1551,0.0
5407,0.0
489,0.0
9047,0.0
9053,0.0
9058,0.0
1926,0.0
4601,0.0
8251,0.0
4581,0.0
4583,0.0
7537,0.0
476,0.0
7541,0.0
7543,0.0
7546,0.0
7549,0.0
1766,0.0
1767,0.0
6691,0.0
3710,0.0
9007,0.0
7538,0.0
4569,0.0
4572,0.0
7516,0.0
7517,0.0
3757,0.0
8953,0.0
8958,0.0
2431,0.0
6753,0.0
1239,0.0
5353,0.0
5356,0.0
5371,0.0
6732,0.0
6739,0.0
6742,0.0
8939,0.0
8942,0.0
8947,0.0
6759,0.0
1242,0.0
6711,0.0
6713,0.0
6718,0.0
3737,0.0
3739,0.0
3740,0.0
3741,0.0
3742,0.0
4567,0.0
8988,0.0
474,0.0
1774,0.0
1775,0.0
8255,0.0
957,0.0
959,0.0
966,0.0
1939,0.0
8973,0.0
7579,0.0
7585,0.0
7590,0.0
4879,0.0
4891,0.0
4671,0.0
1020,0.0
1003,0.0
1005,0.0
9046,0.0
4910,0.0
7557,0.0
447,0.0
9091,0.0
9095,0.0
3671,0.0
6634,0.0
6638,0.0
6639,0.0
4909,0.0
6611,0.0
9871,0.0
5493,0.0
9101,0.0
9102,0.0
9103,0.0
5494,0.0
5499,0.0
6613,0.0
3659,0.0
6616,0.0
6617,0.0
9109,0.0
9114,0.0
9117,0.0
9119,0.0
3607,0.0
3623,0.0
9123,0.0
6614,0.0
1900,0.0
1915,0.0
9059,0.0
9061,0.0
9062,0.0
3662,0.0
3667,0.0
9014,0.0
9021,0.0
5471,0.0
6644,0.0
6645,0.0
6648,0.0
6655,0.0
5459,0.0
9031,0.0
9034,0.0
9041,0.0
9045,0.0
5485,0.0
5475,0.0
5479,0.0
5484,0.0
3677,0.0
9065,0.0
9074,0.0
9077,0.0
9081,0.0
9082,0.0
1899,0.0
3655,0.0
7558,0.0
7565,0.0
7570,0.0
7573,0.0
1887,0.0
1877,0.0
1007,0.0
4607,0.0
9086,0.0
3898,0.0
3899,0.0
8807,0.0
8811,0.0
8815,0.0
8818,0.0
6866,0.0
6870,0.0
6871,0.0
3745,0.0
6885,0.0
6886,0.0
4918,0.0
4921,0.0
4527,0.0
6906,0.0
1743,0.0
1750,0.0
4507,0.0
6876,0.0
7485,0.0
7486,0.0
7487,0.0
927,0.0
8310,0.0
1959,0.0
1964,0.0
7455,0.0
7463,0.0
3895,0.0
7467,0.0
7471,0.0
4941,0.0
4943,0.0
6890,0.0
6891,0.0
3887,0.0
8829,0.0
8831,0.0
7466,0.0
3935,0.0
3903,0.0
6897,0.0
6900,0.0
6903,0.0
6904,0.0
6905,0.0
7447,0.0
7450,0.0
911,0.0
7454,0.0
4499,0.0
1949,0.0
8343,0.0
1975,0.0
1979,0.0
4455,0.0
3950,0.0
8763,0.0
7453,0.0
919,0.0
1982,0.0
4951,0.0
4954,0.0
4958,0.0
7436,0.0
6907,0.0
6908,0.0
5287,0.0
3932,0.0
8789,0.0
5291,0.0
6909,0.0
6915,0.0
6917,0.0
6924,0.0
6926,0.0
6927,0.0
6930,0.0
3915,0.0
6762,0.0
6764,0.0
7519,0.0
7524,0.0
7529,0.0
7530,0.0
7532,0.0
7534,0.0
4575,0.0
7475,0.0
1935,0.0
942,0.0
4927,0.0
6768,0.0
6777,0.0
8885,0.0
5342,0.0
6781,0.0
6782,0.0
4578,0.0
3751,0.0
1770,0.0
1773,0.0
6778,0.0
3819,0.0
3781,0.0
3799,0.0
8917,0.0
8919,0.0
3817,0.0
3769,0.0
3773,0.0
3774,0.0
3775,0.0
6745,0.0
6746,0.0
6747,0.0
6749,0.0
6750,0.0
8924,0.0
6811,0.0
6813,0.0
5323,0.0
5331,0.0
3833,0.0
8862,0.0
8879,0.0
3863,0.0
5319,0.0
1229,0.0
6841,0.0
6843,0.0
7499,0.0
7501,0.0
7511,0.0
4543,0.0
8301,0.0
1751,0.0
7473,0.0
6840,0.0
6783,0.0
8889,0.0
8891,0.0
8893,0.0
8894,0.0
3802,0.0
3805,0.0
3806,0.0
3810,0.0
6798,0.0
3815,0.0
6863,0.0
3870,0.0
8847,0.0
3821,0.0
6825,0.0
6829,0.0
6837,0.0
6797,0.0
3811,0.0
