Node,Closeness_Centrality
0,0.3204717897083678
4,0.30342855197303464
32,0.3032943098284781
1,0.3027071091335213
2,0.3014069264069264
258,0.3003403767734978
4096,0.29996634129922584
2048,0.29980488461279686
128,0.29971414158399196
272,0.29908047519967784
256,0.298859825620389
1032,0.2986495090647096
64,0.2978609625668449
8192,0.29711618603100515
512,0.296947887511662
4352,0.29669085824622143
16,0.29663160697643454
8,0.2959715718508186
257,0.2942419440042261
768,0.29373764007910347
2049,0.2936311818391486
12,0.2930036822724882
260,0.2920626597627319
240,0.29151810539400086
8196,0.29112766235463217
1024,0.29088060578366737
288,0.2907951838679153
264,0.2903404463267633
514,0.2900192001041362
2560,0.2894916355367874
2304,0.288432908278853
20,0.2881158670632355
640,0.2880972392836361
72,0.2879203954382451
2816,0.2877251888680829
130,0.2876508940675231
160,0.28658713059137536
132,0.2863753213367609
2336,0.2857509298448121
48,0.2853483606557377
1025,0.28532095405794783
520,0.2850471773548697
40,0.28479212603457643
1280,0.284537530730181
24,0.28429245884904936
4608,0.2842652546968199
2288,0.28412025376988553
320,0.28367710720651895
385,0.28358683892318465
1088,0.28357781525439907
530,0.28337943972781326
129,0.2832983660754021
1344,0.2831093745036373
592,0.2829026728461685
544,0.28289369266419073
2056,0.28287573401047456
392,0.28281289667428283
3072,0.28268730571591705
4098,0.28250808343371586
36,0.2818647605794168
4097,0.28178455117462925
8200,0.2812332355075894
1028,0.28113564668769714
4112,0.2807459677419355
144,0.28069291338582675
3344,0.28048089633033296
290,0.280269199320712
3,0.28023394755046854
3073,0.2800226230126312
96,0.2800050270202338
136,0.279969841668761
8448,0.2796447958831466
1040,0.2796009286565853
17,0.27949570344351754
68,0.27938179880247027
8208,0.2793730407523511
2068,0.2793117497727771
4624,0.27929424300354133
4224,0.27918924845712856
3088,0.279136780781157
8704,0.2791192959378621
2177,0.2791192959378621
2052,0.2791018132848956
6160,0.2790668545483012
2050,0.2790668545483012
1152,0.279005697827312
624,0.27865674441873556
656,0.2785957672950077
273,0.278560935204576
608,0.278560935204576
4160,0.27806552262090484
776,0.2780308229862108
576,0.27800480394297655
2080,0.27795278046346256
2562,0.2778661179184984
2306,0.2778314680300527
1296,0.27780548628428925
2064,0.277666999002991
528,0.2775113657594818
2088,0.2775113657594818
548,0.2774422514164747
145,0.27743361454409615
168,0.27731275476864675
4360,0.27728686994399504
1156,0.27717475818741644
1064,0.27707135084719414
262,0.27702828722412187
2576,0.27701106552281485
9,0.2769680206358579
2352,0.2768733689573754
2564,0.2768217680313102
384,0.27652972570435647
772,0.27641822524115256
69,0.2764096520066993
8198,0.27637536438628046
336,0.2762982483335917
4120,0.2761013693537394
1056,0.27605005575517283
8226,0.2759218551657946
6400,0.27591331269349845
4113,0.2758279170535438
8256,0.2756402325869108
1537,0.2754868624420402
4128,0.2754698318496538
4864,0.27539322023423257
148,0.27537620121743966
80,0.275350676635976
2312,0.27534216949362006
2368,0.2752571269728511
1792,0.2752486256099821
2066,0.27520612667140165
4354,0.27513815566052297
133,0.2751211681536134
4144,0.2750871994320462
4353,0.2750871994320462
516,0.27504475032405407
1058,0.2748750848189501
18,0.27478185798415194
9216,0.27462944131151584
312,0.2745617548291691
8272,0.2745617548291691
4672,0.2744602876412799
4176,0.2743757889227548
6208,0.27419007476232965
5136,0.27411417322834647
513,0.2740635955470816
1360,0.2740130365268725
8258,0.2739709182575548
386,0.2737016676392003
4612,0.27361763531976296
581,0.27355884339124564
2320,0.27355044660670985
6144,0.27353365458395995
192,0.27341616812394537
2337,0.27341616812394537
50,0.2733490783056774
560,0.273340694393326
10,0.27329040171726465
8201,0.2732820214038208
8452,0.2732652623187073
2416,0.2732149973941568
4104,0.27312289304321175
3076,0.2731145229996016
33,0.27301412247648804
532,0.2729555895865237
1073,0.272888725580256
8706,0.272771792360431
252,0.27272170879490787
561,0.27262159681859893
2804,0.2725965803077111
3360,0.27258824249097696
5,0.2724965601589971
4480,0.2722884204094103
2290,0.2722801014328924
2432,0.272238514173998
2112,0.27221356791594126
4100,0.27204737629353765
353,0.2720141623172481
26,0.27200586009034305
2293,0.2719643565565016
1036,0.2719145690312738
6,0.2718813874736874
266,0.27176531576860913
2640,0.27172388560278066
5124,0.27162450472416944
418,0.2715996708621583
66,0.271550016758585
1536,0.27154174283973187
194,0.2715169241080949
4865,0.2715169241080949
4161,0.27145903137374355
322,0.2714176945332724
8324,0.2712772433946183
4456,0.27125247298736876
8512,0.27113693753993123
296,0.27105447245962466
2308,0.2709638187899057
2496,0.27088969269582663
1540,0.2708732257378195
368,0.2708649930095435
852,0.27084029782707797
330,0.2707662392902716
100,0.27072511315653575
6656,0.2706428983570713
22,0.2706346796234437
274,0.2706182436535892
28,0.2705935934416274
524,0.27057716246166924
2296,0.27048682772854193
245,0.27048682772854193
278,0.27048682772854193
1030,0.27039655329348583
1026,0.27034733808584865
2544,0.2702817456707003
4336,0.2701997998969166
394,0.270142467414368
2370,0.27010971691822755
8193,0.2701015305349295
1044,0.27008515925690213
352,0.2700687899633322
6658,0.27001151305823184
4192,0.26995426044285586
771,0.26994608347973587
6272,0.26994608347973587
2480,0.269929731039496
1409,0.2698398280194992
580,0.2698153194066001
1584,0.2697744816104132
7168,0.26976631553456837
3168,0.2697418202730107
3328,0.26962756784558134
4170,0.2695949420697583
2592,0.26958678685945914
224,0.269562324188621
1041,0.2695297141993044
5488,0.26950526188460144
2561,0.26948896280616874
1264,0.26945637056298
642,0.2694074969770254
2054,0.2694074969770254
2058,0.2693993531029896
550,0.2693342198313639
137,0.26930980297352836
65,0.2692935275276485
2065,0.2691633947447901
104,0.2691552656216967
1282,0.26909025030949
2096,0.26907400138884696
6176,0.26904150943396227
420,0.2689927862123087
5504,0.2689846673910419
546,0.2689765490598497
1664,0.2689765490598497
8384,0.26895219700627715
416,0.26895219700627715
4136,0.26892784936177916
432,0.26892784936177916
2448,0.2689116200476751
4232,0.2689035061251584
1544,0.268879167295218
517,0.26883861236802414
49,0.2688223938223938
2180,0.26871702095582695
8204,0.26871702095582695
11,0.268668415181936
1328,0.268668415181936
34,0.26865221716456156
817,0.26854697764117397
2325,0.2684903443497123
1008,0.26847416779635486
752,0.26840948107098755
261,0.2683367457545465
2060,0.26823175319789316
324,0.268199464323332
4736,0.2681671832214967
8224,0.2681591141601974
8776,0.268046198267565
244,0.2680220143755075
2880,0.26799783484693573
8225,0.2679414329094134
2329,0.267925322430328
785,0.26791726791726794
3120,0.2678608998827808
676,0.2678045555622333
4400,0.26778041525194557
193,0.2677723694489514
4848,0.2677723694489514
1288,0.2677160623629427
283,0.2675392512983699
4896,0.2674108080535302
4355,0.2674027844455113
1568,0.26737069482779313
146,0.26737069482779313
3104,0.2673305936347002
5121,0.2673225748395225
2305,0.2672504273247968
3456,0.2671943395095041
248,0.2671462829736211
81,0.2671462829736211
2176,0.2671462829736211
97,0.26710624906338976
2340,0.26710624906338976
321,0.26709023885875266
784,0.2670822344761448
754,0.2669382375846163
2376,0.2669382375846163
9472,0.26690625935908957
2081,0.2668982659998203
1286,0.2668982659998203
1283,0.2668982659998203
8232,0.2668982659998203
4369,0.26688228071751563
4688,0.2668662973499027
395,0.26682634730538923
1120,0.2668023830194893
2566,0.2668023830194893
2084,0.26673849929663884
2289,0.2667145507870952
896,0.26668262612963073
4114,0.2666347534705601
8288,0.266547031553761
2130,0.2665390596961359
2608,0.26646733442966064
4384,0.2664115747937343
289,0.2663956477551264
2353,0.2663558384888969
5164,0.26633991811362484
2053,0.26629216840469716
8197,0.2662444358139396
8328,0.2662205759349982
3202,0.2662126235923171
2688,0.2661808189719542
200,0.26614107388162217
4512,0.2660536764486372
5123,0.2660219097937375
2086,0.26600602931080797
8320,0.26598221214110906
2818,0.26598221214110906
5888,0.26597427403229174
276,0.2659425263346364
304,0.26587905367105225
912,0.26584732869969874
41,0.26579182821354014
5185,0.26576012405319976
2596,0.2657442748091603
4370,0.2657284274554237
3600,0.2656729765985989
1538,0.26561754887935146
1800,0.2656017166358705
3078,0.2655858862796519
176,0.26556214428320274
6152,0.26552258372065307
5120,0.26550676279568614
1168,0.2654434979448383
1060,0.2654197813979808
2354,0.2654197813979808
2355,0.26541187682411105
600,0.2653802632362575
1569,0.2653486571785863
4640,0.2653407568404442
2834,0.26533285697272835
138,0.26531705864840727
2208,0.265309160191718
770,0.265309160191718
4376,0.265309160191718
648,0.26526967496130494
5125,0.2652223081959407
373,0.2651591788158286
2705,0.2651512897563298
1072,0.26511185149928607
1160,0.2651039652556742
8898,0.26507242497248745
2840,0.26504877468474897
644,0.26504089219330856
536,0.26500148676776686
672,0.2649936070886979
2321,0.264922711058264
1760,0.264922711058264
3441,0.26489908747733554
641,0.2648754681091363
112,0.26478889978310605
2118,0.2647731661665528
308,0.26474956924722237
3312,0.26469452612195193
496,0.26463950587955815
769,0.2645216823484017
4101,0.2644745823070303
5162,0.2644039636859906
1281,0.2643961195004005
4416,0.2643804325254383
2313,0.26434122323070536
1796,0.26430986416750696
440,0.26427851254374
4362,0.2642471683567574
8194,0.26423933347169926
4388,0.26423933347169926
1029,0.2642236650953186
1216,0.26413752222880854
4132,0.26405925925925927
1268,0.26404361223038636
2051,0.2640123237350397
1093,0.2640123237350397
8960,0.26399668226790685
8209,0.2639654048930751
396,0.2639654048930751
2240,0.26394195172515916
753,0.2638638045891932
8356,0.26371545244718
305,0.2636764401313648
241,0.2635205062243118
2292,0.26348934157230286
554,0.2634581842906554
268,0.2634581842906554
3409,0.2634192480491842
1132,0.26341146218189343
832,0.26338032331471467
370,0.26338032331471467
390,0.26337253974821206
6169,0.26327139523204635
2184,0.263255841432074
242,0.26324806522124417
2641,0.26324028946979766
8206,0.26322473934489177
281,0.2632091910570306
1345,0.2631314771620066
8290,0.2631314771620066
4145,0.2631314771620066
8832,0.2631237082964275
8736,0.26311593988958104
2864,0.26311593988958104
4288,0.2630771047349156
1089,0.26306157388275575
8264,0.2630538091443077
800,0.26299170773452946
329,0.26299170773452946
2584,0.2629606680239592
37,0.2629606680239592
402,0.26294515091611836
8385,0.26294515091611836
376,0.26292963563947486
4385,0.26292187868775074
8545,0.2628986105784831
578,0.2628986105784831
292,0.2628986105784831
9729,0.2628675928383919
4944,0.2627823317803857
1043,0.2627358490566038
2598,0.2627358490566038
8708,0.2627281035346835
102,0.26269712601326456
8212,0.26269712601326456
4368,0.262681639991747
4620,0.2625887621909897
529,0.26254234791574604
9286,0.26253461379838566
134,0.26251914693059974
344,0.262495950045654
3440,0.2624572976793497
4102,0.2624572976793497
564,0.2624109298627878
448,0.2624032034861467
2565,0.26235685477935766
280,0.26235685477935766
208,0.26234913158669415
74,0.26231824336257137
9281,0.26231052244297276
356,0.26229508196721313
1440,0.2622719246615656
9232,0.2622487714445458
2817,0.26219476316563695
4129,0.2621407771273936
9217,0.2621176470588235
1316,0.2620482813372931
5122,0.2620174639108576
8834,0.2620020579156255
243,0.26199435559736595
131,0.26197125135953436
9344,0.2619635508524397
4152,0.2619096599759015
1289,0.2618634854406018
2360,0.2618327114610571
4992,0.2618250190963041
450,0.2618250190963041
372,0.2618019447137276
5184,0.26173274596182083
1074,0.26171737342887347
1424,0.26165590135055783
1153,0.26164821937112825
8270,0.2616405378427573
521,0.2615714243785037
1048,0.2615637473585349
6145,0.2615637473585349
1801,0.2615560707891879
4392,0.2615483946704232
880,0.2615330437844817
1824,0.26151002083394465
4928,0.2614870019365061
1408,0.26147932987119676
4628,0.26147932987119676
2609,0.2614639870910958
2372,0.26144864611142077
1226,0.26143330693185485
2848,0.2614256380170138
3460,0.26140263397178304
9235,0.2613183204316209
8202,0.26126469467327257
588,0.2612417189423697
2322,0.26121874725210303
1312,0.2611192499267507
2632,0.26111159942574197
1300,0.2611039493730224
4108,0.2611039493730224
1812,0.26108865061229275
3090,0.2610810019042039
8321,0.2610657058323813
4880,0.26105041155276953
9218,0.26104276508494434
4099,0.26101982836891896
306,0.2610045394640504
1106,0.2610045394640504
2328,0.26098925235013326
1112,0.26098160946468313
2209,0.2608975672589947
976,0.2608899297423888
8404,0.2608670198753037
3138,0.26083647964410106
400,0.26082121220989785
2800,0.26082121220989785
424,0.260805946562875
4357,0.26079068270271855
8260,0.26079068270271855
19,0.2607830514426172
1042,0.26077542062911485
9280,0.26067626067626065
8484,0.2606381423098295
1125,0.2606305199742645
35,0.2606228980845153
8453,0.26059241498289426
610,0.26046294131400516
309,0.26046294131400516
101,0.2604553292223164
4134,0.260447717575545
6148,0.2604172754368535
8456,0.2604096660140841
4344,0.2604096660140841
291,0.2603944485025566
584,0.2603640188144556
864,0.2603640188144556
4348,0.26035641250365177
3320,0.26031078397008994
7208,0.2602879757002249
4116,0.2602879757002249
1392,0.2602803738317757
4264,0.26025757089040097
5312,0.2601891860329324
796,0.2601891860329324
4240,0.2601663990658298
5376,0.2601512099716846
299,0.26014361608967246
1472,0.26012083710341205
4372,0.2600828809899025
166,0.26006770164585036
5008,0.26006770164585036
518,0.2600297610363843
8458,0.2600070019838954
1248,0.25995391301811394
1556,0.259931167240273
5176,0.25992358619885086
3377,0.25981749803212734
1173,0.25976448641716215
4625,0.2597569150951645
6154,0.25974934421451473
56,0.259719065104622
3091,0.25968879305320824
8737,0.2595980192251675
9220,0.2595980192251675
5824,0.2595677753830023
3201,0.25956021552351827
8216,0.2595299804886572
7680,0.25952242283051835
2577,0.2595148656125331
1348,0.2594997524968698
720,0.2594619774077093
8240,0.2594317652538426
2512,0.2594242133147032
816,0.25938646021305084
1066,0.2593487180979542
342,0.25934117099289955
4196,0.2593260781004481
2824,0.25931853231297464
2136,0.25931853231297464
4752,0.25930344205534056
2196,0.25928080996159664
153,0.25926572409379184
184,0.25925818181818183
4412,0.25924309858335515
643,0.25924309858335515
2378,0.2591903210795719
8580,0.2591827831903446
3448,0.25916770872713524
140,0.25914510031986043
5216,0.2591300302395906
704,0.2590848305134019
2594,0.25899447834931705
2272,0.25895685021066395
1776,0.25891171087417564
4358,0.2588966679255149
9224,0.2588966679255149
2128,0.2588665872716182
4550,0.25884403136799305
4676,0.25882899628252787
1092,0.25881396294360226
2720,0.25876887340301974
2116,0.25876887340301974
713,0.2587463345237058
3586,0.2587313107853099
2401,0.258723799570342
4442,0.2587087784486763
2946,0.25865621825569585
2704,0.25864120498012017
1272,0.25862619344728516
1096,0.25862619344728516
788,0.25860367941500784
3354,0.25859617560862375
3568,0.25859617560862375
8241,0.2585811693021906
9348,0.2585736668020658
1794,0.2585361608308433
8772,0.2585211614887013
1778,0.25850616388687453
4289,0.25849116802506017
3212,0.2584761739029554
178,0.2584761739029554
21,0.25846867749419955
1552,0.2584461908766639
4337,0.2584461908766639
3232,0.25837875449379566
4296,0.25835628351935064
2449,0.25834879406307976
630,0.25834879406307976
5392,0.2583338164531277
4230,0.258326328299371
5492,0.25830386644252507
5632,0.258281408491523
522,0.2582739233756448
78,0.2582290217895225
5697,0.2582290217895225
5090,0.2582215397096746
4162,0.2581916157255845
354,0.2581916157255845
4272,0.2581243121126108
2488,0.2581243121126108
6288,0.25809441065739935
4800,0.2580420997770507
4121,0.25801221736487073
73,0.2580047478432054
8518,0.2579300764065756
417,0.2579226116400891
3840,0.2579226116400891
1010,0.25790768340327014
2572,0.2578106919694515
55,0.257795776684987
9476,0.257795776684987
1176,0.257795776684987
2082,0.25778086312622933
1548,0.25777340699389695
1585,0.25773613280120306
5249,0.25772867925619597
952,0.25770632120756465
652,0.25764671870482797
1793,0.25762437487352935
70,0.2575722543352601
4592,0.2575275963705716
2888,0.2575127138233934
1696,0.25749783299624385
4408,0.25749783299624385
8322,0.2574829538888247
8472,0.2574829538888247
4738,0.25741601917911094
744,0.2573862815884477
326,0.25734911926075654
2324,0.25734168808293145
4482,0.25732682701469695
1604,0.2573193971242132
3584,0.2572822541066428
4618,0.2572376966373214
58,0.2572302718928592
551,0.2572302718928592
6150,0.25721542368967903
52,0.2572005772005772
6161,0.2572005772005772
8768,0.2572005772005772
340,0.2571931545987129
2314,0.257178310680172
5360,0.2571634684749675
760,0.2571412083790178
451,0.25713378920338154
2568,0.2571263704558569
6164,0.2571263704558569
2580,0.2571041167815827
4424,0.25708186695898
802,0.25708186695898
4696,0.2570744512071999
2248,0.2570744512071999
8273,0.25700772868843
7184,0.25700772868843
8195,0.2570003172131384
3592,0.2570003172131384
786,0.25699290616529213
519,0.2569854955448542
2992,0.2569632662476212
5384,0.25695585733644727
8257,0.2569336331661189
1808,0.25691881918819187
3200,0.2569114128398051
2801,0.2569114128398051
3393,0.2569114128398051
6165,0.2569040069184203
616,0.25689660142400045
4720,0.2568817917159081
8352,0.25685958035508416
2055,0.25685958035508416
728,0.25680776878079703
533,0.25680036883356383
3152,0.25678557021840603
4226,0.2567485811414249
1049,0.2567042083129303
2144,0.25669681433262287
1732,0.25668942077824825
593,0.25667463494715015
5201,0.25664506839452844
7172,0.2566376778206531
1126,0.2566302876724163
67,0.25662289794978116
4872,0.25662289794978116
1620,0.2565859557193447
9740,0.2565564095920776
6216,0.2565564095920776
4609,0.25651948650048934
149,0.25651948650048934
84,0.2565047202394658
598,0.25649733774643835
577,0.2564899556783515
5570,0.2564899556783515
8720,0.2564825740351685
778,0.25646043165467625
1034,0.2564530517107421
106,0.25639402744612905
4256,0.25639402744612905
2706,0.2563866513233602
579,0.2563866513233602
6146,0.256349777074644
259,0.2563276576161988
1104,0.25629817094213736
2344,0.25627606038820994
8609,0.2562539536488585
8740,0.25624658558325425
848,0.2562392179413456
1027,0.25623185072309596
5280,0.25622448392846875
2400,0.2562097516099356
5192,0.25618029205473153
3112,0.25617292822443877
1166,0.25617292822443877
3482,0.2561582018338076
2571,0.25615083927339616
108,0.25615083927339616
2694,0.25615083927339616
201,0.25615083927339616
1546,0.25614347713620556
7185,0.25612875413134073
4234,0.25612875413134073
7176,0.25611403281892114
5266,0.25611403281892114
1180,0.25608459527025085
2059,0.2560625215492472
658,0.2560625215492472
6162,0.25603309584003675
673,0.2560183855214019
23,0.2560183855214019
6289,0.255944859276278
3316,0.25593750897446943
8464,0.25593015909482514
361,0.25593015909482514
792,0.25589341602779453
1680,0.2558787217548595
692,0.2558713752512202
293,0.25586402916941803
1292,0.25584199345467074
2179,0.2558346490598536
2369,0.25581261840518976
2696,0.25581261840518976
8420,0.2558052756967766
3712,0.2558052756967766
664,0.25576856847663876
3601,0.25575388853813924
2964,0.25574654920079204
1284,0.25574654920079204
2090,0.25574654920079204
162,0.2557245337159254
8211,0.25569518563149135
331,0.2556731789884385
4496,0.25565117613310384
2826,0.25564384268953844
1797,0.25562917706450966
1062,0.25562184488297385
964,0.2555705313871125
8752,0.25554121863799284
1665,0.25554121863799284
562,0.25554121863799284
6720,0.25553389150131894
88,0.25553389150131894
1192,0.25553389150131894
2574,0.2555265647848152
6404,0.25551191261217354
4617,0.25551191261217354
572,0.2555045871559633
5152,0.25547528953101706
3184,0.25545332072118554
2433,0.25545332072118554
8913,0.25543135568930925
4418,0.25543135568930925
3314,0.2554093944344138
3077,0.255402074855276
8993,0.25538011863483967
150,0.2553728007335664
8780,0.2553654832516691
1473,0.25534353332187265
1076,0.25534353332187265
8261,0.25532890213156084
4464,0.255314272617888
4488,0.2553069584897012
1099,0.2553069584897012
195,0.2553069584897012
5377,0.2553069584897012
27,0.2552923314904466
8745,0.25527770616711065
3856,0.25525577132382427
1553,0.2552411501890251
265,0.2552338402497351
3008,0.2552338402497351
98,0.2552046046791329
3105,0.255189989405263
1802,0.255189989405263
1154,0.255189989405263
8744,0.2551753758052971
8289,0.25516076387894754
2752,0.2551315450459477
4124,0.2551242413832589
545,0.2551242413832589
900,0.2551096353123032
2385,0.2551096353123032
6180,0.2550658271322267
8326,0.2550658271322267
2150,0.2550658271322267
8450,0.2550658271322267
1232,0.25505852723161904
3106,0.25505852723161904
1170,0.25504392868385656
1171,0.2550293318071255
2674,0.2550074396245851
2188,0.2550074396245851
4784,0.25500014306560986
434,0.25500014306560986
1922,0.2549928469241774
8738,0.25497096100477784
169,0.2549636665331579
8705,0.25494907884197276
497,0.25494907884197276
2114,0.25489074476604506
808,0.2548834548834549
2274,0.2548834548834549
2689,0.2548615877373599
2067,0.2548615877373599
2428,0.2548324373784742
9284,0.25478872434101435
8529,0.2547814402927471
4634,0.2547741566609491
812,0.25476687344558474
6432,0.25475230826401396
4610,0.254737744747749
4866,0.254730463614017
2836,0.2547231828965044
6274,0.25469406418793405
3588,0.25468678555098306
9752,0.25467222952506147
3617,0.25465767516287574
4137,0.25465039860559474
596,0.25462129653438476
8552,0.25459947434578906
5536,0.25459220111412656
1317,0.25458492829800605
2183,0.2545703839122486
116,0.2545631123425405
4842,0.2545631123425405
3333,0.25453403021734783
1810,0.25453403021734783
9236,0.25446135396739283
805,0.25446135396739283
4513,0.25444682369735905
1393,0.25444682369735905
1386,0.2544395591846057
897,0.25443229508664744
3472,0.25443229508664744
4106,0.2544250314034487
3074,0.2544250314034487
3268,0.25441776813497385
5153,0.2544105052811875
2805,0.2544105052811875
2072,0.2544032428420542
4641,0.2543741972313401
2610,0.25436693686493894
1542,0.25435967691297773
4107,0.25435967691297773
4465,0.25435241737542097
3844,0.254337899543379
82,0.25430886885058784
4484,0.25430886885058784
2363,0.2543016122128692
780,0.2543016122128692
3368,0.2543016122128692
2600,0.25429435598927125
141,0.2542798447842958
1297,0.25426533523537803
6496,0.25425808108185216
1809,0.25424357401648934
793,0.2542145648515275
916,0.2542145648515275
3318,0.2541855623056958
6276,0.2541638147387634
2201,0.2541638147387634
818,0.2541638147387634
180,0.25415656637672895
4632,0.2541420708928622
1236,0.2541420708928622
4364,0.2541348237709593
2625,0.2541275770623628
4466,0.2541275770623628
2387,0.2541275770623628
7170,0.2541058394160584
316,0.2540841054882395
2757,0.2540768616717984
1184,0.254069618268381
1224,0.254062375277952
8962,0.2540478905359179
328,0.25401892600615666
9984,0.2540116859056577
801,0.2539827296303685
2120,0.2539610167559558
388,0.25393930759367433
9349,0.25391760214257225
1557,0.25388143463521634
2825,0.25385973907594145
2868,0.25385973907594145
1228,0.25383081743093133
2698,0.25382358804932925
4616,0.25382358804932925
1220,0.253816359079517
8350,0.2538091305214593
1600,0.2537874473174621
4631,0.2537874473174621
3888,0.2537802204060711
8520,0.2537802204060711
13,0.25376576781799026
300,0.2536863079988614
3367,0.2536863079988614
8213,0.2536357685630532
8586,0.2536285502874381
8449,0.25362133242266427
404,0.25359968129303967
1331,0.25358524926018666
8340,0.25356360429055114
4377,0.2535563901217708
1857,0.25354196301564724
4417,0.2535275375512062
2113,0.2535275375512062
1984,0.2535275375512062
1876,0.2535275375512062
3458,0.253498691546251
5696,0.25347706134986775
8482,0.2534698521046644
4342,0.2534626432695316
1334,0.2534626432695316
4131,0.25345543484443434
4164,0.25344822682933765
3075,0.2534338120290061
1217,0.2534266052437013
1520,0.25341939886825715
2307,0.2534121929026388
2809,0.25339057746438826
6149,0.2533833731377232
1265,0.2533833731377232
1045,0.25337616922070905
1429,0.253361762615494
541,0.253361762615494
3841,0.2533401557791802
51,0.2533401557791802
438,0.25331135239611163
9362,0.2532825555618712
5174,0.25327535737630374
9364,0.2532537652742256
403,0.2532537652742256
1105,0.2532465687249581
307,0.25322498153094275
3082,0.25322498153094275
2437,0.25321778661741723
906,0.2532033980168764
904,0.2532033980168764
25,0.25319620432979145
526,0.2531746257208602
406,0.25316743366854155
2152,0.25316024202482745
8714,0.253153050789683
4103,0.25313866954496395
4436,0.25313866954496395
2876,0.25313147953531967
142,0.2531242899341059
3654,0.25311710074128774
2200,0.25310272358069924
8325,0.25310272358069924
2620,0.2530883480532758
8976,0.2530883480532758
8296,0.25307397415873917
8467,0.25307397415873917
1186,0.2530667878237165
2624,0.25305241637798853
4960,0.25305241637798853
840,0.25301649490389805
1560,0.2529877650665683
5514,0.2529375035477096
3362,0.2529087916453828
114,0.2529016146882715
613,0.252894438138479
161,0.2528800862607117
5666,0.25285138739147706
211,0.25284421369194543
7232,0.2528370403994553
8912,0.252822695035461
2386,0.2528083512992171
46,0.2527940091904465
3334,0.2527868387462771
553,0.25276532985421746
1061,0.25276532985421746
5768,0.25275816103689835
1169,0.25275816103689835
4032,0.25272948983353655
197,0.25272232304900183
4361,0.25272232304900183
4876,0.25271515667092015
4489,0.252665003402132
7424,0.252665003402132
2508,0.25261487003599875
310,0.2526005498710354
14,0.2525933903973698
4202,0.25258623132953545
3696,0.252579072667498
2357,0.252579072667498
5424,0.2525575991158217
5256,0.25253612921507507
8716,0.25253612921507507
6684,0.2525289733926497
4105,0.25251466296432723
8416,0.25251466296432723
1031,0.2525075083583612
2083,0.25249320036264733
4356,0.2524645892351275
1432,0.25245028610277037
9544,0.2524359845909812
1446,0.2524359845909812
2768,0.2524359845909812
2932,0.25238594205771575
2256,0.2523716478350749
2642,0.2523645013309169
3348,0.25235020953675386
2070,0.25234306424668007
9226,0.25234306424668007
6153,0.25234306424668007
419,0.25233591936123223
9264,0.25233591936123223
2452,0.25233591936123223
83,0.25233591936123223
913,0.25232877488037603
2993,0.25232877488037603
1314,0.25232877488037603
6194,0.252321630804077
5132,0.2523144871323009
2181,0.2523073438650133
2962,0.25227877484006117
6336,0.2522573523167936
4490,0.25225021228417777
4194,0.2522430726557414
2820,0.25223593343145023
773,0.2522287946112699
3576,0.2522216561951661
628,0.25218597017459465
886,0.25218597017459465
1158,0.25217883418222975
5128,0.25217169859370137
2330,0.25216456340897514
2604,0.2521574286280169
4673,0.2521502942507922
3337,0.25214316027726696
2450,0.25214316027726696
4294,0.25213602670740676
2168,0.25212889354117746
2129,0.25212889354117746
246,0.25212176077854476
4945,0.25212176077854476
9250,0.2520861030181314
4649,0.2520718427379437
2884,0.2520718427379437
2361,0.2520718427379437
6920,0.2520718427379437
3594,0.252064713202851
2832,0.25205045534249676
928,0.25205045534249676
2954,0.25204332701716675
8784,0.2520361990950226
4929,0.2520290715760301
2563,0.2520005655308921
5378,0.2519934400271447
2896,0.2519934400271447
5209,0.25198631492634377
9040,0.2519791902284551
2553,0.2519791902284551
6784,0.2519649420412779
4889,0.25195781855192106
8228,0.2519506954653398
9093,0.2519150860728722
8577,0.2518937252685133
4674,0.25188660580537575
537,0.25188660580537575
1602,0.2518794867446724
1084,0.25187236808636915
2384,0.25187236808636915
4110,0.25186524983043185
3136,0.25186524983043185
2697,0.2518581319768263
3590,0.25185101452551856
122,0.2518438974764744
8218,0.2518296645850405
5921,0.25180120362783603
471,0.25175141242937854
477,0.25175141242937854
8593,0.25173718998926614
4626,0.25172296915602754
4146,0.2517158593419009
1613,0.2517158593419009
2948,0.2517158593419009
8992,0.2517016409184625
774,0.251673208889893
4133,0.2516661018863662
1137,0.2516234682929584
1441,0.2516234682929584
1037,0.2516092603049125
2648,0.251602156912566
2693,0.25158084914182477
2075,0.25157374735356386
3009,0.25155954497981764
5716,0.25154534420954583
2440,0.2515311450424769
3096,0.2515169474783394
4175,0.25150275151686186
8368,0.2514956541370358
1304,0.25146017324567593
282,0.2514530782687207
2939,0.25141760938866475
5394,0.2513963328631876
914,0.2513963328631876
1379,0.25138924148825137
5130,0.25133961306334257
2089,0.25131834973633005
665,0.2512758338737418
2185,0.25126874929513926
2204,0.2512474979560768
5203,0.2512474979560768
552,0.25121916842847075
4884,0.25121208704476267
8968,0.25121208704476267
3376,0.25119792547494224
2097,0.25119084528876234
794,0.25117668611369465
54,0.25117668611369465
2242,0.2511696071247393
3139,0.25114129515865413
706,0.25113421816439824
1410,0.2511200653723689
2656,0.25111298957452804
4868,0.25109883917502535
2550,0.2510846903702034
15,0.25107054315979266
4680,0.25106347015240726
364,0.25104225352112675
2504,0.2510351821075463
75,0.2510281110923328
8864,0.2510281110923328
836,0.25102104047545276
5896,0.2509998310144764
77,0.2509927619905934
2380,0.2509927619905934
275,0.25098569336487553
2484,0.25097862513728914
3585,0.25097862513728914
7236,0.25094328997015264
3217,0.25093622413064903
4432,0.25092915868904153
690,0.2509220936452966
680,0.2509220936452966
9376,0.2509150289993806
4167,0.2509150289993806
164,0.25090796475125987
4689,0.25090796475125987
500,0.2509009009009009
4109,0.2509009009009009
4860,0.2509009009009009
1550,0.25088677439333373
267,0.25086558761435607
2404,0.25086558761435607
5380,0.2508514650828947
2866,0.2508444044134204
9920,0.2508373441414056
2497,0.25083028426681675
2690,0.25083028426681675
453,0.2508232247896203
7528,0.2508161657097827
8252,0.25080910702727044
525,0.25080910702727044
5148,0.2507949908540875
6280,0.2507808762698033
3108,0.2507808762698033
5408,0.25076676327414954
1554,0.2507597073719752
8964,0.2507455967587643
4185,0.2507385420476606
2436,0.2507385420476606
7312,0.25067506750675067
2074,0.2506398177574036
3349,0.2506257206333136
4664,0.2506257206333136
6530,0.25061162509490736
408,0.25061162509490736
8451,0.2505975311419172
8596,0.25059048475986956
1033,0.25059048475986956
4182,0.25056934799111535
1686,0.25050595907353274
2627,0.25050595907353274
1179,0.25049891784017764
1666,0.2504918770026421
8221,0.25048483656089265
1804,0.25048483656089265
6293,0.250477796514896
9538,0.250477796514896
465,0.2504707568646188
1956,0.25046371761002756
5792,0.250456678751089
4498,0.25044260222003656
8941,0.25044260222003656
5072,0.2504285272711945
8480,0.2504144539042963
2976,0.25040741781399267
8578,0.25040038211907506
7204,0.25037927740630445
7304,0.25037927740630445
8600,0.25037927740630445
4644,0.2503722432925973
4497,0.25035817625080764
5568,0.25035114332265856
609,0.25035114332265856
5636,0.2503441107896289
8400,0.2503370786516854
1608,0.2503370786516854
5131,0.2503370786516854
2341,0.2503300469087947
846,0.2503300469087947
3336,0.2503300469087947
8229,0.2502878647456961
881,0.25027380718357717
8220,0.2502597512004718
1444,0.2502597512004718
3208,0.2502175927225763
76,0.250203543052865
6151,0.250203543052865
8388,0.2501965188096575
1128,0.2501894949608377
1270,0.2501754484462286
156,0.2501684257803728
4613,0.2501473601482022
777,0.2501473601482022
2418,0.2501473601482022
398,0.25014033905916694
158,0.25013331836425384
3313,0.25013331836425384
4345,0.25013331836425384
5437,0.25011927815666135
568,0.25011927815666135
5248,0.25011927815666135
565,0.25011225864391556
8265,0.2501052395251593
888,0.2500982208003592
9776,0.25008418453249526
614,0.25008418453249526
2076,0.250077166989365
3842,0.2500631330845422
4122,0.25004910075474873
4245,0.2500350699997194
8354,0.2500140268192785
3056,0.2499859747545582
2466,0.2499859747545582
3425,0.24997195108268822
5764,0.2499509185247511
2666,0.2499088640251255
152,0.24990185631764905
1332,0.24990185631764905
1590,0.24989484900316855
1416,0.24988784208165096
1080,0.24988784208165096
3330,0.24988083555306323
3329,0.2498668236745451
2186,0.24985981832454862
1082,0.2498528133673498
1181,0.2498528133673498
427,0.2498528133673498
1592,0.24984580880291563
8788,0.24984580880291563
1164,0.24983880463121302
8280,0.24983180085220902
5317,0.24978278539196727
3122,0.24975478519182803
6282,0.249747786122632
6352,0.249747786122632
2753,0.249747786122632
4420,0.2496918076879973
4739,0.24967082224401177
1287,0.24966382787987448
9874,0.2496568339076113
44,0.2496568339076113
1364,0.2496498403271892
4516,0.2496498403271892
3154,0.2496498403271892
9234,0.2496218699232536
2792,0.2496218699232536
6226,0.24959390578614238
9346,0.24958691573080907
2464,0.24958691573080907
1474,0.24957992606698778
1561,0.2495729367946456
393,0.24953799630397044
4622,0.2495310093798124
908,0.24951005095470072
666,0.24949608062709966
8728,0.24948211186383742
1050,0.24948211186383742
1841,0.24947512806875122
2377,0.24946814466465123
4280,0.24946116165150456
4544,0.24945417902927838
3596,0.24942625244892247
4604,0.24942625244892247
1353,0.2493983321206694
5336,0.2493983321206694
8210,0.24939135301525114
7074,0.24938437430042534
1313,0.24937041804241983
6659,0.24936344049917458
1563,0.2493564633463906
6913,0.24934948658403513
3248,0.24934251021207543
9368,0.2493285586392122
8709,0.24932158343824312
5808,0.24931460862753874
6560,0.24930763420706634
433,0.24930066017679312
1675,0.2492797404268412
2417,0.2492797404268412
2849,0.2492797404268412
4504,0.2492797404268412
4878,0.24927276795703737
5138,0.24926579587726905
6368,0.2492588241875035
1521,0.24925185288770801
4518,0.24923791145789637
2057,0.24922397158757237
3763,0.24921700223713647
8739,0.24921003327647437
107,0.24920306470555337
456,0.2491960965243408
2124,0.24918216133091012
9088,0.24918216133091012
657,0.2491682276959208
3332,0.2491682276959208
1705,0.2491542956191115
323,0.2491473301649427
3400,0.24913340042491333
3144,0.24913340042491333
4900,0.2491264361389875
4130,0.24910554561717352
3825,0.24909162054894068
557,0.24907073586540343
4536,0.24905681468853924
61,0.2490498546836575
1632,0.2490498546836575
2928,0.24904289506776583
4225,0.24904289506776583
8756,0.24902897700282225
9732,0.24902897700282225
4293,0.24902897700282225
2403,0.24902201855370515
99,0.2490150604934477
8972,0.24898723214036264
1046,0.24897332029613076
269,0.24897332029613076
1194,0.24896636495697844
173,0.24896636495697844
1136,0.24894550127098522
2309,0.24893159408955057
2194,0.24892464108150383
1577,0.24891768846186074
2122,0.24890378438765537
1161,0.24890378438765537
2653,0.24890378438765537
2356,0.2488898818666741
1068,0.248848183620473
3442,0.24884123527112303
4652,0.24881344575353173
8967,0.24881344575353173
4123,0.24880649934392363
426,0.24879955332216638
8598,0.24877177311299686
1336,0.248764829030007
6358,0.24872317267170885
4904,0.24871623130162981
39,0.24871623130162981
5253,0.2487092903189797
286,0.24870234972372607
3204,0.24870234972372607
587,0.24870234972372607
2310,0.24869540951583646
6660,0.2486607142857143
6312,0.24863990179393466
3264,0.24863296507086263
2459,0.24862602873483053
3236,0.24861909278580593
6657,0.2486121572237565
449,0.2486121572237565
401,0.2486121572237565
3904,0.24860522204864985
90,0.24859135285913528
8746,0.24858441884466262
1798,0.24857748521700324
3089,0.24857748521700324
1576,0.24857055197612474
212,0.24857055197612474
8387,0.248535891572313
8998,0.248515099969326
1144,0.24850817020801963
2098,0.24850817020801963
5656,0.24848738324271574
3378,0.24847352719770263
9450,0.2484596726978728
2708,0.24844581974296787
4684,0.24844581974296787
2657,0.24844581974296787
45,0.24844581974296787
2434,0.24843196833272935
412,0.24841811846689896
8242,0.24841811846689896
9104,0.2484111941130561
4404,0.24839042336742942
8276,0.24839042336742942
5186,0.24835581317578864
1573,0.2483281319661168
8608,0.24831429367511842
534,0.24830737510796577
4378,0.24830737510796577
8336,0.2482935391301925
8454,0.24828662171950744
5145,0.24827970469424712
2538,0.24826587179987186
8392,0.24825895593069253
9760,0.2482520404468091
3221,0.2482174688057041
5648,0.2482174688057041
2819,0.24820364284520693
625,0.24818981842486354
9256,0.2481690846815739
4233,0.2481621742036088
2210,0.24815526411048924
8345,0.248148354402183
6801,0.24814144507865793
6448,0.24814144507865793
5872,0.24814144507865793
1888,0.24813453613988196
5032,0.24812762758582288
2460,0.2481207194164486
4235,0.24809309058515672
2241,0.24808618433872448
4947,0.24808618433872448
1593,0.2480723729993041
5155,0.24805165887330216
4150,0.24804475493334074
1545,0.24803094820628427
1266,0.24803094820628427
8215,0.24803094820628427
4772,0.24798263676331458
8680,0.24798263676331458
850,0.24798263676331458
4724,0.247968836950473
8355,0.24795503867341828
1274,0.24794814011073088
8497,0.24794814011073088
9474,0.24794814011073088
6217,0.24794124193189407
1376,0.24789986091794158
4148,0.24788607031597687
469,0.24787228124826166
570,0.24785849371454
2645,0.24785160052284674
2388,0.24785160052284674
4208,0.2478309232480534
1581,0.2478240315897778
7746,0.2478240315897778
9425,0.2478102494230181
4883,0.2478102494230181
8517,0.24777580071174377
422,0.2477620239088129
782,0.24774136157673812
635,0.2477000472497846
650,0.2477000472497846
940,0.24769316286826015
8227,0.2476862788694033
8612,0.2476725120195648
756,0.2476725120195648
9610,0.2476587467000139
4402,0.2476587467000139
4229,0.2476381015894187
2692,0.24761058012891754
2339,0.24760370071958437
586,0.24756243228978583
2736,0.24755555555555556
4257,0.24754180323315372
7205,0.24752805243861792
8259,0.24752117761422024
3111,0.2475143031716936
2178,0.2475074291110062
5361,0.2475074291110062
9616,0.2475005554321262
884,0.2474936821350218
2125,0.2474868092196612
313,0.24747993668601262
4166,0.24747993668601262
9401,0.24747306453404422
4339,0.24746619276372422
6278,0.24745932137502083
8712,0.24745245036790225
1225,0.24744557974233675
5129,0.24743870949829247
4169,0.24743870949829247
7432,0.2474249701546406
4322,0.24741810105496947
8327,0.24741810105496947
5904,0.24739749604419398
1674,0.24739062846990895
3713,0.24737689446510852
1784,0.24737689446510852
1606,0.24737002803452965
3778,0.24737002803452965
722,0.24736316198512268
1204,0.24734943102969748
4600,0.24732883745455556
1634,0.24732883745455556
6414,0.24732883745455556
3392,0.24732883745455556
8294,0.24732883745455556
602,0.24732197369151357
2626,0.2473082473082473
1619,0.2473013846879596
6128,0.2473013846879596
9600,0.24729452244852657
717,0.24726707729870706
1712,0.24721906294210658
9856,0.24721906294210658
4373,0.24721906294210658
820,0.24720534797925162
961,0.24719849106845668
4228,0.24719163453804122
4486,0.2471847783879736
5250,0.24717792261822216
740,0.24717106722875526
4912,0.24716421221954127
209,0.24715735759054855
2333,0.24715735759054855
5144,0.24715050334174546
2680,0.24715050334174546
369,0.24714364947310039
2588,0.2471230901477969
454,0.24711623779946762
1541,0.24710938583113823
3850,0.24709568303435273
9745,0.24708883220583341
232,0.24708198175718762
6284,0.2470682819993901
2232,0.24705458376070746
4577,0.24705458376070746
8928,0.24704773521095527
2628,0.24704773521095527
5137,0.24704088704088703
2944,0.24704088704088703
1138,0.24702719183967625
2977,0.24702034480847054
3216,0.24701349815682253
2198,0.2469792705908436
4365,0.2469792705908436
8770,0.2469792705908436
387,0.24697242621587917
2192,0.2469587386039294
7190,0.24694505250907478
2456,0.24694505250907478
2937,0.24693821003047936
3953,0.24693136793106316
196,0.24693136793106316
2073,0.2469176848696423
2085,0.24691084390757467
2672,0.24689032329556473
1308,0.24689032329556473
4291,0.24686980609418283
2104,0.2468561298543017
612,0.2468287819199025
5202,0.24682194588306977
5218,0.24680144004430907
689,0.2467877713779353
4244,0.2467877713779353
5010,0.24678093761249412
410,0.24678093761249412
626,0.2467741042255081
5364,0.2467262811107112
499,0.24669896193771626
6928,0.24669896193771626
4545,0.2466784765279008
1522,0.2466784765279008
9408,0.24663751591299055
9032,0.24663751591299055
2297,0.24663751591299055
4528,0.2466306904663069
9492,0.24659656889872716
1988,0.24659656889872716
3080,0.24658974571815942
2882,0.24658292291516795
4380,0.24658292291516795
6184,0.24655563547833786
6688,0.24654881456275762
4177,0.24653517386373067
5762,0.24653517386373067
9306,0.2465283540802213
4874,0.24650107871881397
5368,0.24650107871881397
284,0.24649426082146314
6186,0.24649426082146314
4643,0.24648744330125014
4371,0.2464738093921124
337,0.2464738093921124
4425,0.24644654609811403
2389,0.24641928883481723
797,0.24641247546105566
2669,0.24640566246405662
1636,0.24640566246405662
297,0.2463920376002212
9728,0.24637841424306092
688,0.24637841424306092
1920,0.24637841424306092
8833,0.2463716031294059
3100,0.2463579820317899
8341,0.24633074435445976
2358,0.24633074435445976
6304,0.24633074435445976
1141,0.24631032004864298
2457,0.24631032004864298
3656,0.24630351269933395
2722,0.24628989912947355
8292,0.24628309290885977
4492,0.2462694815961092
154,0.24625587178778668
8849,0.246249067447708
389,0.24623545989555992
2490,0.2462150513868936
3970,0.24619464626094645
3636,0.24618104472252147
4191,0.24617424451687753
377,0.24612665359441022
3233,0.24612665359441022
2733,0.24611985639326153
263,0.24611305956753474
3384,0.2460994670422224
1052,0.2460858760182245
582,0.24603831925349234
2844,0.24603831925349234
1116,0.24603152693040334
2500,0.24602473498233215
1395,0.24601115221111908
3050,0.24599757093960473
1057,0.24597720184372499
8465,0.24597720184372499
9028,0.24597720184372499
8711,0.24596362432037094
2682,0.24594326084556795
165,0.2459296870688228
172,0.24591611479028697
6488,0.24591611479028697
8516,0.24590932921277006
5219,0.24589575918108325
8977,0.24589575918108325
374,0.24586862361022982
4747,0.24584827586206898
523,0.24584827586206898
1301,0.24582115076957026
9994,0.24582115076957026
9744,0.24582115076957026
9537,0.24580759046778464
2573,0.24580081087789943
2101,0.24579403166197805
649,0.24578725281998953
2445,0.24578047435190292
1368,0.24578047435190292
6200,0.24577369625768733
5382,0.2457533642179572
9478,0.24574658761891632
9731,0.24574658761891632
4260,0.2457398113935918
5496,0.24573303554195275
5898,0.24572626006396825
2093,0.24571948495960738
5318,0.24570593587163297
4405,0.24567206968794794
103,0.24566529757146402
270,0.2456449834619625
6402,0.2456382128386759
5381,0.2456382128386759
436,0.2456382128386759
1795,0.24563144258861144
1201,0.24563144258861144
1291,0.24559082892416226
95,0.24559082892416226
2852,0.24558406128578908
9632,0.2455772940203913
2345,0.24557052712793806
4304,0.24555699446174192
3124,0.24555699446174192
3338,0.2455366982587613
2515,0.2455299336033281
3352,0.2455299336033281
5752,0.24551640541061737
2468,0.2455028787085755
8244,0.2455028787085755
8233,0.24549611591647844
1740,0.24549611591647844
5200,0.24549611591647844
4836,0.24549611591647844
2215,0.24548935349695616
2845,0.24548935349695616
809,0.24548935349695616
9488,0.24548259144997797
1039,0.24545554698688996
177,0.24544202698980996
1298,0.2454352675497783
6140,0.2454285084820445
8459,0.2454285084820445
3408,0.24541499146334747
8548,0.24540823351232274
1777,0.24538796189217468
1618,0.2453812054296649
2362,0.2453812054296649
5224,0.2453812054296649
2900,0.2453812054296649
498,0.24537444933920705
4409,0.24536769362077035
6458,0.2453609382743241
2843,0.24534742869728005
4231,0.24534067446662078
1090,0.24534067446662078
5232,0.2453339206078291
1928,0.2453339206078291
3871,0.24532716712087427
9385,0.24532716712087427
9225,0.24532716712087427
8266,0.24530690889072393
57,0.2453001568908095
8513,0.24527990312104364
8652,0.24527990312104364
5004,0.24527315260767854
9858,0.24527315260767854
435,0.24526640246587406
538,0.24523265732918742
705,0.2452259094161026
9252,0.24521241470394012
2552,0.24521241470394012
6192,0.24520566790480122
2301,0.24519217542025476
8338,0.24517868442047924
4147,0.24517193947730398
159,0.24516519490522956
3633,0.24515845070422534
2547,0.24515845070422534
4338,0.24515845070422534
3834,0.24515845070422534
9237,0.24514496341530506
4706,0.24514496341530506
677,0.24514496341530506
332,0.24511125168458978
4716,0.24511125168458978
8460,0.24507080984463084
8836,0.2450640708353957
8330,0.24505059392872855
4924,0.24505059392872855
4195,0.24505059392872855
1140,0.24503038134777708
38,0.2450236445617508
9568,0.2450236445617508
4722,0.2450236445617508
1193,0.24500343642611683
2961,0.24498996618742613
5700,0.2449832316235087
8339,0.2449764974298359
4685,0.24496976360637712
1162,0.24496976360637712
8389,0.2449495643569799
5142,0.2449361000412258
225,0.24492936843841037
1322,0.2449226372055954
5732,0.24491590634275034
9219,0.24491590634275034
2294,0.24490244572684802
549,0.24490244572684802
3335,0.24490244572684802
53,0.24489571597372978
8329,0.24488225757700657
4198,0.24487552893334066
2300,0.24486880065943123
3364,0.24485534522075994
963,0.24484861805593713
6163,0.24484189126074893
8994,0.24482171309268722
4017,0.24482171309268722
9221,0.24481498777573277
1505,0.24480153825024034
4227,0.2447880902024336
9033,0.244774643632069
4602,0.24476792090085142
8397,0.24476119853890307
1189,0.24475447654619356
9240,0.24474775492269243
1780,0.24474775492269243
298,0.2447410336683693
1859,0.24473431278319374
4448,0.24471415234224833
2373,0.24471415234224833
1361,0.24470071389346512
4708,0.24469399522253646
6704,0.24468727692054254
4248,0.24468055898745297
3282,0.24467384142323742
8205,0.2446536909435309
3860,0.2446469748545075
1670,0.2446469748545075
2582,0.24464025913420626
1818,0.24462682879964864
8267,0.24462682879964864
2442,0.24460668606246913
8914,0.24459997255386304
5140,0.2445932594137666
5906,0.24457983423898128
9312,0.24457312220423172
8576,0.24455969923986717
6155,0.24455969923986717
6213,0.24453285773082728
4396,0.24453285773082728
7744,0.24452614827415903
170,0.24452614827415903
9223,0.24449931412894377
1588,0.24449260651285287
5297,0.2444657797284323
9238,0.2444657797284323
5425,0.24445907395216152
3288,0.24444566350320918
6672,0.24442555058829982
2676,0.24441214381702
3724,0.24440544098288722
5056,0.24440544098288722
1394,0.24439873851638558
9025,0.2443786333223648
5385,0.24436523169728544
8403,0.2443585314359354
358,0.2443585314359354
8721,0.24435183154200482
1249,0.24434513201546348
1873,0.24434513201546348
4881,0.24434513201546348
1704,0.2443250356398728
2842,0.24431163989253796
3083,0.24428485280412257
8748,0.24428485280412257
4526,0.24427146146255893
2467,0.24426476634233246
2613,0.24425807158910268
5383,0.24425137720283938
960,0.24423798953109155
1338,0.24423798953109155
8648,0.24423798953109155
5199,0.24423129624554674
2160,0.24421791077496438
1880,0.24421791077496438
4481,0.2442045267715241
2578,0.24419783531990683
5672,0.24419114423498467
3103,0.24417107318008713
595,0.24415769430974493
5107,0.2441510054243603
1100,0.24413762875301337
2548,0.24413762875301337
4898,0.24413762875301337
4168,0.2441309409669908
6624,0.24412425354736209
920,0.24411756649409702
4181,0.24411756649409702
3858,0.24411756649409702
6480,0.24410419348653756
5952,0.24409082194407164
5529,0.24408413672217352
531,0.2440640832534575
4163,0.2440440330795772
9248,0.24403066812705368
5151,0.24403066812705368
758,0.2440106234427621
1122,0.2440106234427621
1047,0.2440106234427621
1329,0.24400394261307634
9352,0.24399726214921286
4611,0.2439772229522558
7177,0.24396386531617847
5228,0.24395718704661795
1549,0.24395718704661795
5443,0.24395050914266944
250,0.24394383160430297
556,0.24393715443148847
318,0.24393047762419598
339,0.24391712510605687
8726,0.2438904244547221
1109,0.24383704068510767
1968,0.24383036935704513
188,0.2438236983940248
675,0.24379034905350694
6212,0.2437636761487965
8359,0.24375700883455048
445,0.24375034188501724
9000,0.24375034188501724
8710,0.24375034188501724
1437,0.24375034188501724
3300,0.24373700907996937
1673,0.24373700907996937
42,0.24371701260699538
8984,0.24371701260699538
5169,0.24371034784511048
4268,0.2436970194148209
3632,0.2436903557463564
1736,0.2436836924423056
6848,0.2436703669273254
1480,0.2436637047163363
3826,0.2436570428696413
8489,0.2436570428696413
1820,0.2436570428696413
226,0.24365038138721054
115,0.2436370595150223
1442,0.2436370595150223
4389,0.24363039912520504
1065,0.24361707943797495
4768,0.24361707943797495
437,0.24361707943797495
4686,0.2435837865908656
8473,0.2435771291133705
2131,0.24354384718388764
4394,0.2435238823915182
611,0.2435238823915182
4728,0.2435238823915182
3426,0.24351057434832504
3836,0.24350392087215497
1547,0.24350392087215497
7237,0.24349726775956285
7,0.24349061501051883
6177,0.24349061501051883
3085,0.24349061501051883
866,0.24348396262499317
1906,0.24347065894437767
1356,0.24347065894437767
1858,0.24343075662387326
5244,0.24342410750867224
1412,0.2434108103679021
2145,0.24340416234227344
5400,0.24339086738038015
547,0.24338422044405603
8965,0.24338422044405603
4621,0.24337757387077394
3628,0.24337757387077394
2872,0.2433709276605041
1337,0.24336428181321682
9904,0.24336428181321682
380,0.24336428181321682
8876,0.24334434644895284
4200,0.24333770205329838
4976,0.2433310580204778
1420,0.24331777104321947
4485,0.2432845599475868
3700,0.24326463764159956
2476,0.24325799759799105
1167,0.24325135791686
935,0.24325135791686
6376,0.24324471859817676
732,0.24324471859817676
4024,0.24324471859817676
8332,0.24323807964191163
1350,0.24323807964191163
3653,0.24323807964191163
4209,0.2432181649473282
3133,0.2432181649473282
220,0.24320489029581924
8424,0.24319161709327075
9922,0.24319161709327075
4135,0.24319161709327075
8274,0.24318498103528255
5252,0.24317834533944555
4936,0.24316507503410642
4745,0.24316507503410642
135,0.24315844042454504
8848,0.24315844042454504
2597,0.24315180617701626
1976,0.24313190560632927
4902,0.2431186403688245
3494,0.2431186403688245
4117,0.24310537657873918
2424,0.24310537657873918
6361,0.24309211423583646
4548,0.24308548360700452
1648,0.24308548360700452
3570,0.2430655938906314
4173,0.24305233588785558
877,0.24304570742882076
3345,0.2430324515953095
5644,0.2430258242207739
3473,0.2430191972076789
8238,0.24301257055599487
2569,0.24301257055599487
3394,0.24298606756277777
789,0.24298606756277777
4242,0.24296619411123227
4397,0.24293307891508792
4712,0.24293307891508792
4824,0.24292645695905796
4663,0.24292645695905796
4682,0.2429198353640254
9222,0.2429198353640254
1417,0.24291321412996075
2498,0.24290659325683447
1616,0.24290659325683447
633,0.24290659325683447
729,0.24289997274461705
9345,0.24288011337312293
3972,0.24288011337312293
3476,0.24288011337312293
3402,0.24288011337312293
2966,0.24287349430424593
6888,0.24286687559613027
1139,0.24286025724874646
4748,0.24285363926206502
3664,0.24284702163605645
5440,0.2428404043706913
2835,0.2428404043706913
4615,0.2428404043706913
5805,0.2428404043706913
3428,0.2428404043706913
8800,0.24283378746594006
585,0.24282717092177325
5634,0.24282717092177325
4932,0.24281393891507505
2618,0.24280732345248474
6296,0.24280732345248474
8457,0.242800708350361
2960,0.242800708350361
472,0.24278747922739533
6901,0.2427742515459424
2444,0.24274780050663253
981,0.24273457714830451
1035,0.24272796600936922
1422,0.24270813475312508
4769,0.24270813475312508
2258,0.24270813475312508
8530,0.24270813475312508
3903,0.24270152505446624
3639,0.24270152505446624
563,0.24270152505446624
179,0.24268169811834545
708,0.24267508985949243
535,0.24265526724208347
4386,0.2426222367418055
8547,0.242615631720796
2702,0.242615631720796
1531,0.24260242275758814
668,0.24260242275758814
3593,0.24259581881533102
1234,0.2425892152325993
2821,0.2425760091455946
1436,0.24256940664126292
931,0.2425562027107942
1097,0.24254300021772263
1081,0.24252319917272158
6214,0.24251659954283225
2513,0.24251659954283225
1688,0.2425034013605442
4834,0.24249680280808686
4690,0.24247700930510965
1638,0.24247700930510965
3864,0.24245062299363404
8640,0.24245062299363404
5314,0.242444027313039
515,0.24243083702837245
634,0.2424176481788755
5571,0.2424110542922424
1543,0.24239127478445344
3490,0.24235831611008377
4302,0.24235172545073833
4914,0.24233854520734194
4119,0.24232536639747668
8929,0.24232536639747668
1660,0.24231877753004513
295,0.24231218902090867
9229,0.24231218902090867
3608,0.24229242564297754
8713,0.24229242564297754
3849,0.2422858385667292
9730,0.2422858385667292
444,0.24227925184862983
8774,0.24227266548865026
3363,0.24226607948676127
9505,0.24226607948676127
632,0.24225949384293363
8203,0.24224632362934573
4472,0.24224632362934573
93,0.24223973905952703
3209,0.24223973905952703
2295,0.24223315484765295
1852,0.24223315484765295
851,0.24220682157901888
4276,0.24220682157901888
8466,0.24220682157901888
2579,0.24220023915643005
933,0.24220023915643005
5432,0.24218707538453177
2121,0.24217391304347827
5220,0.24216075213303626
539,0.24216075213303626
4140,0.24216075213303626
5194,0.2421475926529725
1856,0.24213443460305384
2664,0.24212785611432608
4977,0.24211470020918796
2881,0.24210154573361223
4761,0.24209496903183744
1067,0.24209496903183744
2182,0.24207524107021594
294,0.24204894212227382
985,0.2420423682781097
2978,0.2420423682781097
5254,0.2420029327105849
2214,0.2419832197453094
5156,0.2419832197453094
9520,0.24195694078679444
2438,0.24195694078679444
7724,0.2419438034478078
4193,0.24191753304921415
1114,0.24190439998914254
1843,0.2418978339938114
1075,0.24189126835491137
6224,0.2418781381462885
9249,0.24187157357650763
6936,0.24187157357650763
8353,0.24186500936304176
5639,0.2418584455058619
1698,0.24185188200493907
4449,0.24185188200493907
1539,0.24185188200493907
2920,0.24185188200493907
936,0.24184531886024424
2987,0.2418387560717484
660,0.24183219363942254
2062,0.24183219363942254
1185,0.24183219363942254
1434,0.24182563156323772
6894,0.24181250847917515
397,0.24180594747123943
1864,0.24180594747123943
1254,0.24179938681932875
968,0.24179938681932875
9152,0.2417928265234142
6412,0.2417928265234142
3420,0.24178626658346672
277,0.24178626658346672
4426,0.24177970699945742
9792,0.24177314777135725
4994,0.24176658889913732
2211,0.24176003038276864
9602,0.24176003038276864
5766,0.24174691441746915
6669,0.24174035696848045
833,0.24173379987522717
2833,0.24172724313768038
5292,0.24172068675581113
8778,0.24170757505898946
5675,0.24168791018061506
4441,0.24168135593220338
7329,0.24168135593220338
2311,0.24168135593220338
3736,0.24167480203926672
1609,0.2416551424930177
8853,0.241635486145003
7369,0.24160928265466572
285,0.2415961830405552
2132,0.24158963376616335
2161,0.24158963376616335
1572,0.24158308484684196
9090,0.24156998807329502
9259,0.24156344021901174
7362,0.2415503455752812
8281,0.24154379878577623
3744,0.24153725235113965
2332,0.24153725235113965
3872,0.24153725235113965
6210,0.24151761517615175
43,0.2415045254999729
1321,0.2415045254999729
325,0.24149798119394086
4630,0.24149143724257532
8536,0.24148489364584744
6754,0.24148489364584744
254,0.2414783504037284
1124,0.2414783504037284
8337,0.24146526498320148
2643,0.24146526498320148
8532,0.24143255763552135
830,0.2414260172292355
9176,0.2414260172292355
4312,0.2414129374796836
123,0.2414129374796836
9270,0.2414129374796836
5508,0.24139985914729942
1094,0.24139985914729942
113,0.24138678223185264
681,0.24138678223185264
4816,0.24137370673311304
6546,0.2413671695149365
898,0.2413606326508504
4629,0.24134755998483454
9968,0.24133448873483535
945,0.2413214189006228
8498,0.2413214189006228
9096,0.2413148845143646
3401,0.2413148845143646
6211,0.24130835048196686
980,0.24130181680340076
3084,0.24128875050764856
6676,0.2412756856268782
5264,0.24125609095831077
2714,0.24122344024901882
8579,0.24122344024901882
4811,0.24122344024901882
2886,0.24121038243971094
4642,0.24121038243971094
854,0.24121038243971094
1449,0.24120385406517267
9601,0.24119079837618404
8461,0.24118427106167628
8904,0.24117774410045464
9304,0.24117774410045464
775,0.24117774410045464
4469,0.24116469123775505
7040,0.24115816533621973
4797,0.24115163978785584
2110,0.24114511459263469
7457,0.24113858975052763
182,0.241132065261506
527,0.241132065261506
1221,0.24111901734260438
3874,0.24111901734260438
2407,0.24111249391266706
8966,0.24111249391266706
790,0.24109944811167622
7241,0.24109944811167622
6344,0.2410929257405654
2570,0.24108640372233944
3450,0.24107988205696973
8372,0.24107336074442762
2069,0.24106683978468446
3121,0.24106683978468446
3173,0.24106031917771165
4882,0.24105379892348056
8268,0.24105379892348056
8386,0.24104075947312903
2721,0.24104075947312903
1570,0.24103424027695136
4171,0.24103424027695136
8860,0.24102120294244916
1610,0.24100816701822705
315,0.24100816701822705
473,0.24100164958489953
4888,0.24099513250405624
1346,0.2409755833761458
5816,0.24095603741956417
6190,0.2409364946335397
858,0.2409364946335397
8005,0.24091695501730104
470,0.24089741857007704
3145,0.24087137490202437
1940,0.24085184584617048
7180,0.24084533686457854
86,0.24082581203048153
2217,0.24081930445591374
2812,0.2408127972330307
4269,0.24079327767420497
2712,0.24079327767420497
1524,0.240780266392889
6664,0.24077376127951586
6401,0.24075424804819406
2092,0.2407412409843594
4290,0.2407412409843594
2222,0.2407282353258961
566,0.24072173302360758
6187,0.24072173302360758
4650,0.2407152310725765
5472,0.2407087294727744
6516,0.2407087294727744
1611,0.2406892267804575
5664,0.2406892267804575
4115,0.2406827265852868
5908,0.24066322810618132
3808,0.24065672931518686
3466,0.24063723504792764
9137,0.24063723504792764
8656,0.24062424062424062
6856,0.2406047516198704
804,0.2406047516198704
9869,0.24059825598660944
2724,0.24059825598660944
1728,0.24059176070406565
9762,0.24059176070406565
5362,0.2405787711910161
7243,0.2405787711910161
1840,0.24056578308049453
4320,0.24055928955111075
4746,0.2405527963722738
3444,0.2405527963722738
105,0.24052682716182663
4325,0.24052682716182663
3280,0.2405138446591461
8250,0.24050735393334233
3597,0.24050086355785838
2323,0.2404943735326659
4452,0.2404749055585537
4212,0.2404619286600831
2193,0.24045544073604402
9672,0.240448953162098
8764,0.240448953162098
6286,0.240448953162098
210,0.240448953162098
2770,0.24044246593821664
343,0.2404294925405347
5401,0.2404294925405347
5760,0.24042300636667746
3616,0.24042300636667746
457,0.24041003506878877
6756,0.24041003506878877
950,0.24039706517047907
249,0.24039706517047907
4491,0.24039058074609554
5389,0.24039058074609554
2374,0.24039058074609554
3205,0.24037112957169057
6474,0.24036464654637646
6721,0.24035816387075895
2246,0.24035168154480974
3150,0.24035168154480974
462,0.24033223666468906
4184,0.24032575573713022
1621,0.24031279493056493
4576,0.24029983552188097
3837,0.24029983552188097
1482,0.24029335634167387
3059,0.24029335634167387
3417,0.24028039902938797
2439,0.2402739208972527
2220,0.2402739208972527
5641,0.2402739208972527
3340,0.24026096568085623
2134,0.24026096568085623
1731,0.24025448859653853
2874,0.24024801186143685
2338,0.24023505943876863
2219,0.24022210841262567
1904,0.24021563342318059
825,0.24021563342318059
1380,0.24021563342318059
484,0.24020268449140209
4809,0.24018326371109014
977,0.24017679081550153
7297,0.24017679081550153
3852,0.24017679081550153
2095,0.24017031826879026
1428,0.24015737422188688
5179,0.24015090272163836
279,0.24015090272163836
7169,0.24014443157015442
1326,0.24014443157015442
2709,0.24014443157015442
9541,0.24013796076740676
2225,0.24013796076740676
2638,0.24013149031336728
2755,0.24012502020800777
4820,0.24012502020800777
2117,0.2401185504513
461,0.24011208104321585
2158,0.24010561198372712
2713,0.24010561198372712
872,0.24010561198372712
3174,0.24010561198372712
5426,0.24010561198372712
4791,0.24009914327280565
5673,0.24009267491042324
5269,0.24008620689655172
712,0.24006680494572097
359,0.24006680494572097
3478,0.24006680494572097
1986,0.24003447532859298
4118,0.24003447532859298
2505,0.24003447532859298
1190,0.24003447532859298
8725,0.2400280104500525
3416,0.2400280104500525
9862,0.2400021544179032
1932,0.2400021544179032
5313,0.23998922849064225
540,0.23997630395562378
3922,0.23996984221013518
2435,0.23996338081262286
736,0.23994399870766248
8897,0.23993753870177423
5587,0.23993107904372174
4568,0.23993107904372174
6181,0.23992461973347692
2302,0.2399181607710117
428,0.2399181607710117
2499,0.23991170215629795
1013,0.23991170215629795
2146,0.23990524388930765
3890,0.23989232839838492
2482,0.23987941429801896
2319,0.239853590268059
30,0.23984713512931616
1657,0.23984068033801603
6228,0.23984068033801603
8804,0.23984068033801603
849,0.2398213180484917
8896,0.239808411592175
302,0.239808411592175
883,0.23978260284661124
2458,0.2397697005569157
3117,0.23975679965564553
970,0.23975679965564553
8732,0.2397439001425766
4740,0.23973100201748487
1079,0.23972455347536045
4401,0.23972455347536045
2213,0.23972455347536045
3958,0.23971165743181452
8724,0.23969876277568586
2658,0.23969231596783303
4801,0.23968586950675058
1241,0.23968586950675058
826,0.23967942339241052
6416,0.23967942339241052
8544,0.23967942339241052
2945,0.23967297762478484
6273,0.23966008712956488
1411,0.23964719802086695
9008,0.23964719802086695
4916,0.23964719802086695
5936,0.23964075398639384
4892,0.23963431029846732
4218,0.2396278669570595
5154,0.23961498131368805
2212,0.23960209705605592
3388,0.23958921418393955
2556,0.23958277326737998
382,0.2395763326971155
6183,0.23956989247311827
1639,0.2395441350392431
9888,0.2395441350392431
721,0.2395441350392431
1260,0.2395441350392431
3906,0.23953769654616314
4995,0.2395248205982745
3684,0.23950550927170117
2637,0.23948620105876978
6147,0.23948620105876978
409,0.23946689595872742
9542,0.23946689595872742
3553,0.239460461617003
9482,0.239460461617003
391,0.23943472770747695
6308,0.23942829509429908
8649,0.23941543090479261
3556,0.23940899932840834
4709,0.23940899932840834
1815,0.23938970667239712
4901,0.23937041712551368
2754,0.23937041712551368
1737,0.23936398796733993
5778,0.23935755915451348
8468,0.23934470256479118
5798,0.23933827478783973
228,0.23933827478783973
4637,0.23933184735612428
3804,0.23932542026961706
917,0.23930614108106657
1218,0.2392740160017183
2776,0.2392675920208339
3714,0.23926116838487974
8277,0.23925474509382802
2742,0.23925474509382802
5572,0.23924832214765102
1494,0.23924832214765102
4419,0.23924832214765102
1642,0.23923547728980996
2822,0.23922263381113437
7392,0.2392097917114022
5257,0.23920337117857046
4179,0.23919695099039132
1098,0.239190531146837
2105,0.239190531146837
6492,0.23917769249349186
1315,0.23917127368364555
6166,0.23917127368364555
1744,0.23915843709746673
1290,0.23915201932107877
2245,0.23914560188912146
4692,0.23913918480156707
5178,0.23913918480156707
8236,0.2391263516595562
3652,0.2391135198948244
5712,0.23910068950714994
5456,0.23909427482963996
8845,0.23909427482963996
4657,0.23908144650713595
1352,0.23908144650713595
1525,0.23907503286208653
6156,0.2390557939914163
2502,0.23904938172259327
4500,0.23904938172259327
8253,0.2390365582168817
1385,0.2390365582168817
8865,0.2390109153324215
348,0.239004505470929
6852,0.239004505470929
1601,0.23899809595323018
806,0.23899809595323018
8673,0.23899168677929739
3331,0.23899168677929739
5344,0.23898527794910301
3252,0.23897246131981872
1714,0.23896605352067357
670,0.23895323895323894
2616,0.23895323895323894
6736,0.23893401967881175
1402,0.23893401967881175
3266,0.23893401967881175
4785,0.23892120854668775
3290,0.23892120854668775
4961,0.23890199442419044
4340,0.23890199442419044
9354,0.23889559040343117
4660,0.23889559040343117
4440,0.23888918672599582
6468,0.23888918672599582
5669,0.2388699777533571
902,0.2388699777533571
5720,0.2388699777533571
1426,0.2388635754489413
6548,0.2388635754489413
7451,0.2388571734877114
2581,0.2388443705946989
5172,0.23883796966286114
3526,0.23883796966286114
3175,0.2388315690740989
8485,0.2388315690740989
6243,0.2388315690740989
707,0.23882516882838462
1612,0.2388187689256907
5449,0.238773979209088
5582,0.238773979209088
2929,0.2387547887588073
7296,0.2387547887588073
646,0.2387483926275182
9016,0.2387419968389188
3452,0.23873560139298153
85,0.2387036293022633
3857,0.2386908428636473
2005,0.238678057794799
338,0.238652491765525
894,0.23864610111396745
458,0.23864610111396745
9448,0.23864610111396745
8379,0.23864610111396745
5618,0.23863971080465926
1931,0.23863332083757297
4980,0.23863332083757297
2412,0.23861415298937053
2710,0.23860776439089693
3395,0.23860776439089693
1413,0.23860776439089693
3704,0.23860776439089693
2855,0.23859498822017564
5190,0.2385822134175724
4760,0.2385822134175724
7623,0.2385822134175724
1708,0.23857582652924642
4279,0.23857582652924642
2744,0.23856305377840833
4744,0.23855666791584132
4636,0.23855666791584132
869,0.23855028239513906
827,0.23855028239513906
1937,0.23849282808820382
1009,0.23848006422263848
2897,0.23848006422263848
2612,0.23846730172321523
3480,0.23846092098573837
761,0.23844816053511705
2662,0.2384417808219178
6738,0.2384417808219178
5652,0.23843540145008962
6266,0.23842902241960512
6700,0.23842264373043687
4645,0.23842264373043687
8606,0.23841626538255753
1781,0.23841626538255753
1427,0.23840988737593966
9325,0.23839075540338112
6189,0.2383780024608142
8900,0.23837162650119026
7269,0.23837162650119026
4172,0.23836525088263613
4186,0.2383588756051245
7472,0.23835250066862798
8592,0.2383397518185708
9409,0.23833337790495548
3657,0.23832700433224582
4275,0.2383015134499171
3721,0.2383015134499171
2808,0.2382951415813257
3125,0.2382951415813257
9985,0.2382951415813257
2984,0.2382951415813257
843,0.23828877005347593
6157,0.23828239886634048
504,0.23827602801989198
3185,0.23826965751410314
4753,0.23826328734894664
2359,0.23826328734894664
7056,0.23825691752439512
2077,0.2382505480404213
1677,0.2382441788969979
3846,0.23822507350975675
2334,0.23821233828718058
2749,0.23820597118648598
2621,0.23819960442615065
4766,0.23818687192644858
2318,0.23818687192644858
6209,0.2381805061870273
5126,0.2381805061870273
4064,0.23817414078785612
2446,0.2381550466315705
1278,0.2381550466315705
3412,0.23814868259312705
4306,0.23814868259312705
8610,0.2381423188947973
441,0.23812959251837007
2617,0.23812959251837007
4546,0.23812322984021803
3380,0.2381168675020707
5505,0.2381105055039008
3651,0.2381105055039008
1267,0.23809778252738445
1320,0.23809778252738445
4710,0.23808506091045095
2934,0.23807870061175967
4495,0.2380659810337919
617,0.2380659810337919
5633,0.23805962175446094
2595,0.2380532628148623
1458,0.23804054595475307
965,0.23803418803418802
405,0.23803418803418802
2677,0.2379960476419377
2715,0.2379960476419377
2227,0.2379960476419377
2326,0.2379896920981654
5728,0.2379896920981654
3396,0.2379896920981654
6921,0.23798333689382611
2739,0.23797698202889261
8333,0.23796427331713438
5208,0.23795791947025527
757,0.23795156596267322
4913,0.23793250747543784
1860,0.2379198035132682
2381,0.2379071009076348
4433,0.23790075011345133
5316,0.23789439965832043
9860,0.23788804954221499
8792,0.23788804954221499
629,0.23786900122777985
5645,0.23786900122777985
1108,0.23786265246750474
874,0.23786265246750474
8597,0.23786265246750474
1318,0.23785630404611935
8199,0.2378372608150303
6728,0.2378372608150303
6596,0.23782456702158888
3880,0.2378182206329722
9872,0.23781187458305536
3424,0.23781187458305536
3648,0.2378055288718113
118,0.23779918349921286
3824,0.23779918349921286
6944,0.23778649376984445
481,0.23776746171495652
6665,0.23775477537082487
9254,0.23773574839277617
5170,0.2377230654325269
1816,0.23771038382545145
3530,0.23769770357133332
834,0.23769770357133332
3624,0.2376786857264775
8331,0.23767234712110302
654,0.23765333333333333
490,0.23765333333333333
1145,0.23764065916484453
5213,0.23762798634812288
559,0.23762165044660713
969,0.23762165044660713
3571,0.23761531488295207
8490,0.23760897965713068
1165,0.23760897965713068
6472,0.23760897965713068
701,0.2375963102188808
3172,0.2375963102188808
4668,0.2375963102188808
2216,0.2375899760063983
9245,0.23758364213164138
3486,0.23757097539519634
3116,0.23757097539519634
2540,0.23757097539519634
1210,0.23757097539519634
2707,0.2375519778227956
8963,0.2375456459738252
7239,0.23752032195303963
1614,0.2375076619673267
9094,0.2375076619673267
5704,0.2375076619673267
996,0.23750133248054578
3242,0.2374950033311126
2633,0.2374950033311126
9233,0.2374950033311126
9475,0.2374950033311126
2197,0.23748867451900016
3410,0.23748867451900016
2291,0.23747601790662973
2506,0.23746969010631777
1059,0.23745703551730568
779,0.23745070872855165
6170,0.23745070872855165
247,0.23745070872855165
762,0.23745070872855165
7188,0.23744438227692963
2165,0.23744438227692963
9293,0.23743805616241276
3253,0.23743173038497403
7584,0.23743173038497403
5928,0.23741907984122332
4851,0.2374001065530101
2837,0.2374001065530101
2635,0.23738113629704605
1829,0.23738113629704605
4540,0.23736849114396058
2916,0.23736216907260427
1273,0.23735584733800302
1587,0.23735584733800302
1896,0.23734952594012998
3753,0.23734952594012998
2419,0.23734952594012998
5848,0.23734320487895816
7824,0.23734320487895816
3281,0.23732424371538133
1555,0.23732424371538133
7433,0.2373179240007456
2405,0.23731160462267667
2483,0.23731160462267667
824,0.23731160462267667
1559,0.23729896687613164
9128,0.2372926485076018
9504,0.2372926485076018
8775,0.23728001277989297
2364,0.23728001277989297
8869,0.23728001277989297
6709,0.23728001277989297
1400,0.23728001277989297
1182,0.23726737839780623
7542,0.2372421136696393
3092,0.2372421136696393
8248,0.23723579832827557
3147,0.23722316865417375
8360,0.23721685432138198
8432,0.23721685432138198
1215,0.23721685432138198
4255,0.23719160035131612
3688,0.23717897538256819
8207,0.2371726634021716
2398,0.23716635175772413
6346,0.23715372947656935
4421,0.23715372947656935
9473,0.23714741883980842
5114,0.23714110853888934
3780,0.23712217965091528
6482,0.23711587069309564
6724,0.23709694583377675
3461,0.2370906382186278
8492,0.23708433093907955
4930,0.23707802399510522
9480,0.2370654111137712
3267,0.2370654111137712
7754,0.23705910517635792
5548,0.23705910517635792
4850,0.2370527995744115
5281,0.2370527995744115
4483,0.2370464943079051
7171,0.23704018937681198
8641,0.23704018937681198
6538,0.23703388478110538
509,0.23701497300603708
8418,0.23701497300603708
597,0.2370023668324336
2115,0.2370023668324336
8754,0.2370023668324336
9288,0.23698976199973407
1514,0.23698976199973407
186,0.23697085726441183
6020,0.23695825578303642
9170,0.23694565564181644
1396,0.23693935607369793
6793,0.2369330568405381
9360,0.23692675794231025
9801,0.23691416115054365
1269,0.23691416115054365
2141,0.23690786325695146
2678,0.23690786325695146
4870,0.23690156569818444
5044,0.23689526847421585
503,0.236888971585019
4948,0.23688267503056723
317,0.23688267503056723
4952,0.23687008292579204
4467,0.23685749215967683
2823,0.2368449027320081
2375,0.2368449027320081
2224,0.23683860852002445
5448,0.23683231464257243
3692,0.2368260210996253
2873,0.23681972789115646
8892,0.23681343501713922
2740,0.23679455840153044
2317,0.236788266865053
421,0.236788266865053
6788,0.23678197566289388
2949,0.23678197566289388
1238,0.23678197566289388
6256,0.23677568479502645
491,0.23676939426142402
8499,0.23675681419690772
759,0.23675052466594054
6072,0.23675052466594054
3137,0.23673165807788343
7445,0.23672536988339044
3938,0.23671908202294942
5516,0.23671908202294942
6809,0.23671279449653376
7562,0.23671279449653376
7428,0.23670650730411685
6465,0.23669393392117286
4139,0.23669393392117286
6787,0.2366876477305925
1484,0.236668791162099
5684,0.236668791162099
109,0.236668791162099
5410,0.23666250630692834
5104,0.23666250630692834
2233,0.23665622178554357
2593,0.236637370223839
4908,0.23662480418447812
4239,0.23661852166525063
4328,0.236599676109061
1832,0.2365808335545527
9929,0.2365745533699663
1285,0.23654943596549435
9078,0.23654943596549435
2956,0.23654315744771207
5665,0.23652432389394623
1155,0.23652432389394623
6737,0.23651804670912951
9614,0.23650549333899473
1668,0.23650549333899473
4755,0.23650549333899473
7442,0.23649294130134804
214,0.23649294130134804
918,0.23648666578214145
9365,0.23648666578214145
452,0.23648039059597728
3142,0.2364741157428291
1455,0.2364741157428291
3110,0.23646156703547455
9798,0.23645529318121516
9825,0.23645529318121516
1414,0.23643020109301216
1640,0.23642392890303754
6100,0.23642392890303754
6513,0.23641765704584042
3067,0.23641138552139426
3414,0.23641138552139426
9260,0.23640511432967265
5553,0.23639257294429708
569,0.23639257294429708
9296,0.23638630275059017
5838,0.23638003288950188
9330,0.23637376336100577
5521,0.23637376336100577
1306,0.23636122530168413
8931,0.23636122530168413
3956,0.2363549567708057
7760,0.23634242070648137
8731,0.23634242070648137
7396,0.23634242070648137
7712,0.23633615317298257
6372,0.23633615317298257
1528,0.23632361910317945
1323,0.23632361910317945
2091,0.23631108636279266
2652,0.23629228974440555
6240,0.23628602486942227
1012,0.23628602486942227
2234,0.2362734961160158
2250,0.23626723223753976
2630,0.23626723223753976
9326,0.23626096869118
791,0.23623591782637507
2172,0.23623591782637507
6088,0.2362296559402004
2802,0.2362296559402004
2481,0.2362296559402004
5397,0.2362296559402004
3169,0.23622339438598353
8463,0.2362108722733176
2346,0.2362108722733176
972,0.2362046117148158
9441,0.23619835148816623
733,0.23619835148816623
204,0.23619835148816623
6640,0.23619209159334253
8410,0.23619209159334253
6695,0.2361545391912661
2191,0.2361545391912661
185,0.2361545391912661
5106,0.2361420243773185
9540,0.23612951088972498
2691,0.23612951088972498
9569,0.2361232546432451
3642,0.23611699872827469
6985,0.2361107431447874
2965,0.2360794701986755
3602,0.23607321660353367
4406,0.23607321660353367
8344,0.23607321660353367
4725,0.2360669633396906
2546,0.23606071040711996
6796,0.23604820553569064
2953,0.23604820553569064
5538,0.2360294507124318
8476,0.23602319976694297
1892,0.23601694915254237
1083,0.2360044489169006
1730,0.2360044489169006
1622,0.23598570104594202
3462,0.23598570104594202
583,0.23598570104594202
506,0.23597320411999895
9494,0.23597320411999895
7945,0.23596695615335733
2423,0.2359607085175673
1457,0.2359607085175673
3094,0.23594196759504396
8587,0.2359107393387511
7872,0.2359107393387511
8396,0.23590449467944305
443,0.2358920063525675
181,0.23588576268494746
4262,0.23588576268494746
9490,0.23588576268494746
2684,0.23587327634121166
5060,0.23587327634121166
121,0.2358670336650434
1324,0.2358670336650434
1123,0.2358607913193066
92,0.235854549303975
5134,0.23583582524014926
8969,0.23582958454617622
2762,0.2358233441824773
3707,0.23579838602989814
3793,0.23579214731717643
4261,0.23576719576719576
5110,0.23576095870479616
9120,0.23575472197238242
5876,0.2357484855699283
1421,0.23574224949740769
4656,0.23573601375479433
7690,0.2357297783420621
7492,0.2357297783420621
4873,0.23572354325918482
8293,0.23571107408289033
1910,0.23571107408289033
8599,0.23571107408289033
3036,0.23571107408289033
213,0.23571107408289033
8872,0.2357048399894208
3058,0.2356861396874091
3132,0.23567990691278362
2099,0.23567990691278362
4300,0.2356736744678038
4774,0.23566121056667635
7196,0.2356549791104765
9859,0.23564874798381766
126,0.23564874798381766
8614,0.23563005658082598
993,0.23563005658082598
2078,0.23563005658082598
739,0.23563005658082598
5473,0.2356175972927242
1362,0.23561136814276273
9778,0.2355926826689225
1095,0.23558645483623675
9746,0.23558022733280465
1078,0.23558022733280465
4292,0.23558022733280465
5204,0.23557400015860008
3975,0.23556777331359696
2981,0.23556777331359696
4737,0.23555532061109055
1461,0.23555532061109055
2853,0.23554909475353508
3206,0.23554286922507664
3969,0.23553041915534648
9609,0.23552419461402258
9739,0.23551797040169134
2827,0.23551174651832668
5320,0.23549929973839284
9664,0.23549929973839284
3321,0.23549929973839284
2865,0.23549307684177148
5586,0.23549307684177148
4174,0.23548685427401242
7201,0.23547441012497689
7113,0.23547441012497689
844,0.2354619672910777
1118,0.2354557463672391
8787,0.2354557463672391
1624,0.2354370855678546
1787,0.23543086595868337
3650,0.23542464667811386
8852,0.23541842772612004
6168,0.23541842772612004
4531,0.23541220910267585
4754,0.23541220910267585
1206,0.23541220910267585
3728,0.23541220910267585
5322,0.23539355520338087
4041,0.23539355520338087
1872,0.23538112091278854
6425,0.23538112091278854
4678,0.23538112091278854
9382,0.23538112091278854
9481,0.2353749042600956
1475,0.23536868793577012
5642,0.23536247193978607
5063,0.23536247193978607
9418,0.23535004093273826
868,0.23534382592162248
3128,0.23533139688407712
2543,0.23532518285759552
3720,0.23531896915927333
1051,0.23531896915927333
889,0.23531275578908456
4721,0.2352879055891438
1565,0.2352879055891438
1822,0.2352879055891438
5296,0.23525685021910142
4564,0.23525685021910142
89,0.23525064012881766
3355,0.2352382209317672
3113,0.23523201182494852
8961,0.23522580304589966
2299,0.23522580304589966
5168,0.2352195945945946
9328,0.23521338647100742
3322,0.23520717867511218
6340,0.23519476406629367
7955,0.23519476406629367
5650,0.23518855725331855
8415,0.2351823507679316
198,0.2351823507679316
5721,0.23517614461010689
3081,0.23517614461010689
2425,0.23515132325391172
7245,0.23514511873350924
3342,0.23514511873350924
8314,0.23513891454051344
6390,0.23513891454051344
6808,0.2351327106748984
8841,0.23512650713663827
439,0.2351141010420789
7683,0.23510169625662805
7368,0.23510169625662805
3093,0.2350954943547536
8582,0.23508929278007862
4374,0.23508309153257714
2807,0.23507069001899134
9208,0.2350644897528552
2851,0.2350582898137891
5226,0.23505209020176712
2149,0.23505209020176712
8523,0.23505209020176712
938,0.23505209020176712
8312,0.23504589091676337
6536,0.23503969195875202
3465,0.23503969195875202
1667,0.23503969195875202
9410,0.23503349332770715
838,0.23502729502360295
1891,0.2350087020726755
9545,0.23499630840628627
464,0.23499630840628627
62,0.23498391604703897
190,0.23498391604703897
8300,0.23495913524914316
7273,0.2349343596773343
4869,0.2349219738506959
2106,0.2349095893299594
6977,0.2348972061149183
3163,0.2348972061149183
6237,0.2348972061149183
3504,0.234891014996969
647,0.234891014996969
2700,0.234891014996969
6661,0.2348786337400838
2726,0.2348786337400838
3919,0.23487244360109635
9294,0.23484149779967853
8524,0.23483530961791832
2018,0.23481674702922034
8275,0.23481674702922034
3350,0.23480437360031617
2147,0.23479818737485508
1527,0.23478581590178618
9680,0.23477963065412683
5088,0.23476107686634
3505,0.23475489292205567
2061,0.234736343043776
4522,0.23472397808680995
5298,0.23471161443244667
6832,0.23469925208048034
9299,0.23469307139283174
638,0.23468689103070522
7395,0.23468689103070522
3867,0.23467453128291552
5002,0.23467453128291552
6356,0.23466835189720095
7200,0.23466835189720095
4088,0.23466217283690557
543,0.23466217283690557
3954,0.23465599410200375
731,0.23464363760827783
3240,0.23463745984940235
4308,0.2346312824158176
3634,0.2346251053074979
6717,0.23461892852441754
2316,0.23461275206655083
7759,0.2346065759338721
5735,0.23458187465452343
6743,0.23458187465452343
7300,0.2345695259653094
9753,0.23455717857612843
4249,0.23453865992946998
3936,0.23453248769704466
9320,0.2345263157894737
4197,0.2345201442067314
1523,0.23451397294879217
2890,0.23450780201563035
6618,0.23449546112353636
3986,0.23448312153024442
6694,0.23447695222058515
9820,0.2344646145751118
724,0.23445227822792802
4727,0.23444611054113065
3418,0.2344214430386406
9276,0.23440294581799054
4808,0.23439678072644066
9696,0.23439061595918154
6509,0.23439061595918154
1453,0.23437212360289283
4704,0.23436596013254088
2140,0.23435979698635181
2257,0.23435979698635181
7745,0.23435979698635181
442,0.23435979698635181
8590,0.23434130949250592
3984,0.23433514764271252
1445,0.23433514764271252
607,0.23433514764271252
8861,0.23432282491520523
4508,0.2343166640374402
4111,0.2343105034836335
4252,0.2343043432537596
882,0.23429818334779293
1456,0.23429202376570799
4897,0.23428586450747915
4346,0.23427970557308098
1990,0.23427970557308098
5953,0.23426738867567426
5346,0.23426123071261468
3041,0.23426123071261468
8230,0.23426123071261468
4700,0.23426123071261468
1121,0.23425507307328355
1460,0.23423660209740585
5048,0.23423044575273338
3484,0.23421197866021917
5158,0.2342058236097971
6048,0.2342058236097971
1954,0.23419966888287388
5404,0.23419351447942396
124,0.23419351447942396
8908,0.23419351447942396
9404,0.2341873603994219
9477,0.2341873603994219
4410,0.2341750532096592
5188,0.2341750532096592
1464,0.2341750532096592
9124,0.23413813940046765
60,0.2341319882303489
4749,0.2341196868596648
9395,0.2341196868596648
3962,0.2341073867815488
2903,0.23410123722714019
2634,0.23410123722714019
7688,0.2340950879957972
4595,0.23408279050220634
5001,0.23407664223990754
1342,0.2340581993906923
8525,0.2340520524200961
8491,0.2340520524200961
2453,0.234045905772362
2143,0.23401517737573196
7175,0.23401517737573196
2545,0.23400903266463607
971,0.23400288827622423
4666,0.23399674421047104
674,0.23399060046735107
9432,0.23397831394890914
1690,0.23397831394890914
3496,0.23395988659036018
4975,0.23395374478250597
714,0.23395374478250597
217,0.23394760329710715
841,0.23394760329710715
1299,0.23394146213413833
3589,0.23392918077538913
8660,0.23392918077538913
1107,0.23391690070605528
2695,0.23391076115485565
4693,0.2339046219259337
946,0.2338923444348214
603,0.2338862061725803
1938,0.23388006823251542
9367,0.23388006823251542
6940,0.23386779331881283
3241,0.23385551969351073
4894,0.23384938336394648
922,0.2338432473564063
4037,0.23382484126567665
8782,0.23381870654597928
6310,0.23381870654597928
8243,0.23381257214817924
4149,0.23378803777544596
8357,0.23378803777544596
763,0.23377577251980483
2087,0.23376964037457704
5649,0.23376350855104397
1366,0.23375737704918031
1842,0.23375124586896082
4458,0.2337451150103601
4201,0.23373898447335292
5160,0.23371446554075317
1243,0.23371446554075317
8533,0.23370833661133403
571,0.23370833661133403
8299,0.2336960797167956
411,0.2336960797167956
1952,0.23368995175162577
6696,0.2336838241078218
7556,0.2336838241078218
9962,0.2336838241078218
1223,0.23367769678535844
6786,0.2336715697842104
4699,0.2336715697842104
5637,0.2336654431043524
8851,0.23365931674575915
4648,0.23365931674575915
4743,0.23365319070840543
2936,0.23364706499226595
5409,0.23363481452352863
5796,0.23363481452352863
4266,0.2336286897708803
7299,0.23361644122889796
5113,0.2335980708238316
206,0.23359194799748376
1699,0.23359194799748376
233,0.23357970330764796
5509,0.23357970330764796
3626,0.23356745990145716
4670,0.23356133867966558
2567,0.23354297693920337
3238,0.2335368570006027
7838,0.2335368570006027
6215,0.23353073738273675
3746,0.23353073738273675
2501,0.23352461808558028
1571,0.2335123804532949
4305,0.2335062621181156
2348,0.23350014410354494
9808,0.23350014410354494
984,0.2334879090361288
8214,0.2334756752508449
663,0.23346344274749167
3521,0.23346344274749167
3373,0.23346344274749167
1997,0.23345732697647614
6291,0.2334512115258677
4778,0.23344509639564123
187,0.23344509639564123
9244,0.23343898158577153
510,0.23343286709623343
8769,0.23342063907805133
4236,0.23341452554935702
9388,0.23340841234089363
357,0.233402299452636
2406,0.233396186884559
5233,0.2333900746366374
5972,0.23338396270884618
8515,0.2333656288460028
4307,0.2333656288460028
1222,0.23334118817584373
3179,0.23334118817584373
2371,0.23332286103256886
9940,0.23332286103256886
5992,0.2332434766678008
1200,0.2332312684828976
4934,0.2332312684828976
1672,0.23322516486967446
764,0.23322516486967446
1970,0.23322516486967446
7682,0.2332190615759035
4788,0.2332190615759035
2148,0.23321295860155963
2769,0.23321295860155963
3761,0.23321295860155963
6464,0.23320075361105297
3577,0.23320075361105297
2063,0.23319465159483999
3189,0.23319465159483999
2032,0.23318244852036946
5195,0.23318244852036946
948,0.23317634746206176
4391,0.23317024672300568
5531,0.23317024672300568
4681,0.23315194642109668
4379,0.23315194642109668
5777,0.2331458469587966
1335,0.2331458469587966
1936,0.23313974781562288
6253,0.23313364899155048
6826,0.23312755048655437
7041,0.23311535443369083
7684,0.23309706274684172
7490,0.2330848698836145
8488,0.2330848698836145
3024,0.23307877393032744
978,0.2330665829802814
2772,0.2330665829802814
327,0.23306048798347237
4635,0.23305439330543934
1971,0.23304829894615728
8217,0.23304829894615728
1054,0.23304220490560118
6776,0.23303611118374604
5628,0.23303611118374604
8654,0.2330300177805669
1996,0.23301173948283527
9402,0.23300564735411003
5973,0.23299955554393578
3167,0.23299346405228757
6702,0.23298737287914043
9777,0.2329812820244693
9633,0.2329751914882493
7686,0.2329751914882493
3296,0.2329751914882493
5460,0.2329630113710626
9770,0.232956921790046
5251,0.232956921790046
7426,0.23294474358304146
3598,0.23294474358304146
6670,0.23293865495700358
1716,0.23292039098844808
423,0.23291430363536575
2430,0.23291430363536575
1252,0.23290212988370573
2883,0.23289604348507814
1826,0.23288995740455223
5267,0.23287778619770572
3326,0.23285953177257526
8278,0.23285344760013588
3929,0.23285344760013588
3522,0.23284736374562365
1676,0.23282303150634828
2681,0.23282303150634828
1188,0.23282303150634828
3361,0.23281694924109825
5240,0.2328047856639064
3607,0.23279870435191474
3469,0.23278654268101556
2244,0.23278046232205823
4998,0.23277438228072925
639,0.2327561440622633
7242,0.2327561440622633
7334,0.23274398683763808
4598,0.23273790870155647
9500,0.232731830882929
700,0.23272575338173082
4204,0.23272575338173082
1063,0.23271967619793707
5428,0.23271359933152289
350,0.23271359933152289
5434,0.23270144655073371
1945,0.23270144655073371
117,0.23270144655073371
6198,0.23269537063630905
2931,0.23269537063630905
1658,0.23269537063630905
1985,0.2326892950391645
9024,0.23268321975927522
2940,0.23267714479661636
4188,0.23267714479661636
6418,0.2326710701511631
7427,0.23266499582289055
3213,0.23265892181177392
4153,0.23265892181177392
1850,0.23264677474090897
7182,0.23262855651265987
8378,0.23262855651265987
9289,0.23261641261223637
2473,0.23261034113747292
1921,0.23261034113747292
1566,0.2326042699796419
1305,0.23259212861467793
1403,0.23258605840749536
3537,0.23258605840749536
7727,0.23257998851714598
6024,0.23257998851714598
9992,0.2325678496868476
1196,0.23254964381702894
2454,0.23254357582715793
5189,0.2325375081539465
2151,0.23253144079736993
3893,0.2325253737574034
2226,0.23250717453691624
3445,0.23248291334063756
2601,0.23247078464106843
1961,0.23247078464106843
5453,0.2324647207658398
3358,0.23245865720694872
371,0.23245865720694872
3218,0.23245865720694872
2558,0.23245865720694872
5452,0.23244653103808033
3006,0.23242834415669092
9848,0.23242228249530567
5916,0.23241622115008476
4428,0.23241622115008476
9100,0.2324101601210035
8585,0.23240409940803713
3960,0.23239803901116093
5057,0.23239803901116093
3304,0.23239803901116093
7448,0.2323919789303502
1488,0.2323919789303502
1669,0.23238591916558018
287,0.23238591916558018
6435,0.23237985971682615
5520,0.23237985971682615
1837,0.23237985971682615
7355,0.2323738005840634
1354,0.23236774176726724
4183,0.23236168326641288
6946,0.2323495672124309
4238,0.23234350965925385
6533,0.23232533889468196
3289,0.23231928260472876
1734,0.23230717097203035
1897,0.23230717097203035
3219,0.23230111562923575
5729,0.2322950606021113
1303,0.2322950606021113
3107,0.2322950606021113
8707,0.23228900589063234
6572,0.23227084364982148
9988,0.23225873706705585
9524,0.23225873706705585
5900,0.2322526842489315
8878,0.23224663174627994
6339,0.23224057955907645
3170,0.23224057955907645
5899,0.23224057955907645
2756,0.23222847613091516
2001,0.23222847613091516
5784,0.23222242488990802
6408,0.23221637396425035
1415,0.23220427305888483
594,0.23219217341462145
6197,0.23218612406534142
599,0.2321740263123616
2519,0.23216797790861252
3079,0.23216192981999115
1157,0.23215588204647286
8840,0.23213774061629028
3754,0.2321316941029381
1881,0.23210751119908324
5366,0.23208333333333334
8546,0.23208333333333334
835,0.23208333333333334
1087,0.23207728965391528
667,0.23207728965391528
8854,0.23207124628925577
8223,0.23206520323933025
6914,0.23205916050411415
237,0.23205311808358287
8803,0.23204707597771182
3399,0.23204103418647642
6325,0.23203499270985212
6508,0.2320289515478143
601,0.2320289515478143
6542,0.2320289515478143
3715,0.23201687016739997
9377,0.23201687016739997
1564,0.23201687016739997
2774,0.2320108299489743
5688,0.23200479004503682
8978,0.23200479004503682
1741,0.23200479004503682
6004,0.23200479004503682
7845,0.23198667221990837
814,0.23198667221990837
9308,0.23196251952108277
4867,0.23196251952108277
2392,0.2319564821321673
8584,0.23195044505751913
9498,0.23195044505751913
8313,0.23195044505751913
4619,0.2319444082971137
1110,0.2319444082971137
3149,0.2319383718509265
7303,0.2319383718509265
3794,0.23193233571893299
2622,0.23192629990110863
4434,0.23192026439742888
4359,0.23191422920786925
5506,0.23190819433240523
3250,0.23190215977101222
3709,0.23190215977101222
230,0.23189009159034138
655,0.23187199167425523
7217,0.23187199167425523
3265,0.23186595899677387
4081,0.2318478628476287
3768,0.2318478628476287
5442,0.23184183142559833
1574,0.23184183142559833
7602,0.23183580031736947
8521,0.23183580031736947
2869,0.2318177088752471
5512,0.2317815344603381
9044,0.2317815344603381
5640,0.23176947883075003
5585,0.23176345148622995
3876,0.23176345148622995
6297,0.2317333194653908
4765,0.2317333194653908
3098,0.2317272940014041
1844,0.2317272940014041
227,0.2317272940014041
737,0.23172126885075403
9426,0.23172126885075403
1053,0.23172126885075403
5878,0.2317152440134162
5856,0.23170921948936612
2811,0.23170921948936612
1846,0.2317031952785794
2139,0.2317031952785794
9445,0.2316971713810316
7444,0.23168512452555504
6760,0.23166705659102135
5205,0.23166103457239406
365,0.23166103457239406
5193,0.23164899147431897
9391,0.23164899147431897
4906,0.23164899147431897
1276,0.23164297039482235
8222,0.23163694962832043
2421,0.23162490903420313
9828,0.23161286969177192
7322,0.23160685048987759
7823,0.23160685048987759
3928,0.2316008316008316
1086,0.2316008316008316
8556,0.23159481302460955
1148,0.2315827768105397
7186,0.23157675917264317
8069,0.23157675917264317
5238,0.23156472483500493
651,0.23156472483500493
1813,0.23154065991166536
7226,0.23153464446234184
1333,0.2315226145013379
4658,0.23151058579036238
8821,0.23151058579036238
9315,0.23151058579036238
4299,0.2315045719035744
8364,0.2315045719035744
2727,0.23149855832922045
4852,0.23149254506727623
5690,0.23148653211771733
1942,0.2314745071556583
3488,0.2314745071556583
5885,0.2314745071556583
4250,0.23145647205485145
8808,0.23145647205485145
4165,0.23145046097909364
3325,0.23144445021555082
5616,0.23143843976419873
3604,0.23143242962501298
6992,0.23143242962501298
631,0.23143242962501298
9870,0.23143242962501298
7216,0.23141440108021086
5078,0.23140839218944745
8921,0.23140839218944745
3109,0.23140839218944745
7494,0.23140839218944745
3474,0.23139637534403074
9442,0.23139036738932883
8263,0.23138435974659882
1684,0.2313783524158164
3845,0.23136633868999715
2606,0.23136033229491174
1512,0.23136033229491174
3464,0.2313363098328315
7272,0.23132430047240823
9738,0.23131829625976588
459,0.231312292358804
3618,0.2313062887694983
2536,0.23129428252575848
7693,0.23129428252575848
2365,0.23128827987127581
7728,0.23128827987127581
2422,0.23128227752835231
9558,0.23127627549696372
2228,0.23127627549696372
9282,0.2312582712717648
4886,0.23125227048627328
5435,0.23123426999818375
3176,0.2312162723121627
8346,0.23121027370605785
4390,0.231204275411197
5116,0.231204275411197
1715,0.231204275411197
4627,0.231204275411197
6062,0.23119827742755597
5270,0.23118028534370946
8750,0.23118028534370946
932,0.23116229605996938
3177,0.23115630025418893
2283,0.23114430957568213
5800,0.23113831470290738
9522,0.23113831470290738
5964,0.23113232014108614
4415,0.23111433832110162
6292,0.23111433832110162
1746,0.23110834500285254
1197,0.23110235199543605
2760,0.23109635929882794
4856,0.23107838307361214
3718,0.23106040964480165
5210,0.23106040964480165
6452,0.23104842891216426
3140,0.2310364494218904
5040,0.2310244711737868
3131,0.2310244711737868
7841,0.23100650613027812
810,0.23099453098675513
8747,0.23098854388056606
4705,0.23098255708472643
4871,0.23098255708472643
2218,0.23098255708472643
6935,0.23097657059921212
6232,0.23097657059921212
2164,0.23097657059921212
6689,0.23097657059921212
5021,0.23097657059921212
8790,0.23097058442399895
8247,0.23097058442399895
829,0.23096459855906287
1256,0.23096459855906287
9716,0.23095861300437973
2260,0.23094065820160664
9392,0.23094065820160664
8794,0.230934673887694
5686,0.23092868988391377
8269,0.23092270619024174
1077,0.23092270619024174
4084,0.23091672280665387
1825,0.23091073973312606
5996,0.23090475696963417
3889,0.2308987745161541
3862,0.2308987745161541
5369,0.2308987745161541
5877,0.2308927923726618
9002,0.23088082901554405
7080,0.23088082901554405
4698,0.23087484780187043
8477,0.2308688668980882
505,0.2308688668980882
1382,0.2308688668980882
3060,0.23086288630417326
1433,0.23086288630417326
2390,0.23086288630417326
234,0.23085690602010153
1586,0.23085690602010153
929,0.2308449463813915
1652,0.2308449463813915
8773,0.230838967026705
5468,0.23083298798176544
4471,0.23083298798176544
2111,0.23082700924654873
6277,0.23081505270518765
734,0.23081505270518765
9604,0.23080907489899513
383,0.23080907489899513
9868,0.23080907489899513
1174,0.23080309740242924
2889,0.23079114333808107
9897,0.23079114333808107
4826,0.23078516677025068
6422,0.23077321456315708
574,0.23075528857357397
5935,0.23075528857357397
1142,0.23074931386256536
2996,0.23074931386256536
3433,0.23074931386256536
8370,0.23074333946094297
5303,0.2307373653686827
5794,0.2307373653686827
590,0.2307373653686827
2528,0.2307373653686827
9895,0.23073139158576053
5681,0.23073139158576053
1763,0.23072541811215244
1237,0.23071944494783442
1401,0.23071347209278245
7306,0.23071347209278245
4321,0.23071347209278245
4381,0.23070152731038054
5347,0.23070152731038054
4702,0.2306955553829826
4016,0.2306955553829826
4552,0.23068361245567262
1310,0.23068361245567262
3698,0.23068361245567262
9268,0.2306716707648505
6294,0.2306716707648505
9508,0.2306716707648505
5478,0.2306597303103243
5165,0.23065376054661213
5025,0.23064779109190198
3905,0.23063585310939158
8483,0.2306298845815434
3141,0.23062391636260124
2765,0.23060601355897117
3528,0.23060004657541336
1212,0.23060004657541336
2100,0.23059407990064168
7788,0.23058214747736094
6245,0.23057618172880393
725,0.23057021628893717
865,0.23057021628893717
5680,0.23055232182123916
1649,0.23055232182123916
1378,0.23054635761589404
8551,0.230528466851186
9020,0.2305225038799793
1654,0.23049865507966066
1786,0.2304867325298712
4187,0.23048077171748518
5647,0.230468851017611
2447,0.23046289113007498
9414,0.23045693155077449
8393,0.23045097227968556
8262,0.23044501331678433
1848,0.23044501331678433
1011,0.2304152231242567
2980,0.23040926600997957
845,0.23039735270546263
6867,0.23039735270546263
5927,0.23039735270546263
6068,0.230391396515175
183,0.23038544063283614
4349,0.230373529791909
2737,0.230373529791909
4665,0.230373529791909
349,0.23036162018249023
2469,0.23036162018249023
1748,0.23036162018249023
2426,0.23034375807702248
8406,0.23033780465741388
8282,0.23031994624489585
2847,0.2303139940560796
2408,0.2303080421749018
4012,0.2303080421749018
3220,0.2303020906013386
860,0.23029613933536616
615,0.23029018837696064
4933,0.23026638761853085
558,0.23024854027799307
4334,0.23024854027799307
6603,0.23024259177926473
5147,0.23022474812709895
7330,0.23021880085763735
9651,0.23020690724046186
6221,0.23020690724046186
71,0.23020690724046186
2171,0.23020690724046186
4502,0.23020690724046186
2914,0.2301950148521245
7500,0.2301950148521245
9697,0.23018906911871062
311,0.23018906911871062
6281,0.23018906911871062
8793,0.23018906911871062
8334,0.2301771785732734
1729,0.23017123376120252
3896,0.23017123376120252
2912,0.23015934505823712
856,0.23015340116729507
5826,0.2301474575833484
6440,0.2301415143063733
1341,0.2301415143063733
1762,0.23012962867324277
7178,0.23012962867324277
702,0.23012962867324277
8237,0.23011774426771328
1367,0.23011774426771328
2554,0.23011774426771328
1944,0.23010586108959463
6752,0.23010586108959463
4047,0.23009991996075496
5288,0.23009991996075496
9818,0.23009991996075496
2137,0.2300939791386967
4366,0.2300939791386967
4393,0.23008803862339608
3908,0.23008803862339608
4832,0.23008803862339608
6540,0.23008803862339608
873,0.230064279629295
746,0.230064279629295
3099,0.230064279629295
1430,0.23004646360351058
5293,0.23002865033683503
9313,0.23002271319430106
3641,0.23002271319430106
901,0.23001677635823978
766,0.23001677635823978
9298,0.23001677635823978
3254,0.23000490360544043
3272,0.2299989676886549
1644,0.2299989676886549
3762,0.22999303207824717
4367,0.22997522708505366
9416,0.22996929269992
8440,0.22996335862104558
4741,0.22995742484840664
2930,0.22995149138197957
7698,0.22995149138197957
6692,0.22993962536766602
9300,0.2299336928197322
3729,0.2299336928197322
6172,0.22992776057791536
3371,0.2299218286421919
3731,0.22990996568893016
9515,0.22990403467134454
3847,0.22989810395975752
5660,0.2298862434544845
4010,0.2298862434544845
1294,0.2298862434544845
6021,0.22988031366075112
5517,0.22988031366075112
7488,0.22988031366075112
8528,0.2298447413215041
3016,0.2298447413215041
3952,0.2298388136686009
6799,0.2298388136686009
5925,0.2298388136686009
3269,0.22983288632143595
1340,0.22983288632143595
7248,0.22982103254422612
366,0.22982103254422612
4691,0.2298091799896854
7449,0.2298091799896854
1917,0.22979732865762467
3048,0.22979732865762467
1101,0.22977362966018666
3787,0.22976770567458168
4159,0.22974993555039958
6275,0.22974993555039958
5180,0.22974401278647108
493,0.22974401278647108
2856,0.22973216817467068
3766,0.22972624632675157
821,0.22972624632675157
8514,0.22972032478412166
2967,0.2297144035467574
4450,0.2297144035467574
6594,0.22969664166602233
1508,0.22969072164948454
5902,0.22969072164948454
9512,0.22968480193809437
1617,0.22968480193809437
2268,0.22967888253182825
4587,0.22967888253182825
6185,0.2296611261435382
3065,0.22965520795753233
1117,0.22965520795753233
661,0.2296492900765326
8589,0.2296492900765326
9824,0.22964337250051536
2455,0.22964337250051536
8323,0.22963745522945708
4594,0.22963153826333418
5412,0.22963153826333418
1817,0.22961970524580028
1133,0.2296137891943421
4849,0.22960195800592553
5009,0.22960195800592553
5005,0.22959012803668497
5978,0.22958421350919678
1419,0.22958421350919678
5149,0.22958421350919678
9605,0.2295782992864319
8930,0.2295782992864319
6018,0.22957238536836683
4966,0.22956647175497796
2264,0.22956055844624182
8008,0.22955464544213483
653,0.22953690825735332
9314,0.22952508499021324
3187,0.2295191738133869
8581,0.2295191738133869
7733,0.22950735237310396
9139,0.22950735237310396
2947,0.22950735237310396
3162,0.22949553215049057
7105,0.22948962249575114
2016,0.22948371314535856
4802,0.22945417095777548
1245,0.22945417095777548
1163,0.22943054268355473
3509,0.22941873037120938
4938,0.22941873037120938
2199,0.22941282467114577
2899,0.22941282467114577
1309,0.22940691927512355
3381,0.22940101418311926
4437,0.2293951093951094
7370,0.2293951093951094
9384,0.2293951093951094
4579,0.2293892049110705
488,0.2293892049110705
6389,0.2293833007309791
3673,0.22937739685481173
3004,0.22936559001415519
7234,0.2293596870496191
822,0.229347882032014
8730,0.229347882032014
5450,0.229347882032014
1227,0.229347882032014
3732,0.22934197997889808
4468,0.22934197997889808
3552,0.22934197997889808
4956,0.22932427564201532
5283,0.22931837480379796
5003,0.2293124742692466
4363,0.2293124742692466
7944,0.22930657403833785
2315,0.22930657403833785
8786,0.2293006741110482
6816,0.2292947744873543
3347,0.2292947744873543
3569,0.22928887516723268
3909,0.2292711790280672
9645,0.2292711790280672
2972,0.2292534856202089
5779,0.22924169153205062
1951,0.22924169153205062
5711,0.22924169153205062
4283,0.22923579494302543
3370,0.22922989865733834
3156,0.22922989865733834
3446,0.22922989865733834
8342,0.22922989865733834
9285,0.22921810699588477
2970,0.22921810699588477
909,0.22919452731200493
2156,0.22919452731200493
147,0.22919452731200493
7220,0.22919452731200493
4530,0.22918863314902918
2273,0.22918863314902918
4040,0.22916505952840135
5117,0.22915916688094626
5541,0.22915916688094626
8715,0.22914738249511468
9880,0.2291297081887132
6919,0.22911792683240353
7560,0.22911792683240353
1195,0.2291061466875755
2611,0.22909436775404232
3620,0.22908847874145288
8603,0.2290825900316171
6550,0.2290825900316171
5374,0.2290825900316171
5771,0.2290708135201131
2850,0.2290708135201131
6323,0.22906492571839818
8905,0.22905315102292587
3237,0.22905315102292587
271,0.2290472641291218
6712,0.229041377537908
6415,0.229041377537908
699,0.22903549124926115
7636,0.22902960526315788
962,0.22902371957957496
2071,0.22901194911987666
3188,0.22900606434371468
3861,0.22900606434371468
6406,0.2290001798699797
4445,0.2290001798699797
5554,0.22899429569864843
8642,0.22897076203689432
8065,0.22896487937723198
6934,0.22896487937723198
6196,0.22896487937723198
7864,0.22896487937723198
8234,0.22896487937723198
8624,0.22895899701983352
7898,0.22895899701983352
6025,0.2289413517609885
9026,0.2289413517609885
6050,0.22893547061241265
5746,0.22892958976598424
645,0.22892370922167993
741,0.2289060694012791
4474,0.2289001900652386
2471,0.22889431103120586
4427,0.22889431103120586
5702,0.2288884322991576
4538,0.22888255386907055
954,0.22887079791468706
903,0.22885316624723948
7578,0.2288472896284313
163,0.22883553729618694
9372,0.22883553729618694
2950,0.22882378617095026
3685,0.2288179110609017
5146,0.22881203625253538
8390,0.228806161745828
6512,0.22880028754075635
4324,0.22878266673512349
1633,0.22878266673512349
1773,0.22877679373636248
4633,0.22876504864337602
930,0.22874743326488706
7366,0.22874743326488706
8426,0.22871221064517785
1957,0.2287063412631201
6220,0.2287063412631201
4813,0.22870047218230344
3495,0.22870047218230344
8981,0.22869460340270473
9833,0.22869460340270473
3524,0.22868286674706834
9056,0.2286769988709843
7110,0.2286769988709843
5328,0.2286769988709843
9072,0.22867113129602545
9580,0.22865939704939064
1761,0.22864766400697847
3160,0.2286242015340807
4677,0.2286242015340807
5635,0.2286242015340807
735,0.2286242015340807
2410,0.22861833666820583
91,0.22861833666820583
3210,0.2286124721032245
1071,0.2286066078391135
1134,0.2286066078391135
5790,0.2286007438758497
7174,0.2286007438758497
2699,0.22859488021340993
4732,0.2285890168517711
4180,0.22858315379091002
9004,0.22858315379091002
6476,0.22858315379091002
988,0.22855970455478047
2968,0.2285538429974611
9924,0.2285538429974611
2969,0.228542120784716
3479,0.22853626012924402
455,0.2285303997743416
4819,0.22851867996615297
1202,0.2285128205128205
5059,0.22850696135996512
8980,0.22849524395559315
9018,0.22849524395559315
501,0.22848938570403035
5466,0.22848938570403035
2650,0.2284835277528522
8844,0.22846595570139458
4457,0.22844838635256723
7812,0.22844253050343485
813,0.22843081970574666
9241,0.22843081970574666
3666,0.22841911010867336
5828,0.2284132557603096
29,0.2284015479638125
1685,0.22839569451563302
1929,0.2283898413674688
8838,0.2283839885192968
3742,0.2283839885192968
2619,0.2283839885192968
6007,0.22837813597109397
618,0.22837228372283722
7202,0.22836643177450353
8469,0.2283605801260698
9554,0.2283605801260698
9092,0.228343026979938
591,0.228343026979938
9634,0.22833717653087368
4506,0.22833717653087368
6964,0.22833132638159412
2153,0.22831962698229702
236,0.22831377773223344
937,0.22830792878186243
5157,0.22830792878186243
8675,0.22830792878186243
2420,0.228302080131161
7468,0.228302080131161
5026,0.228302080131161
6922,0.22829623178010605
5657,0.22829623178010605
5080,0.22829623178010605
6715,0.22828453597684367
4220,0.22828453597684367
7600,0.22827868852459016
4895,0.22827284137189108
1091,0.22827284137189108
218,0.22826699451872343
2108,0.22826699451872343
219,0.22826114796506417
5411,0.22825530171089028
2342,0.22824945575617878
5284,0.22824361010090663
8616,0.22823776474505084
8595,0.2282319196885884
8633,0.22822607493149633
9773,0.2282202304737516
6666,0.2282026988963716
9684,0.22819101267443348
6628,0.22819101267443348
2169,0.22818517001229005
2034,0.22816764382088636
7336,0.22816180235535075
5235,0.2281501203215401
6683,0.22814427975321916
1510,0.22813259951363113
4241,0.22813259951363113
5560,0.2281092426220277
8311,0.22807421625079974
7289,0.22806837956802128
1127,0.22806254318397012
6933,0.22806254318397012
415,0.22805670709862327
5433,0.22803920063457947
7608,0.2280333657438207
7819,0.2280333657438207
4939,0.2280275311516516
2394,0.2280275311516516
8024,0.2280275311516516
9357,0.22802169685804932
1874,0.22801586286299091
2860,0.22801586286299091
3161,0.22801586286299091
9386,0.22801586286299091
1240,0.22801002916645347
3809,0.22799252986773771
8367,0.2279808651607787
9029,0.2279808651607787
3130,0.2279808651607787
4214,0.2279633703381593
9826,0.2279575393272797
1208,0.22794587820037343
6244,0.22792838874680307
5920,0.22792255952533183
9052,0.22791673060201526
4654,0.22791090197683042
2520,0.2279050736497545
3146,0.2278992456207646
6504,0.2278992456207646
314,0.22789341788983788
1974,0.22788759045695145
5265,0.22788176332208243
3610,0.22788176332208243
2636,0.2278701099463053
3317,0.2278701099463053
1594,0.22786428370535144
1466,0.2278526321171989
9510,0.2278468067699545
8155,0.22782933251527468
915,0.22782350835932308
1275,0.22778856967590225
3611,0.22777692582937178
346,0.22777110435249318
1720,0.2277652831731752
2033,0.22775946229139513
4519,0.22775364170713008
171,0.22774782142035727
6592,0.22774200143105386
9506,0.2277129059457802
2549,0.2277129059457802
6820,0.22770126983315875
5515,0.22770126983315875
4503,0.22769545222278997
2275,0.22769545222278997
3148,0.22766055280232975
5533,0.22764892203944007
6882,0.22763147812316417
2259,0.22763147812316417
6662,0.22761985033075371
1861,0.22761403688001225
3315,0.2276082237262163
1679,0.22760241086934313
1925,0.22760241086934313
1384,0.2275791624106231
6461,0.2275733510380225
4529,0.22756753996220827
2413,0.22755010851525598
910,0.2275326797385621
9411,0.22750944552231187
1302,0.22748040942389666
8519,0.22748040942389666
2952,0.22746299132210313
6429,0.22745718588091166
6246,0.22745718588091166
4398,0.22745138073605226
8866,0.22745138073605226
3968,0.22745138073605226
2631,0.22744557588750222
2175,0.22743396707923952
3913,0.22739914776351713
399,0.22738174210338316
3369,0.22737013981018472
3605,0.22735853870095413
6001,0.22735853870095413
6096,0.22735273859027016
8363,0.2273469387755102
8246,0.22734113925665161
9105,0.22734113925665161
2555,0.22734113925665161
8219,0.22734113925665161
2716,0.2273179441397781
5552,0.2273063483561609
9608,0.2273063483561609
9570,0.2272889568987503
4890,0.2272889568987503
1330,0.22728316033766036
6290,0.2272773640722228
378,0.22725997704959836
9337,0.22725418196654426
6238,0.22724259268703145
4986,0.22724259268703145
8742,0.22723679849052755
5730,0.22723100458949516
8888,0.22722521098391169
9048,0.22722521098391169
4573,0.2272136246590011
6178,0.2272078319396288
119,0.22720203951561505
6241,0.22720203951561505
5890,0.22719624738693722
4730,0.22719624738693722
4885,0.22719624738693722
3256,0.22717887277269366
4403,0.22717887277269366
2761,0.22717887277269366
1085,0.2271615008156607
8435,0.2271615008156607
709,0.22715571075370225
4805,0.22713834233866856
5510,0.22712676487078853
5677,0.22712676487078853
2462,0.22710940088173084
6528,0.22710940088173084
1981,0.22709782636393752
5163,0.22709203954744675
2277,0.22708625302586316
7235,0.22708625302586316
2858,0.22707468086732743
9864,0.22706889523033022
2735,0.22705154008815062
5561,0.22705154008815062
870,0.22705154008815062
1697,0.22704575563028637
8572,0.22703997146714902
5864,0.22703997146714902
567,0.22703997146714902
255,0.22703418759871605
9736,0.22703418759871605
5221,0.22703418759871605
5865,0.22703418759871605
4558,0.22703418759871605
9272,0.22702840402496496
205,0.22702262074587323
5727,0.22701683776141834
5772,0.22701105507157776
1717,0.22698792725790842
360,0.22698792725790842
8496,0.22696480415626752
4126,0.2269474649214393
6976,0.22691857208331212
4571,0.22690701700784194
3907,0.22690701700784194
7504,0.22690123991139852
8409,0.22687813446704513
5127,0.22687235884119952
1295,0.22687235884119952
4395,0.22685503372788596
2249,0.22684925927811433
9112,0.22683771126043575
4532,0.22683193769248391
3033,0.22682616441842707
5447,0.22682039143824284
1987,0.22680884635940243
1476,0.22680884635940243
8938,0.22680307426070137
3382,0.22679730245578317
3042,0.2267915309446254
3030,0.2267915309446254
2862,0.22678575972720563
828,0.22678575972720563
3164,0.22677998880350145
1219,0.22677998880350145
6306,0.22676844783715014
1819,0.22675690804539209
5398,0.22675690804539209
5537,0.2267511385899295
1627,0.22674536942804804
1724,0.22673383198493868
334,0.22672806370366602
8394,0.22672806370366602
2789,0.22672229571588481
1830,0.22671652802157266
6248,0.22671652802157266
8369,0.2266934601785669
4309,0.2266934601785669
5701,0.22668769395126417
2585,0.2266819280172962
9840,0.2266819280172962
202,0.22667039702927486
5141,0.22666463197517675
3665,0.22665886721432385
3118,0.22665310274669379
2675,0.22664733857226418
9747,0.226624284806103
8471,0.226624284806103
9648,0.22661852209734018
1143,0.22661852209734018
5458,0.22661275968164366
9230,0.22660699755899105
8305,0.22660123572936
8494,0.22660123572936
6077,0.22659547419272819
1448,0.22657243097574617
3339,0.22657243097574617
8348,0.22656667090377527
4923,0.2265609111246695
4154,0.2265609111246695
8646,0.22654939244496416
1398,0.22654939244496416
5889,0.2265436335443199
1293,0.22653211662133652
5036,0.22653211662133652
7058,0.22652635859895276
2738,0.22652635859895276
4298,0.22652635859895276
3432,0.2265206008692779
6978,0.22650332943628324
4350,0.22649181661075532
8882,0.22648606063686497
8505,0.22648030495552732
5013,0.22646879447042081
9764,0.2264572851552574
5350,0.2264572851552574
7937,0.2264457770098587
4082,0.2264457770098587
6588,0.22644002337576544
6668,0.22644002337576544
9793,0.22642276422764226
5390,0.22639400482662264
1779,0.22638825382309608
2524,0.22638250311174335
9374,0.22638250311174335
8376,0.22637675269254218
6315,0.22637675269254218
555,0.2263710025654703
8657,0.2263595031876254
6016,0.2263595031876254
8806,0.2263595031876254
710,0.2263595031876254
7696,0.22635375393680787
2166,0.22634800497803062
2036,0.2263422563112714
2885,0.2263422563112714
1372,0.226330759853718
5874,0.22632501206287933
637,0.22631926456396972
2531,0.22631926456396972
6552,0.22630777044184866
6158,0.22630777044184866
2280,0.2263020238185927
5467,0.2263020238185927
1374,0.2262905314475789
5335,0.22627904024374762
5015,0.22627904024374762
2195,0.22627329507946986
9428,0.22626755020692108
1831,0.22626755020692108
7816,0.22626755020692108
6789,0.226261805626079
4715,0.22625606133692147
3419,0.22624457363357112
4683,0.2262388302193339
605,0.2262388302193339
2673,0.2262330870966923
4454,0.22621585947811962
2451,0.2262101175216387
803,0.22616993198660035
4375,0.22615271398482503
9116,0.2261412367733259
4083,0.22612976072670066
460,0.22611828584477203
4999,0.22611828584477203
1941,0.22611254884051352
468,0.22610681212736267
5427,0.22610107570529733
4281,0.22607239796047793
4494,0.22606666328446046
3034,0.22605519480519481
4675,0.22605519480519481
8722,0.22605519480519481
6616,0.22604946100190235
9644,0.22604946100190235
2784,0.22604372748947396
7780,0.22603226133712082
5058,0.22602652869715184
1450,0.2260207963479584
8317,0.2260207963479584
4451,0.22600933252180969
1721,0.22600360104481018
2474,0.22599213896285025
8511,0.22598640835784561
5670,0.22598067804346172
9617,0.2259692182864677
3186,0.2259692182864677
5206,0.2259634888438134
5984,0.22594057397829834
2701,0.22594057397829834
1465,0.22592339087890081
3244,0.22592339087890081
1811,0.22591766375988642
5255,0.22591193693122766
5941,0.2259062103929024
2603,0.22590048414488859
8873,0.225889032519707
2037,0.2258661327521099
2841,0.2258661327521099
4341,0.2258661327521099
1371,0.22586040853565817
5815,0.22586040853565817
8283,0.22586040853565817
7456,0.22583751457097967
4316,0.22582606932900873
2516,0.22582606932900873
303,0.22582034714303814
9553,0.2257974612987408
4554,0.2257917405624525
9274,0.2257917405624525
573,0.22578029995946494
5006,0.22578029995946494
3061,0.2257745800927216
9666,0.2257745800927216
1177,0.22576886051578254
8802,0.2257631412286257
1246,0.22575170352357068
1687,0.22574026697738037
6257,0.22574026697738037
949,0.22573454913880445
1135,0.22573454913880445
7786,0.2257173973608895
4734,0.2257173973608895
819,0.2257116806807821
9038,0.2257116806807821
6195,0.2257116806807821
6032,0.2257059642902368
4639,0.22568881685575365
6520,0.22568310162323685
9433,0.2256773866801722
719,0.22567167202653768
3485,0.22567167202653768
2830,0.22567167202653768
2343,0.22566595766231135
9857,0.22563739018153278
2349,0.22562596521430922
4217,0.22560882993266163
6804,0.22559740785743215
9926,0.22559169725351222
7521,0.22558027691295213
2414,0.2255688577286188
8785,0.22555743970033662
167,0.22555743970033662
1146,0.22555173111965984
4729,0.22554602282793004
5396,0.22553460711122358
2205,0.22552319255004175
5273,0.22552319255004175
2402,0.22550607287449392
5938,0.2254946612013562
8817,0.2254946612013562
1960,0.2254946612013562
9705,0.22548895579788983
375,0.22548325068312924
5787,0.22547754585705249
3489,0.22547754585705249
1070,0.22546043311070635
3468,0.22545472943914593
8906,0.22545472943914593
1069,0.22544332296172623
1447,0.22544332296172623
8537,0.22543191763842865
2686,0.22543191763842865
4243,0.22542051346907804
8365,0.2254034093783196
6064,0.22539770859151723
5259,0.2253920080930703
9765,0.22538630788295694
1119,0.22538630788295694
143,0.22538060796115522
8801,0.22538060796115522
3640,0.22537490832764331
3930,0.22536350992540144
8676,0.22536350992540144
5245,0.2253464144836654
9321,0.22533501896333755
9766,0.22532932163535688
7968,0.22532362459546926
3529,0.22530653520414612
6436,0.22528944840487386
6357,0.2252837533810258
7397,0.22527805864509606
5272,0.22527805864509606
9491,0.22527236419706276
2335,0.22526097616459823
6466,0.22526097616459823
5348,0.22525528258012334
1562,0.2252438962745792
3658,0.22522681897444968
6223,0.2252211271165024
8382,0.2252211271165024
2017,0.22520974426362075
1363,0.22520974426362075
1258,0.22520974426362075
8564,0.22520974426362075
4776,0.2251983625612776
5960,0.22519267214150349
941,0.2251756026075092
7316,0.2251699133378812
2503,0.22515284725380225
3540,0.22513578375647342
8760,0.2251300964987622
682,0.22512440952838053
3800,0.22512440952838053
2472,0.22512440952838053
2126,0.22511872284530665
3520,0.2251130364495188
5717,0.2251130364495188
9347,0.2251130364495188
9849,0.2251073503409952
781,0.22510166451971408
6349,0.22510166451971408
5081,0.22509597898565367
3912,0.22509029373879222
9866,0.22508460877910794
413,0.22507323972118395
4004,0.22506755562290073
6233,0.22505050505050506
4707,0.22503913943740214
7181,0.22503913943740214
1964,0.22501641165479977
3040,0.22500504948495254
1833,0.22498800838151017
5053,0.22498800838151017
6202,0.22498800838151017
5445,0.22495961227786754
4278,0.22494257805598325
905,0.22493690055527513
5094,0.22493690055527513
5268,0.22493122334115748
485,0.2249255464136086
7498,0.22491419341813043
4651,0.22490851735015774
8455,0.22490851735015774
6000,0.22489149086504492
4837,0.22488581594287013
4853,0.22488014130709058
1261,0.22488014130709058
1637,0.22487446695768465
7509,0.22487446695768465
1898,0.2248687928946306
1257,0.2248631191179068
319,0.2248631191179068
1595,0.22485177242336318
3436,0.22484609950550005
2154,0.2248234106962664
9720,0.2248234106962664
2262,0.22480072646554333
4646,0.22479505612309245
8309,0.22478371629631497
6438,0.22478371629631497
139,0.22477237761355898
7266,0.22476670870113494
2764,0.22476104007465134
3855,0.22476104007465134
5217,0.22475537173408655
6287,0.22475537173408655
9756,0.22474403591062692
3551,0.22474403591062692
6065,0.224732701230583
1908,0.2247270343192879
9001,0.2247270343192879
5939,0.2247270343192879
9800,0.22472136769378184
2810,0.22471570135404323
8481,0.22471570135404323
1397,0.22471003530005043
8417,0.22470436953178186
8081,0.22469870404921588
1000,0.22469303885233088
787,0.2246760449755458
7298,0.22465339047138896
4931,0.22465339047138896
3422,0.22464206493244607
4521,0.22463640259118292
1692,0.22462507876496535
2734,0.22461941727996773
956,0.22461941727996773
5679,0.22460243453716072
1349,0.2245967741935484
3776,0.22459111413522845
1947,0.22459111413522845
1253,0.22458545436217933
2518,0.22457413567180728
5542,0.22456847675444122
9246,0.22456847675444122
6049,0.22454584393660712
5167,0.22454584393660712
5419,0.22454584393660712
2958,0.22454018644494836
871,0.2245345292383664
3920,0.2245345292383664
4694,0.22452321568034667
3046,0.22452321568034667
9712,0.2245119032623756
3203,0.2245119032623756
5535,0.2245119032623756
9356,0.2245062474808545
6353,0.22450059198428093
6132,0.22449493677263338
2514,0.22448928184589031
5612,0.22448362720403023
7553,0.2244723187748728
6348,0.22446666498753243
5562,0.2244440526859244
4775,0.22442709644925712
4557,0.22442709644925712
1431,0.22442144493968927
429,0.22442144493968927
9896,0.22441579371474618
9528,0.2243988417474506
6326,0.2243988417474506
6785,0.2243988417474506
8604,0.2243931916607916
6929,0.22437059415911378
9812,0.22437059415911378
9810,0.22437059415911378
8937,0.22435364901945976
6423,0.22435364901945976
8048,0.22430282895399176
5765,0.2242915387325716
7193,0.22428589404806845
1211,0.22428589404806845
2586,0.22428024964767465
8002,0.2242520319065952
3621,0.22424638921040713
7756,0.2242407467981783
2045,0.22423510466988728
8625,0.22423510466988728
5945,0.22422382126503296
3612,0.22421253899567273
6093,0.2241956177203089
5043,0.22418433828893417
1914,0.22417869899884288
4807,0.22417305999245377
7689,0.22415050680349102
508,0.22415050680349102
2094,0.22414486921529175
2331,0.22413923191066623
3385,0.22413923191066623
8588,0.22413359488959309
2485,0.2241279581520509
3512,0.2241166855274739
1102,0.22411104964039633
5706,0.22409977871655604
3404,0.22409977871655604
9144,0.22409414367975056
5439,0.22408850892632637
3198,0.2240828744562621
8506,0.22407724026953635
9930,0.22407724026953635
2133,0.22407724026953635
4310,0.22407160636612777
1129,0.22407160636612777
3993,0.22407160636612777
355,0.2240547063555913
4585,0.2240547063555913
4935,0.2240490735852377
5166,0.22403217697335345
8235,0.22402654533571303
8718,0.2240152829097856
3437,0.22400402161618702
9774,0.22400402161618702
7429,0.22399839139395766
215,0.22399839139395766
2189,0.22399276145474653
2281,0.22399276145474653
3151,0.22398713179853222
2267,0.22398713179853222
9552,0.22398713179853222
1507,0.2239758733350088
6242,0.22396461600321674
9162,0.22395898776166662
5761,0.22395898776166662
6632,0.22395898776166662
5457,0.22394773212715166
4520,0.22394210473414414
6722,0.2239364776239415
8952,0.2239139720107535
7320,0.2239139720107535
5980,0.2239139720107535
9379,0.22390272090043464
4422,0.22390272090043464
7716,0.22389709576926942
5171,0.22389709576926942
8779,0.22389709576926942
6578,0.2238914709207386
1597,0.2238914709207386
4222,0.2238858463548209
807,0.22388022207149497
4713,0.22388022207149497
2778,0.22387459807073956
6691,0.22386897435253333
2623,0.22386335091685505
9960,0.22386335091685505
1172,0.2238577277636834
9011,0.22384085999899533
2163,0.22384085999899533
4295,0.2238352379756373
4758,0.22382961623467953
659,0.22382961623467953
7112,0.22382399477610065
9511,0.22382399477610065
3171,0.22382399477610065
7238,0.22381837359987944
958,0.2238071320944249
5262,0.22380151176514904
5840,0.2237734143524331
8500,0.22376217736265944
9560,0.22376217736265944
4759,0.22374532399387412
9361,0.22374532399387412
5300,0.22373408982501947
4714,0.22370600933781817
743,0.22370039408619694
9932,0.22369477911646587
1867,0.2236891644286037
5016,0.22368355002258922
6543,0.22367793589840124
6008,0.22367793589840124
7619,0.22367232205601847
620,0.22366670849541975
476,0.22366670849541975
8690,0.22366109521658384
8916,0.22365548221948955
3222,0.22364986950411564
8487,0.22362181015230972
4470,0.22362181015230972
2668,0.22362181015230972
2229,0.22361058838288797
5526,0.22360497792051384
5698,0.22360497792051384
6780,0.22359936773966932
6729,0.2235937578403332
2748,0.2235937578403332
4821,0.2235937578403332
6444,0.22358253888610136
8971,0.22358253888610136
5261,0.22357132105764888
8298,0.22357132105764888
251,0.2235488887774043
811,0.22354328141069055
3415,0.2235320675211317
4444,0.2235320675211317
6556,0.22352085475659
5413,0.22350403771881427
2409,0.22350403771881427
5851,0.22349843260188088
3853,0.22349843260188088
4679,0.22348161893776017
5550,0.2234704112337011
5596,0.22346480780321457
8810,0.2234592046537285
7212,0.2234592046537285
6570,0.2234592046537285
4969,0.22342559165663858
6475,0.22341438957132112
3178,0.22341438957132112
5522,0.22341438957132112
9996,0.22339758854936956
7489,0.22339198877024113
857,0.22339198877024113
6972,0.22338638927183857
3365,0.22338079005414077
9550,0.2233527981754843
5949,0.2233527981754843
3752,0.22334160338821643
6130,0.22334160338821643
2127,0.22334160338821643
5260,0.22333040972309234
9742,0.22333040972309234
2532,0.2233248133112815
6693,0.22331362132905683
2123,0.22330243046855425
1130,0.22328564628066044
837,0.22328005211204088
8308,0.2232744582237254
5578,0.2232744582237254
7416,0.22326886461569295
5393,0.22326886461569295
4549,0.22326327128792245
4857,0.22326327128792245
3578,0.22326327128792245
9986,0.2232576782403928
5532,0.223252085473083
3299,0.2232409007790386
5423,0.2232409007790386
9741,0.2232409007790386
7352,0.22323530885226192
691,0.22323530885226192
6757,0.22322971720562082
2924,0.22321853475266124
5289,0.22321853475266124
5897,0.22321294394630065
5012,0.22321294394630065
1355,0.22320735341999148
9576,0.2231961732074432
7720,0.22319058352116203
1754,0.22319058352116203
9548,0.2231849941148481
2236,0.2231849941148481
3997,0.2231794049884804
4274,0.2231738161420379
9572,0.2231514635550993
1357,0.2231514635550993
1358,0.22314587610796735
662,0.22314587610796735
4997,0.22314028894063448
3026,0.22314028894063448
4206,0.2231291154452818
8553,0.22311794306887314
6636,0.22311794306887314
9057,0.22310677181124045
9944,0.22310677181124045
6529,0.22307884856070087
3398,0.22307884856070087
4605,0.2230732647493179
8522,0.2230732647493179
9619,0.2230732647493179
973,0.22306768121746096
6321,0.22305093229883619
3854,0.22305093229883619
5654,0.22304534988487337
467,0.2230397677503316
687,0.22302860431942742
5237,0.2230118612682048
5304,0.22300628080974902
2379,0.2230007006305675
3029,0.22299512073063932
4399,0.22299512073063932
5071,0.22298954110994346
5956,0.22298396176845897
5306,0.22295606924847394
9606,0.22295049158181773
8762,0.2229337602561537
5309,0.2229170314415068
1529,0.22290588029313924
1578,0.2229003051373118
6865,0.22288358134300362
9412,0.22288358134300362
3226,0.22287800730255589
3587,0.2228668600580174
335,0.22286128685388482
4786,0.2228557139284821
5064,0.2228557139284821
1739,0.2228501412817884
7708,0.22283899682444427
1425,0.22283342501375206
4035,0.22283342501375206
1656,0.2228222822282228
669,0.2228222822282228
221,0.2228
5187,0.22279443013924652
8297,0.22279443013924652
3294,0.22278886055697214
6403,0.22278329125315602
5247,0.22278329125315602
7350,0.22276101682205615
2170,0.22275544891021795
4273,0.22275544891021795
7618,0.22275544891021795
2035,0.22273318004598622
9584,0.22273318004598622
9788,0.2227164813195052
5910,0.2227164813195052
8645,0.2227164813195052
3682,0.2227053502261539
6307,0.22269422024538343
9267,0.22268309137702705
5326,0.22266083697688943
8874,0.22266083697688943
1579,0.22264971144477477
2252,0.22264971144477477
5682,0.22264971144477477
4964,0.2226385870244073
9012,0.2226330252310767
9459,0.2226274637156204
5351,0.2226274637156204
3767,0.2226274637156204
6479,0.2226274637156204
8539,0.22261078083628916
3937,0.2226052204321219
9877,0.22258854088615815
8442,0.22258854088615815
9989,0.22257186383956445
2660,0.22257186383956445
9579,0.22256630537935168
2909,0.22256630537935168
867,0.22256630537935168
3143,0.22255518929177903
5592,0.22255518929177903
5617,0.22254963166437758
7360,0.2225440743145383
5513,0.22253851724224036
8856,0.22253851724224036
4216,0.22252184769038702
1835,0.22252184769038702
4387,0.22251073604314392
893,0.22251073604314392
3777,0.22251073604314392
3022,0.22250518063565775
3865,0.22250518063565775
6726,0.22249407065285232
2644,0.2224718540153274
4438,0.2224718540153274
2395,0.22246074736027557
4253,0.22245519444860468
8594,0.22243853737676275
4561,0.22242743404796966
8373,0.22242743404796966
8422,0.2224218827992413
9291,0.2224218827992413
7540,0.2224218827992413
1187,0.2224107811330172
5143,0.22239968057496506
9493,0.22239968057496506
3356,0.22239968057496506
1745,0.2223941307114516
9424,0.2223885811249189
8835,0.2223885811249189
431,0.22238303181534622
8824,0.22237193402699804
2838,0.22237193402699804
2429,0.22236638554818106
2663,0.22236638554818106
907,0.22234419440147699
2933,0.2223386473068383
6716,0.22233310048897315
9867,0.2223275539478608
8474,0.2223275539478608
1504,0.2223220076834805
2155,0.22231646169581162
1653,0.22231091598483338
2025,0.22230537055052507
9257,0.22229428051183558
2411,0.22228873590741294
3411,0.2222831915795775
1862,0.2222831915795775
7016,0.22227764752830848
8757,0.22227210375358525
9255,0.22227210375358525
8361,0.22227210375358525
6790,0.22226656025538707
3531,0.22226656025538707
2298,0.22224993141973615
4574,0.22224438902743143
9755,0.22224438902743143
1213,0.22223884691154833
7086,0.22223330507206623
1725,0.22223330507206623
7648,0.22222776350896442
1377,0.22221668121181898
9122,0.22220560001994663
2162,0.22220005983843621
6733,0.22219451993318207
1002,0.22217236307431507
6539,0.22217236307431507
4326,0.22217236307431507
7905,0.22216682455003242
1703,0.22215574832984344
9145,0.22215574832984344
5785,0.22215574832984344
9397,0.22215021063389587
7203,0.22214467321401865
3902,0.22212806261060292
9278,0.22212806261060292
2901,0.22212806261060292
4157,0.22211699025496598
3014,0.22210591900311527
6984,0.22210038379105818
1700,0.22209484885488573
5523,0.22208931419457736
5430,0.22207824570147022
3477,0.22207271186863023
5112,0.2220561120247172
9898,0.22205057929487979
492,0.22205057929487979
1452,0.22204504684074147
9588,0.2220395146622817
1004,0.2220339827594798
4413,0.2220339827594798
6193,0.22202291978076732
4505,0.22201185790443925
2723,0.22201185790443925
6927,0.22200632737961787
5011,0.22200632737961787
9135,0.22200632737961787
2963,0.22199526715655749
5429,0.2219897374582773
1387,0.22196762141967621
9797,0.22196762141967621
2107,0.22196209309855297
6858,0.22195656505279937
8658,0.22194550978731883
486,0.22192340255988843
3725,0.22192340255988843
1255,0.22191787644114644
1351,0.22191235059760955
1390,0.22190129973606892
5420,0.22186263038661655
9757,0.22186263038661655
6201,0.22185158447636355
2534,0.22185158447636355
1628,0.2218405396659448
1327,0.22183501767312191
463,0.22182397451214655
8979,0.22182397451214655
4476,0.22182397451214655
7434,0.22182397451214655
5797,0.221818453343953
2870,0.22180189148830265
8470,0.22180189148830265
9698,0.22179637141932754
7858,0.22179637141932754
8315,0.2217853321056168
207,0.22176877519534166
6137,0.2217577386284463
8820,0.22174670315999004
253,0.22174670315999004
7813,0.2217356687898089
502,0.2217301520165203
9621,0.2217301520165203
7446,0.22172463551773897
3580,0.22171911929344446
4919,0.22171360334361628
8006,0.22171360334361628
6225,0.22170808766823394
5490,0.22170808766823394
1886,0.221702572267277
7577,0.22169154228855723
925,0.22167499937815585
8733,0.22167499937815585
751,0.22166948562332106
9496,0.2216639721427683
4978,0.22165845893647715
3235,0.22165845893647715
507,0.2216529460044271
944,0.2216474333465977
5093,0.2216419209629685
1788,0.2216419209629685
5705,0.221636408853519
2276,0.2216253854570775
1934,0.2216253854570775
2994,0.2216088524182519
9748,0.2215978317626874
3449,0.22158681220318754
1017,0.22158681220318754
745,0.22157579373958877
3649,0.22157579373958877
5139,0.2215702849187012
9489,0.2215647763717276
3595,0.2215647763717276
5454,0.22155376009944064
1205,0.2215482523740864
4065,0.2215482523740864
1803,0.2215482523740864
6447,0.2215482523740864
2718,0.2215482523740864
6392,0.22154274492256446
4156,0.22153723774485434
8124,0.221515211771724
892,0.2215097059627669
6234,0.2215097059627669
6566,0.22150420042749913
3324,0.22150420042749913
2529,0.22150420042749913
9865,0.22149869516590034
3573,0.2214931901779501
5667,0.2214931901779501
3868,0.22148768546362801
6075,0.22147117296222665
5733,0.22146566934221318
9253,0.22146566934221318
6490,0.22146016599572585
3557,0.22145466292274432
1598,0.22145466292274432
203,0.2214491601232482
6821,0.22144365759721704
3119,0.22143815534463052
9946,0.22143265336546825
4382,0.2214271516597098
6817,0.2214271516597098
9499,0.221416149068323
9674,0.22141064818265385
9900,0.22140514757030708
1498,0.22139414716549907
8986,0.22139414716549907
3454,0.22139414716549907
8777,0.22139414716549907
4501,0.22138864737299715
5663,0.22138314785373608
6961,0.22138314785373608
6484,0.2213721496348552
480,0.22136665093519461
7221,0.22136665093519461
1764,0.22136665093519461
351,0.22136115250869348
2327,0.22136115250869348
4142,0.22135565435533147
5511,0.22135565435533147
4277,0.22133916153387642
3719,0.22133916153387642
7328,0.22133366447286726
5066,0.22132816768489544
8478,0.22131717492798253
9990,0.22131717492798253
6270,0.22131167895900072
4596,0.22129519268970999
7195,0.22127870887647424
7513,0.22127870887647424
6703,0.22126222751874472
9549,0.22125124131082424
7842,0.22125124131082424
6433,0.22123476404438597
2443,0.22123476404438597
6763,0.22122927216760996
1806,0.22122378056348516
6671,0.22121828923199127
5625,0.22121828923199127
1854,0.22121828923199127
3483,0.22121279817310796
2891,0.22121279817310796
3027,0.22121279817310796
9336,0.2211963266319186
8812,0.22118534696713987
5739,0.22117436839231647
478,0.2211688795135873
7018,0.22115241451188644
2763,0.22114692672274747
3274,0.22114692672274747
9816,0.2211359519614898
4662,0.22112497828945735
1799,0.22111949186184995
8870,0.22111400570648804
2787,0.22110303421241967
8033,0.22109754887367272
5421,0.22108109449033764
5349,0.22108109449033764
5173,0.22108109449033764
2522,0.22107012626199984
2781,0.22106464255593591
8358,0.22104819306992088
1603,0.22104271045190735
2938,0.22103174603174602
9198,0.22103174603174602
2759,0.2210262642295578
4223,0.2210262642295578
2607,0.22100982045432002
2119,0.2210043397396156
1706,0.22099885929673163
4046,0.22099337912564782
8901,0.22099337912564782
6319,0.22099337912564782
8335,0.22099337912564782
2303,0.220987899226344
3801,0.220955025536768
5161,0.220955025536768
5545,0.2209385923593723
9969,0.2209331151767564
3155,0.2209276382656982
8562,0.2209221616261775
9668,0.22091668525817407
2046,0.22091120916166773
4742,0.22090025778306563
7706,0.22088930749020969
7814,0.22088383275088605
8632,0.22087288408634662
482,0.22086741016109046
3007,0.2208509900131341
703,0.22084004460413828
3012,0.220829100280001
3276,0.220829100280001
6915,0.22081268582755204
8504,0.22081268582755204
2237,0.22079080368645326
6836,0.22076892588188665
5236,0.22076892588188665
6173,0.22076892588188665
4773,0.22076345710817707
1405,0.22076345710817707
2109,0.22076345710817707
9066,0.22075798860540005
9154,0.22075252037353546
5403,0.22074158472246302
9121,0.22073611730321493
5315,0.22072518327719437
6327,0.22071971667038165
345,0.22071971667038165
4138,0.22071971667038165
2575,0.22070878426905075
1535,0.22070331847449232
3115,0.22069238769748897
8723,0.22069238769748897
4005,0.22068692271500384
8618,0.22068692271500384
5207,0.22067052939137324
5756,0.220665065491371
155,0.22065413850305776
7035,0.22064867541470662
7140,0.22064321259686565
3925,0.22063775004951475
4301,0.22063775004951475
9036,0.2206268257662029
9669,0.22061590256461036
5584,0.22061590256461036
3792,0.22060498044457647
6725,0.22060498044457647
2729,0.22059951979009382
4439,0.22059951979009382
5630,0.22059951979009382
3498,0.2205940594059406
2159,0.22058859929209673
216,0.22058859929209673
2599,0.22058313944854216
3735,0.22057767987525678
8304,0.22057767987525678
3609,0.22057767987525678
379,0.22057222057222056
4473,0.22056130277681532
9415,0.22055584428440617
9353,0.22055584428440617
4789,0.2205503860621659
6167,0.22053401301625794
6341,0.22053401301625794
6595,0.22053401301625794
9030,0.22052855587449272
8560,0.22052309900279612
381,0.22052309900279612
2527,0.22052309900279612
3423,0.22052309900279612
604,0.22051764240114813
1823,0.22051764240114813
5386,0.22050673000791765
367,0.22050673000791765
8534,0.22050673000791765
6938,0.22050673000791765
3964,0.220495818694641
9936,0.22049036344293527
4555,0.22048490846115784
59,0.22047945374928873
1849,0.22046854513519532
943,0.22046309123293092
1733,0.22045218423786672
5624,0.22045218423786672
6576,0.22045218423786672
6322,0.22042492147114837
7810,0.22040856704753425
199,0.22040856704753425
6182,0.22040311611227897
3001,0.22039766544663172
430,0.22039766544663172
4332,0.22039766544663172
9097,0.22038131506713815
9098,0.220370416161816
5776,0.22036496711339695
3251,0.220359518334446
3366,0.22035406982494313
7676,0.22034317361420167
5944,0.22033772591292308
5662,0.22033227848101267
7267,0.2203268313184504
7078,0.2203268313184504
711,0.22032138442521632
5212,0.22030504536128345
3663,0.2202995995451624
2788,0.2202995995451624
1645,0.2202995995451624
6263,0.22029415399826968
1209,0.22029415399826968
6678,0.22029415399826968
1277,0.22028870872058534
4493,0.2202451561882167
8765,0.22023971333250958
5918,0.2202288284281019
3951,0.22022338637936148
94,0.22021250308870768
4411,0.22021250308870768
5294,0.22020706184675445
9603,0.22020162087369044
5301,0.22018529956763433
9763,0.22018529956763433
110,0.22017442004101095
8741,0.22017442004101095
3606,0.22016898068086369
4799,0.22016354158946613
6532,0.2201526642128406
5028,0.2201526642128406
3978,0.22014722592757274
3629,0.22014178791097497
895,0.22013635016302738
8503,0.22013635016302738
4597,0.22013091268371002
2989,0.220125475473003
8955,0.22011460185734044
4560,0.22010372931588046
9925,0.22010372931588046
7474,0.2200819874549316
3343,0.22007655266082232
2138,0.22005481616830044
4258,0.22004938271604937
1203,0.22004394953211032
1271,0.22004394953211032
6682,0.2200385166164634
4981,0.22002765158996643
7192,0.22001678763639954
3733,0.22000592475560382
6952,0.2200004937174455
6612,0.21999506294742038
341,0.21998420221169035
1490,0.21998420221169035
7939,0.21997334254825493
5047,0.21996248395695528
8719,0.21996248395695528
4606,0.21995705506330676
9228,0.21994076999012832
4141,0.21994076999012832
7268,0.21993534216825844
5873,0.21993534216825844
3560,0.21990820707693826
6590,0.21990820707693826
8150,0.2199027808621413
8814,0.2198973549151204
5603,0.2198919292358558
7229,0.21988650382432764
3196,0.21987022919596377
8828,0.2198593807820402
5225,0.2198593807820402
3873,0.2198593807820402
1790,0.2198539569765147
9539,0.2198431101682372
6534,0.21983768716544563
7827,0.21983768716544563
6451,0.21983768716544563
6563,0.2198214197622219
8540,0.21981057616416733
1178,0.21980515476630905
6633,0.21980515476630905
9350,0.21979973363587038
5480,0.21979973363587038
2629,0.21976179320888714
5340,0.21974011884508224
5671,0.21972928326635272
5416,0.21972386587771203
3635,0.21972386587771203
8995,0.21972386587771203
2986,0.21971844875619437
4937,0.21969678294095896
3998,0.21969678294095896
1878,0.21969136715476015
1347,0.21968053638335633
301,0.21966970667981267
947,0.21965346412638947
1756,0.21964805047567407
9464,0.2196426370918053
3562,0.2196426370918053
4987,0.2196372239747634
5842,0.21963181112452868
9652,0.2196155741744702
479,0.21960475087477208
3918,0.2195993396249661
5402,0.2195939286418293
9393,0.2195939286418293
3273,0.219572287375579
1418,0.219572287375579
1865,0.21956146834195614
6708,0.21956146834195614
7049,0.21953983347292702
7104,0.21953983347292702
6706,0.21953983347292702
2590,0.21951279588167197
7616,0.21950738916256157
7286,0.21950738916256157
8899,0.21950198270978546
3214,0.21948035956163034
542,0.21947495444023052
5726,0.21947495444023052
5073,0.2194695495850469
7439,0.2194695495850469
9080,0.2194641449960599
8620,0.21945874067324977
8303,0.21945874067324977
6362,0.2194479328260816
1709,0.21942091786488083
4297,0.21939390955417148
696,0.21939390955417148
4968,0.21939390955417148
5580,0.2193723076923077
4798,0.21936690789149804
3126,0.21935610908732894
2537,0.21933451466824178
9251,0.2193237190530098
151,0.21930752762260994
9625,0.21930213101038437
2957,0.21929673466374663
4062,0.21929133858267716
3988,0.2192805472171645
2465,0.21926436216016731
2904,0.21926436216016731
9210,0.21924817949222594
3525,0.21924817949222594
9263,0.2192427858003887
7984,0.2192427858003887
1681,0.2192319992128115
2489,0.21922660631703236
2526,0.2192212136865668
9068,0.2192158213213952
5319,0.21921042922149797
5150,0.2191834727004427
8924,0.2191780821917808
4847,0.2191780821917808
6370,0.21915652280831183
2659,0.2191457447070106
6279,0.21913496766578966
7356,0.21912419168449263
7277,0.21912419168449263
8791,0.21912419168449263
333,0.21910802969956236
3055,0.21910264290104486
8495,0.21910264290104486
8729,0.2190918700985815
1911,0.21908648409459658
3323,0.2190810983554168
4949,0.21907571288102262
2894,0.2190703276713945
6677,0.21904878948015238
7611,0.21904878948015238
5103,0.21903802197262023
5626,0.2190326386158081
9290,0.2190326386158081
1661,0.21902725552360588
7507,0.21902725552360588
5812,0.2190218726959941
9533,0.21901649013295324
2990,0.21901649013295324
5518,0.2190111078344638
9556,0.2190111078344638
2243,0.21899496252610887
7210,0.21898420030960514
2157,0.21897881959801466
4407,0.21896805896805896
5470,0.21896805896805896
7044,0.2189626790496548
5045,0.2189572993956071
7173,0.2189572993956071
2013,0.21894116201940794
3760,0.21893040509003364
1871,0.21892502702171562
3898,0.21891964921761772
7856,0.21891964921761772
9247,0.21889814064303786
7932,0.21889814064303786
2943,0.21889814064303786
5042,0.21889276415974848
9892,0.21889276415974848
8434,0.21886051080550098
2892,0.21885513617052627
9297,0.21885513617052627
3224,0.2188390138493272
5544,0.2188390138493272
9675,0.2188390138493272
9937,0.2188282669547709
9266,0.2188228939033074
3234,0.21881752111569436
3816,0.21881752111569436
5891,0.21881752111569436
5367,0.2188121485919124
3379,0.21880140433576392
3622,0.21879603260335853
4833,0.21879603260335853
9782,0.21879603260335853
6369,0.21879603260335853
7621,0.21878528992978838
2043,0.21877991898858476
7913,0.2187369609503473
1503,0.2187369609503473
8535,0.2187208560349482
3195,0.2187208560349482
9700,0.21871012074212232
8627,0.21869938650306747
3097,0.21869938650306747
125,0.21869401977865574
9827,0.21869401977865574
8672,0.21869401977865574
9804,0.21868865331762857
1866,0.21868865331762857
4515,0.21868328711996662
847,0.2186779211856505
2551,0.21867255551466078
6044,0.21867255551466078
1791,0.2186671901069781
2730,0.2186618249625831
2559,0.2186618249625831
8347,0.2186564600814564
4237,0.2186564600814564
7525,0.2186510954635786
3019,0.21864573110893032
2187,0.21864573110893032
6674,0.2186350031892449
3508,0.21861891328345395
4006,0.21859746375922884
7189,0.218586740575409
7381,0.218586740575409
5683,0.21857065777210968
4777,0.21855993721797135
921,0.21854385835846882
1575,0.21854385835846882
3950,0.21853849926434527
3386,0.2185331404330448
2006,0.21852778186454808
5917,0.21852778186454808
9495,0.2185170655158886
3944,0.2185170655158886
9351,0.21851170773568715
6033,0.21851170773568715
2557,0.21850635021821213
3542,0.21849563597136412
6066,0.21849563597136412
2491,0.21847956657105735
9184,0.21846885495060428
5092,0.21846885495060428
7559,0.21846349953424524
7440,0.2184527894891656
3262,0.2184260189701233
2142,0.218409959807862
3726,0.21839390300683706
5365,0.21839390300683706
9529,0.21838855126445794
1214,0.2183831997843613
9784,0.2183778485665278
5789,0.21837249761093822
7338,0.21837249761093822
7710,0.21836714691757325
2767,0.21836179648641366
3068,0.21836179648641366
7224,0.21836179648641366
718,0.21835109641063336
3832,0.21835109641063336
6222,0.21834574676597412
9592,0.21833504826302122
3747,0.21833504826302122
3002,0.21833504826302122
716,0.21832435080842724
7748,0.21830295904369978
4580,0.21829761175750154
7843,0.2182655335406921
7575,0.21826018808777428
3764,0.21826018808777428
5546,0.21823346475010408
157,0.21823346475010408
8255,0.21822812086781918
6011,0.21821743388834475
3619,0.21820674795553596
4539,0.21820674795553596
1055,0.21820674795553596
8743,0.21819606306923905
7406,0.21818537922930029
5841,0.21818537922930029
5685,0.21818537922930029
9187,0.21818537922930029
7459,0.21815333398609615
4812,0.2181479940273664
6074,0.21814265433005336
6426,0.21813731489413782
7258,0.21812129815458417
5034,0.21811595976406667
8591,0.2181106216348507
7512,0.2181106216348507
8985,0.2181052837669171
5465,0.21809460881482026
4757,0.21808393490762265
5388,0.21808393490762265
8144,0.21808393490762265
3772,0.21808393490762265
3637,0.21805191945389152
5968,0.2180465844587982
6446,0.21804124972475716
7257,0.21802524708875623
1131,0.21800924680153624
7230,0.21798791673800846
4825,0.21798791673800846
3223,0.21798258487427843
9400,0.21798258487427843
4541,0.21798258487427843
853,0.21797192192926673
4756,0.21797192192926673
5744,0.21796659084794678
8602,0.21795592946758297
5689,0.21795592946758297
3940,0.21795059916850085
7301,0.21793993935244058
3228,0.21792928057905805
3062,0.21792395158332314
7834,0.21787600234695872
2898,0.21787067595648454
9526,0.21787067595648454
5602,0.21787067595648454
9628,0.21786534982643133
9387,0.21786534982643133
6981,0.21786534982643133
5892,0.21783872308181174
5986,0.21783872308181174
924,0.21783339851388345
1369,0.2178280742062425
4205,0.2178174263717463
6337,0.2177961338253623
5753,0.21779081133919845
6544,0.21779081133919845
7339,0.21775356121875533
1038,0.21775356121875533
7305,0.21774824081313526
8074,0.21774292066749737
3678,0.21773228115609197
839,0.21773228115609197
4211,0.21772164268438668
8996,0.21770568692593317
5357,0.21770568692593317
9607,0.21770036885946698
3812,0.21768973350594786
2470,0.2176790991915195
6229,0.2176790991915195
6723,0.21767378242391677
120,0.2176684659160296
6769,0.217663149667839
2846,0.217663149667839
6600,0.217663149667839
8307,0.217663149667839
7714,0.217663149667839
9484,0.21765783367932592
3101,0.21765251795047136
3292,0.21764720248125627
6833,0.21764720248125627
6171,0.21764188727166162
9301,0.21763125763125762
967,0.21763125763125762
3848,0.21763125763125762
8507,0.21762062902910725
6761,0.21761531511732962
8568,0.21761531511732962
3192,0.21761531511732962
7271,0.21761000146505835
4246,0.21760468807227445
8613,0.21759406206509266
9561,0.2175728131637411
7156,0.21756750158683658
2270,0.21756750158683658
4593,0.21756750158683658
9060,0.21755687921101455
2463,0.21755156841205908
7524,0.21755156841205908
4315,0.21755156841205908
5418,0.21754625787238197
3882,0.21753563757078695
7256,0.21753563757078695
2685,0.21753563757078695
6727,0.21753032780883108
9566,0.21752501830607762
2793,0.21752501830607762
8846,0.21750378288670866
2910,0.21749847467968272
1404,0.2174772444422753
9089,0.21747193753050267
2655,0.21747193753050267
407,0.21746663087772383
3435,0.21746132448391978
8554,0.2174454068561669
1259,0.21743479639885818
5975,0.21742949155850494
9843,0.21742949155850494
891,0.21741888265430592
7536,0.2174135785904223
7030,0.2174135785904223
2393,0.21740827478532396
5399,0.21740297123899202
8284,0.21739766795140752
9713,0.21739766795140752
6579,0.21739236492255154
9378,0.2173870621524051
5062,0.2173870621524051
1235,0.2173870621524051
4917,0.21738175964094933
738,0.2173605521816541
9283,0.21734995000365828
9796,0.21733404867580355
474,0.21732874875021338
4430,0.21732874875021338
694,0.21732874875021338
9978,0.21732874875021338
466,0.21732874875021338
8626,0.21732344908310575
2253,0.21732344908310575
4009,0.21732344908310575
2203,0.21732344908310575
3646,0.21732344908310575
9638,0.2173022529991222
8073,0.21728635864927465
6123,0.2172810610493466
5324,0.21726516979936128
8942,0.2172333942717855
3327,0.21722280449460113
9562,0.21720692176456252
2382,0.2172016280373376
3705,0.21719633456814194
1279,0.21718574840376273
6249,0.217175163271274
3681,0.217175163271274
4796,0.2171698710919414
5524,0.21715399610136452
8755,0.2171328330572069
3028,0.21712754294067488
6407,0.2171222530819081
7957,0.21711167413759502
3828,0.21711167413759502
5658,0.2170905193413232
2486,0.21706408164259444
3506,0.21704822211397953
8936,0.21703765038234865
7252,0.21703765038234865
5581,0.21702707968049872
5755,0.21702707968049872
7373,0.21702179471569463
9805,0.21697424161269904
3470,0.21695839520899773
2521,0.21695839520899773
4838,0.21693198967917823
8605,0.21693198967917823
6104,0.21693198967917823
7634,0.21692670934449773
2038,0.21690031152647976
8462,0.2168950327338217
6819,0.2168950327338217
5569,0.2168950327338217
6090,0.21687919789740095
1388,0.21687919789740095
8377,0.21685808837843099
6320,0.2168475351598618
8038,0.21684225893574052
6324,0.21684225893574052
1589,0.21683170725773096
5934,0.21682643180380518
9292,0.2168158816660179
3283,0.21681060698211896
6884,0.21680533255485818
4659,0.21680533255485818
6350,0.2168000583842168
3309,0.2167947844701761
2271,0.2167947844701761
5274,0.2167895108127174
3830,0.21676841874832778
6663,0.21676841874832778
5500,0.21676314637349808
5985,0.21676314637349808
6630,0.21674733078775202
9809,0.21672624692979256
6431,0.2167209766061962
9577,0.21671570653891983
3353,0.21667882324337467
4263,0.21667882324337467
4043,0.21667355522598528
8611,0.2166630199596431
6375,0.2166524857177586
8855,0.21664721898094128
6755,0.2166419525001823
1534,0.21663142030676488
4189,0.21662615459406903
9479,0.2165893017716966
4453,0.21657351154313487
3875,0.21657351154313487
9772,0.21657351154313487
3979,0.2165682486452334
815,0.2165629860031104
2646,0.21655772361674727
4771,0.21655772361674727
4523,0.21654719961122584
2383,0.21654193799203034
4270,0.21651563373095892
6457,0.21651563373095892
7264,0.2164998542415703
4429,0.2164998542415703
6056,0.2164998542415703
7481,0.2164998542415703
1853,0.2164998542415703
1650,0.2164998542415703
9456,0.21649459492287138
2773,0.21648933585969005
6227,0.2164735602030654
6685,0.21646830216176827
3346,0.21646304437589564
4034,0.2164525295703495
7964,0.2164525295703495
3453,0.21644727255063875
3879,0.21643675927724887
9781,0.21641048056142395
8172,0.21639471639471639
7915,0.21638420822609625
6608,0.21637895452448588
8306,0.21637895452448588
6824,0.2163526898426879
8915,0.2163526898426879
6385,0.21634218575520706
6849,0.21633693409394344
7469,0.21633693409394344
8475,0.21633168268763958
3985,0.21633168268763958
2477,0.2163001796029319
5699,0.21628968061353265
5372,0.21626868569209862
4022,0.2162529421756327
6206,0.21622670807453417
1895,0.21621621621621623
6487,0.21620572537603105
8271,0.21620048033769196
5196,0.2161795027289266
2814,0.21617425896279047
8501,0.2161637721936548
1894,0.21614804394751522
5000,0.2161428017074117
3243,0.21613755972158222
6113,0.21613755972158222
1758,0.21613755972158222
9366,0.21613755972158222
414,0.21612707651267127
6255,0.21612707651267127
9160,0.2161218352895528
2602,0.2161218352895528
3297,0.21610087293889427
2397,0.216095632986591
1478,0.21609039328839533
9585,0.21608515384428872
7549,0.21608515384428872
8566,0.21607991465425275
8486,0.21607991465425275
1923,0.21607467571826888
3475,0.21607467571826888
5441,0.21606943703631867
7603,0.21606419860838363
8783,0.21606419860838363
229,0.2160589604344453
5082,0.21604848484848485
5052,0.21603277337405766
4327,0.21602753672371164
3829,0.21601182829580434
6667,0.21599612215220554
6109,0.2159908872785439
6037,0.2159908872785439
6597,0.21598041829241693
5135,0.21595425026655035
4057,0.21594901742227823
8395,0.2159437848315968
939,0.21592808858091245
6264,0.21592808858091245
7045,0.21592285700440955
3434,0.215912394611881
7061,0.215912394611881
7452,0.2159071637958185
1901,0.21590193323319928
9022,0.21590193323319928
5379,0.21590193323319928
8883,0.2158862430658172
3820,0.21587578422110795
9302,0.2158600978539941
9043,0.2158600978539941
5845,0.21584964154233677
6078,0.21584964154233677
8805,0.21584441376637845
6912,0.21582873195776422
8643,0.21582350519458504
3351,0.21580782642386673
5338,0.2157869249394673
1014,0.2157869249394673
2029,0.2157764757154617
6354,0.2157764757154617
4940,0.2157764757154617
7904,0.2157660275033895
6519,0.2157660275033895
3194,0.21575558030310366
8374,0.21574513411445725
4762,0.21574513411445725
6805,0.2157399113994529
6405,0.21572424477149496
5022,0.21572424477149496
623,0.21572424477149496
6634,0.21571902306779947
5276,0.21571902306779947
9132,0.21571902306779947
4962,0.21571380161688533
6420,0.2157085804187341
2002,0.21570335947332753
8291,0.21570335947332753
7225,0.21569291834067478
4818,0.21567725853682146
8868,0.21567203910749722
4925,0.21565116391617867
4770,0.215645945749752
4817,0.215645945749752
1757,0.21564072783584978
5177,0.2156302927655456
1749,0.2156302927655456
1646,0.2156302927655456
2190,0.21561985870511952
4284,0.21560942565442492
6038,0.215593777971309
5041,0.21557813255926464
3615,0.21557291792651362
1747,0.21556770354603066
7348,0.21556770354603066
8796,0.21555727554179566
5543,0.21555727554179566
992,0.21554163542699592
4953,0.21553642255973687
4383,0.21553120994461777
4562,0.21553120994461777
1526,0.21551036200517495
5773,0.2155051506504812
7307,0.2155051506504812
7282,0.21549993954781768
87,0.2154895180985081
6179,0.21548430775182553
5621,0.21547388781431334
7443,0.2154686782234472
239,0.21546346888448334
9514,0.21546346888448334
8154,0.21546346888448334
8839,0.2154582597974035
4733,0.21545305096218934
4259,0.2154374259675587
9153,0.2154374259675587
2854,0.21543221813962482
7259,0.2154270105634654
3987,0.21541138934545104
9613,0.21540097645864553
9618,0.2153697438376027
7808,0.2153645392813127
9557,0.2153281144293032
3843,0.21532291188480032
5809,0.21530730575956705
8884,0.21530210422052037
7941,0.2152969029327922
2974,0.2152969029327922
5976,0.2152917018963643
1726,0.21528650111121847
3481,0.21528130057733652
5940,0.21528130057733652
7564,0.2152657004830918
2173,0.2152553016762475
2725,0.21525010264956645
1515,0.21524490387402184
1710,0.21523970534959547
5827,0.21523970534959547
1845,0.21522930905402468
2639,0.21522411128284388
6098,0.21521371649360058
8550,0.21520851947550168
2661,0.2152033227083937
3851,0.21519812619225848
5977,0.21519812619225848
4887,0.2151929299270778
1599,0.2151929299270778
9167,0.21518773391283352
5813,0.21518253814950744
8541,0.2151721473755372
1311,0.2151721473755372
6082,0.21514617483040824
3924,0.21514617483040824
5258,0.21514098107377366
4638,0.21510982379917934
1902,0.21510463179744635
4719,0.215099440046341
4319,0.215099440046341
6531,0.215099440046341
9653,0.21508905729594052
7505,0.21508386629660914
3798,0.2150786755478328
8245,0.21507348504959337
3971,0.21506829480187267
6311,0.21503197008083003
4982,0.21502678183660667
6918,0.21502678183660667
8945,0.21502159384273892
9905,0.21501640609920863
6332,0.21500603136308805
2649,0.21500084437046152
1683,0.21499047113598532
1693,0.21497491316094172
7425,0.21497491316094172
5370,0.21496454242848184
4566,0.21494380396507645
3375,0.21493861997443503
7569,0.21492825274327745
8970,0.2149178865121663
1381,0.21491270377158292
7482,0.21489715704950446
1491,0.21487125084386152
2391,0.21486607035224342
9389,0.21486607035224342
6114,0.21485571011837315
4787,0.21484535088353704
3722,0.21484017164071165
3675,0.21482981390415581
9451,0.21482981390415581
7533,0.21482981390415581
2857,0.2148246354103893
4993,0.21481945716627296
1629,0.21481945716627296
2010,0.2148091014269186
7774,0.21480392393164452
7530,0.21479874668594842
5993,0.21479874668594842
3581,0.21479356968981225
1492,0.2147728642005061
8858,0.21476768845189897
9993,0.21476251295274357
8493,0.21472111793759788
6643,0.21472111793759788
8702,0.21471594468269647
8867,0.2147107716770665
4030,0.21470559892069
6991,0.21468491038735787
3599,0.21468491038735787
887,0.21466422584063977
1115,0.21466422584063977
1244,0.21465388506190086
2589,0.21464871504612346
7863,0.21463837576166278
4066,0.21463837576166278
6486,0.2146332064929435
3258,0.2146332064929435
2207,0.2146073638837383
8000,0.21460219610864958
8797,0.21459702858243637
627,0.2145866942765645
9324,0.21457636096597887
9768,0.21455569733009125
4661,0.2145453670045018
5905,0.2145453670045018
1959,0.21453503767362364
7822,0.21453503767362364
8108,0.21453503767362364
5507,0.21452470933731316
3644,0.21451438199542663
9201,0.21450405564782055
9507,0.21449373029435126
8843,0.2144782441278398
4210,0.2144782441278398
5019,0.21446792125908457
6762,0.21446792125908457
7393,0.21446792125908457
8630,0.21446276019732885
686,0.21444727850233408
7592,0.21444211843403355
8879,0.21443179904237145
6219,0.21442663971897405
175,0.21442148064384187
9636,0.214416321816957
6518,0.214416321816957
4219,0.214416321816957
3054,0.21439053140561476
6864,0.21439053140561476
1887,0.21439053140561476
6954,0.21439053140561476
2587,0.2143802169781819
9422,0.21437506013663044
9177,0.21436990354316504
7401,0.2143544352511064
9642,0.21434412429650296
8694,0.21432865972439336
6330,0.2143235053628974
3245,0.2143235053628974
2239,0.2143235053628974
8681,0.21429258439934595
1485,0.21428743177282455
4080,0.21428743177282455
8555,0.21428743177282455
8677,0.21428227939408512
6057,0.21428227939408512
1953,0.21427197537988074
6047,0.21427197537988074
1827,0.21426167235658988
4048,0.21425137032406963
111,0.2142462196793038
6741,0.2142256195764525
6549,0.21421017209883664
7287,0.21421017209883664
9129,0.21420502343468334
8423,0.21420502343468334
9485,0.21420502343468334
2615,0.2141895789271294
1946,0.21416898971450543
8351,0.21416384302982241
3822,0.2141586965924929
1006,0.2141535504024991
222,0.2141535504024991
5668,0.21413296811552415
5713,0.21412782316194137
2202,0.2141072458197194
4265,0.21409181540826866
9953,0.2140866724320169
975,0.2140866724320169
5302,0.2140866724320169
8692,0.21408152970285138
3302,0.2140609612566954
9327,0.21405581976269394
2828,0.21404553751561148
4511,0.2140403967624949
9140,0.21402497598463016
6510,0.21402497598463016
9982,0.21401983621911097
7453,0.21401983621911097
9881,0.21401983621911097
991,0.21401469670044668
6956,0.21401469670044668
3257,0.21400441840361156
8401,0.21399927962540521
6126,0.213989002809326
7828,0.213989002809326
2047,0.2139735894357743
2908,0.2139735894357743
9318,0.2139530417246843
7051,0.21394790541351577
495,0.21394790541351577
6730,0.21393249795957558
9169,0.21393249795957558
2795,0.21392222755640902
9714,0.21392222755640902
3701,0.21391709272461054
8444,0.21391709272461054
7378,0.21391709272461054
6697,0.21390682380049444
6802,0.21390168970814133
2020,0.21390168970814133
1307,0.2138811558030143
2917,0.2138811558030143
3372,0.2138760229427152
6638,0.2138708903287737
7283,0.21386575796117205
6384,0.21386575796117205
7222,0.2138606258398925
5913,0.21384523095380925
4822,0.21384523095380925
9046,0.21384523095380925
6469,0.21383496892770593
9375,0.21382983828398675
4027,0.21381957773512475
7081,0.21381957773512475
3563,0.21380931817091312
8362,0.213778545384763
589,0.213778545384763
2667,0.2137580351146503
6471,0.21373752877973906
5708,0.21373752877973906
3229,0.21372215161035038
3625,0.2137170263788969
4839,0.2137067766533979
3859,0.2137067766533979
3574,0.21368628015153696
5469,0.21368628015153696
2028,0.21367091035507924
9799,0.21366578758091584
8837,0.21365554276946683
3572,0.21365554276946683
2235,0.2136452989404037
7219,0.2136401773942227
8887,0.21362993503847352
4477,0.21361457334611697
3833,0.2136094532729321
8569,0.21358897543439184
1651,0.21358385658821838
3514,0.21358385658821838
7197,0.2135633836568416
6410,0.2135633836568416
9197,0.21354291464992572
6136,0.213532681617788
6814,0.21352244956634242
3516,0.21352244956634242
6413,0.21349687372733153
7317,0.21348664510719847
2796,0.21348153116466248
1949,0.21348153116466248
3284,0.21348153116466248
3492,0.2134764174671234
3239,0.21346107784431137
6382,0.2134559651265838
2265,0.21344062844278391
1479,0.21343551670458627
4599,0.2134252939626889
1933,0.21340996168582377
5337,0.2133946316117137
3892,0.21337930373988412
2079,0.21336397806986043
1789,0.21336397806986043
9287,0.21336397806986043
1625,0.21336397806986043
8907,0.21335376217950253
1407,0.21334354726737367
8398,0.21332312037724108
5661,0.21332312037724108
2741,0.21332312037724108
3756,0.21331801426588157
3838,0.21331290839895642
5105,0.21330780277644806
9679,0.21328738273023168
2533,0.2132822783295441
5965,0.2132822783295441
6948,0.213272070261086
9192,0.21326186316973367
3955,0.21325675999042834
7986,0.21325675999042834
7585,0.21325675999042834
1558,0.21325165705534685
3679,0.21324655436447168
7343,0.21324145191778526
5600,0.21323124775690872
5327,0.2132261460426835
7118,0.21322104457257698
8068,0.21321084236464988
5861,0.21320064113298726
3748,0.21320064113298726
8036,0.21320064113298726
3010,0.21320064113298726
1695,0.21319554088321133
9323,0.21318024159789498
8932,0.2131751423240683
3917,0.213154747668022
79,0.213149649613738
7940,0.21314455180331005
4996,0.2131241629998087
9108,0.2131190664083985
9688,0.2131139700607394
6960,0.21309868248009373
4347,0.21309358710726412
2985,0.21308849197809818
2427,0.21308849197809818
4815,0.21308339709257842
1605,0.2130783024506874
5786,0.2130783024506874
2266,0.2130783024506874
5946,0.21306301998661184
4247,0.21306301998661184
6800,0.21305792631906093
5482,0.21305792631906093
6850,0.2130528328950514
8391,0.2130528328950514
5922,0.21304773971456575
8954,0.21304773971456575
6364,0.21301718574467576
4509,0.21301718574467576
1019,0.2130019120458891
5108,0.21299682129968214
6236,0.21298664053724636
5277,0.2129815505209827
8583,0.21297646074799856
7701,0.21297137121827653
5780,0.21295610408850868
6061,0.21295610408850868
3687,0.21295610408850868
3699,0.21293066373584366
8380,0.21293066373584366
5133,0.21292557639469598
2959,0.2129204892966361
6205,0.21291540244164656
1175,0.21291540244164656
9547,0.21291031582970998
727,0.2129052294608089
966,0.2129052294608089
8693,0.21289505745204368
3493,0.21285946307442438
9007,0.21284929543826128
7988,0.21284421198442835
9931,0.21283912877340466
4556,0.21280355309343585
5024,0.21278831001384843
7879,0.21278322947257838
6449,0.21277306911782262
3603,0.21276798930430216
685,0.21275783040488924
7952,0.21275783040488924
5471,0.21272735952642383
4019,0.21272735952642383
923,0.21272735952642383
4584,0.21271720450639678
4877,0.21270705045586902
6810,0.21270197379412398
2591,0.21270197379412398
5589,0.21269689737470168
5954,0.21269182119758478
1999,0.21267151891182437
4717,0.21267151891182437
6498,0.21267151891182437
7363,0.21266644394597434
7601,0.21266644394597434
6010,0.21265629474086092
2012,0.21265629474086092
6701,0.21265629474086092
4459,0.21265629474086092
783,0.21265629474086092
7517,0.2126461465044142
7249,0.2126359992364955
1519,0.2126207801503042
9113,0.21261570760568757
6497,0.21261570760568757
6792,0.21261063530309898
6966,0.21261063530309898
1875,0.21261063530309898
2206,0.2126055632425211
6999,0.21260049142393664
4647,0.21257513596030914
4984,0.21257513596030914
3129,0.21257513596030914
2367,0.21255992558494527
5574,0.21255992558494527
4828,0.21255485594352222
5750,0.21254978654391948
3716,0.21250924005055202
1443,0.21250417282655348
5749,0.21249403910348116
7770,0.21249403910348116
9536,0.21246364373241788
3976,0.21246364373241788
1751,0.21246364373241788
5951,0.2124535138743206
3881,0.21244844930749243
4199,0.21244844930749243
5926,0.21244844930749243
951,0.21243832089819076
4251,0.2124332570556827
1247,0.21241806697652246
5847,0.21241806697652246
5234,0.21240794146387967
7302,0.2123876933342866
6679,0.21238263190505696
6675,0.21236744906469676
3977,0.21235732837705817
7876,0.21235732837705817
4920,0.2123522683949676
4178,0.21234214915415772
7084,0.21233708989540398
6467,0.21232191356554056
8100,0.21232191356554056
4127,0.21231685527099464
8989,0.2123117972174576
3438,0.2123117972174576
6881,0.21230168183334128
5395,0.21229156741305383
9370,0.21228145395645753
7206,0.2122763975895005
9769,0.21227134146341464
9343,0.21227134146341464
9486,0.21227134146341464
8940,0.21226122993378746
8659,0.21224606444545
1198,0.21223595532375986
8697,0.21223595532375986
9923,0.21223595532375986
8161,0.21223090112402362
3306,0.21223090112402362
9873,0.21221068673206972
3973,0.21220058098004668
5334,0.21219047619047618
7198,0.21219047619047618
4990,0.21218542415656771
798,0.21217532081041832
6462,0.21217532081041832
6811,0.2121652184263778
7650,0.21216016759510545
2719,0.2121551170043088
1459,0.21215006665397068
5097,0.2121349170455357
9761,0.21212986765685996
9277,0.21212986765685996
715,0.21212986765685996
6473,0.21212481850855688
7960,0.21211976960060933
127,0.21210462431872815
9130,0.21210462431872815
3247,0.21208443397348944
3630,0.21205415566183644
3948,0.21205415566183644
6876,0.21203901974779918
6351,0.21203397492327092
5033,0.2120289303387895
7894,0.2120289303387895
9612,0.21202388599433777
2913,0.21202388599433777
4793,0.21200875440098962
5911,0.21200371101648546
8983,0.21200371101648546
7740,0.2119986678719254
5734,0.2119986678719254
8637,0.2119784976927834
8717,0.2119734557476869
6993,0.2119734557476869
5330,0.21196841404243175
5464,0.21196337257700082
730,0.21196337257700082
2746,0.21195833135137707
4553,0.21195329036554333
5979,0.21195329036554333
2780,0.2119432091131775
9143,0.21192808903262628
3020,0.21192304948517346
2487,0.21191801017739098
7593,0.2119079322807685
5084,0.21188274173224603
2941,0.2118777043412106
3745,0.21187266718969167
9183,0.21187266718969167
1481,0.21187266718969167
9839,0.21187266718969167
5588,0.2118625936051349
5333,0.21185755717206295
7460,0.21183741383408605
4423,0.21183237859808418
1759,0.21182230884415182
8129,0.2118172743261872
4950,0.21181224004753416
3949,0.21180720600817568
1689,0.21180720600817568
987,0.21179713864727412
3527,0.21179713864727412
6207,0.21178203940020437
3910,0.21177700679625494
6009,0.21177700679625494
8944,0.21176694230586446
7572,0.21176694230586446
6073,0.21175184736379404
5693,0.21175184736379404
4517,0.2117468161946398
3891,0.2117266939085812
4565,0.2117266939085812
63,0.21170657544659824
8054,0.2117015464284866
5227,0.2116965176492945
8182,0.2116965176492945
9995,0.21168143274506543
5406,0.2116764049213814
2988,0.2116764049213814
7948,0.21165126938513787
6267,0.21165126938513787
3500,0.21165126938513787
9497,0.21164624299420537
5159,0.21163619092852054
9921,0.21162613981762918
9465,0.21162111462018854
1691,0.2116060404596828
6500,0.2116060404596828
3227,0.2116060404596828
5030,0.21159096844654432
678,0.21158594491927826
3672,0.21156585319532809
2670,0.21155580876418364
5198,0.21154074390562322
9369,0.21152066076472123
6338,0.21152066076472123
1359,0.21150560091133472
5933,0.21150560091133472
9273,0.2114955622003892
5832,0.21149054320225918
5109,0.21149054320225918
5352,0.2114805059205999
7510,0.2114754876370367
3911,0.21146545178435838
5895,0.21146545178435838
8249,0.2114604342152094
4840,0.21143534994068802
6313,0.21143033379990986
2906,0.21143033379990986
7464,0.2114203022323441
9483,0.21141027161665282
9890,0.21141027161665282
1493,0.2114052566657178
3397,0.2114052566657178
7641,0.2113751719557896
4926,0.21136514562185751
2000,0.21136514562185751
3796,0.2113601328115736
8807,0.2113601328115736
7349,0.21134008394792383
842,0.2113350723262983
6040,0.21131502821643666
6585,0.21131502821643666
8727,0.2113050075872534
979,0.2113050075872534
6112,0.21129498790838827
7953,0.21127495140107155
7361,0.2112649345723497
5846,0.2112549186934054
5359,0.2112549186934054
7883,0.2112398966555263
5854,0.2112398966555263
5461,0.21122988315043492
2867,0.21122988315043492
4029,0.211224876753887
9546,0.2112198705946484
934,0.21121486467270228
4915,0.21120985898803177
4695,0.21120985898803177
7333,0.2111948433575051
5481,0.21118483412322275
8149,0.21118483412322275
3049,0.21117482583763802
2745,0.21116982205056511
5455,0.2111298002890242
4957,0.21110979509652966
9133,0.2110997939218798
1868,0.2110947936898953
362,0.21108979369478198
5604,0.21107479513050068
3785,0.21106979608270374
9681,0.21104980225921804
1018,0.21103480937722
6084,0.21101981862524566
5942,0.21101482218118103
5556,0.21100982597371848
7552,0.21100982597371848
1470,0.21100483000284118
8571,0.21099483877077513
7394,0.21099483877077513
9934,0.21097485914492686
223,0.21096986482967592
1662,0.21096986482967592
6742,0.2109448967998485
347,0.21091494296397975
5489,0.21090995148503136
9227,0.21088998793156488
5375,0.21088998793156488
7332,0.2108800075719931
1890,0.21085506080537547
9050,0.21085506080537547
3064,0.2108500721603142
7281,0.21084508375130123
9335,0.2108400955783198
3487,0.2108400955783198
5724,0.2108400955783198
3427,0.21083510764135321
5415,0.21083510764135321
5479,0.21083011994038467
3255,0.21083011994038467
4795,0.21083011994038467
6092,0.2107952126401438
1722,0.21079022682655693
5089,0.21079022682655693
6680,0.2107852412488174
8850,0.21078025590690855
6058,0.2107702859305158
4780,0.2107653012959985
8231,0.2107603168972449
3869,0.21075034880696195
6428,0.21075034880696195
2605,0.21074536511539918
8239,0.21073539843934735
6853,0.21071048587303465
7865,0.21070052249568527
6745,0.21070052249568527
8691,0.21069554116033856
2039,0.21068059856740975
3751,0.2106756181740816
6987,0.2106756181740816
7835,0.21066565809379728
7000,0.21065569895523092
9373,0.21065569895523092
1373,0.2106308052279549
7497,0.21062582718850445
1532,0.21062582718850445
1021,0.21061587181547478
3774,0.21061587181547478
8863,0.21057605973252683
6777,0.21057605973252683
9147,0.21056610906341555
726,0.2105611340815121
621,0.21055118482292626
4972,0.21054621054621053
3697,0.2105213426877377
1607,0.21050642479213907
7341,0.21049150901060487
7581,0.21048156633050707
5231,0.21046168378793245
723,0.2104517439251895
9523,0.2104517439251895
3405,0.2104517439251895
7832,0.21044180500129872
7765,0.21043186701612712
363,0.21041696179817726
6996,0.21040205869159762
3945,0.21040205869159762
5782,0.21040205869159762
1567,0.21038219116640305
7435,0.21038219116640305
4462,0.21038219116640305
5345,0.21037722487134697
5499,0.21037225881075466
2758,0.21036232739289507
2831,0.21035736203559458
3544,0.2103474320241692
9440,0.2103474320241692
9708,0.2103474320241692
7884,0.2103474320241692
5286,0.21033750295020062
7597,0.21032757481355613
3555,0.21032261109668893
1828,0.21032261109668893
5646,0.2103027585718668
4033,0.21029779602624002
9709,0.21029283371481158
9371,0.21028787163756488
4286,0.21028290979448339
8809,0.2102729868107496
3927,0.21025810409097342
3052,0.21025314365253497
6880,0.21023826374144847
5737,0.21023330423910735
3039,0.2102283449707492
2008,0.21021842713591546
4535,0.21021346856940676
7613,0.21020355213812297
3660,0.21020355213812297
3877,0.21019363664237364
3032,0.21018372208202638
5894,0.2101688519950948
1487,0.2101638957670086
7477,0.2101638957670086
5659,0.2101638957670086
6807,0.21015398401207347
9694,0.21012920871451476
4190,0.2101143463397383
4089,0.21010443925784472
5229,0.21010443925784472
7471,0.2100994860672356
9671,0.2100994860672356
8877,0.2100945331101629
2230,0.21008462789656066
6526,0.21008462789656066
6036,0.2100796756399981
7409,0.2100796756399981
4588,0.21007472361690593
8753,0.21006977182726758
994,0.2100648202710666
8436,0.2100499670029226
4002,0.21004006599104408
2794,0.21002521622322248
9889,0.21002026676721497
5076,0.21001036855500047
6522,0.21000541979876053
4542,0.2099658381434798
9307,0.2099658381434798
899,0.20996089148565236
9182,0.20995594506089948
2797,0.20995099886920468
9945,0.2099460529105515
4614,0.2099262714060255
8826,0.20992132661233334
3554,0.20991638205158403
3883,0.20991143772376106
7821,0.20991143772376106
5801,0.209906493628848
6335,0.209906493628848
8130,0.2099015497668284
606,0.2099015497668284
7364,0.20989166274140367
3690,0.20987683394955609
1113,0.20987683394955609
5373,0.20987683394955609
3430,0.20987189148455163
7659,0.20986694925232544
3357,0.20986694925232544
8349,0.2098620072528611
6718,0.2098422415822934
9031,0.2098422415822934
5540,0.20983730074639165
1735,0.2098274197725614
4524,0.2098224796346
3387,0.2097879051811398
3157,0.2097879051811398
1191,0.2097879051811398
9009,0.20977802885860228
6868,0.20976815346592914
1924,0.20975827900298916
6899,0.20975334212012803
6419,0.20974840546965096
5279,0.20974346905154154
3389,0.20973853286578334
9310,0.20973359691236
3207,0.20972866119125502
4020,0.20972372570245212
5595,0.2097187904459348
4478,0.20971385542168675
7476,0.20969905174239395
7596,0.20968918378391097
6379,0.20968918378391097
8412,0.209684250152934
3499,0.209684250152934
5291,0.209684250152934
7652,0.20966945065286438
4922,0.20966945065286438
3806,0.20965958548003857
5497,0.20965465324174273
7936,0.20964972123550307
7699,0.20964478946130322
5955,0.20960534361917305
2523,0.20960041393259485
8102,0.20959055525505044
7518,0.20959055525505044
8935,0.2095806975048797
3547,0.209565912618163
7157,0.20956098478613586
7097,0.20956098478613586
9265,0.2095314226600522
5703,0.2095314226600522
3301,0.2095215704713765
3582,0.2095215704713765
9446,0.2095117192091591
8917,0.20949201946357632
1838,0.20948709510601288
997,0.20947232342225877
4018,0.209462476790373
5884,0.2094526310841618
7866,0.20944278630349464
8143,0.20944278630349464
4028,0.2094280208676035
3638,0.20940833685793506
5912,0.20940833685793506
9686,0.2094034164336568
7951,0.20938865654809455
4718,0.2093788177802838
3230,0.20936897993703896
6950,0.20935422490544764
3013,0.20934930702372562
2921,0.20934930702372562
5363,0.20934930702372562
2269,0.2093443893730474
1805,0.209334554764757
8811,0.209334554764757
9543,0.20931488831998496
4036,0.20930997228615716
3275,0.20930014091122592
1889,0.20930014091122592
3183,0.20930014091122592
4563,0.2092903104598187
6124,0.20926573837086435
3295,0.2092411720510894
8631,0.20923134713809458
6005,0.2092215231477134
8064,0.20920678889175803
8700,0.20920678889175803
2861,0.20919205671095253
6916,0.20917241703046519
9075,0.2091675076865304
3674,0.2091675076865304
6453,0.20911352010887418
6388,0.20911352010887418
9861,0.2090889895127044
9719,0.2090595603931596
4827,0.20905465634529674
4534,0.20904484893976355
8527,0.20903994558206085
8295,0.20903994558206085
6604,0.20902033445129817
9687,0.20902033445129817
9670,0.20901543224353863
2221,0.20901053026571917
1694,0.2089958257117396
4087,0.2089860238251571
6925,0.20897622285794681
5806,0.20897132271906582
5329,0.2089615231306713
8567,0.20895662368112544
3961,0.20895172446132565
1980,0.20891743635425947
2350,0.20891743635425947
5932,0.2088978482021471
1325,0.20889295173803998
3199,0.20887336817681112
446,0.2088391057786943
9242,0.2088391057786943
235,0.2088244253344893
3885,0.20881463951826426
9555,0.20880485461915138
4946,0.20879996251347172
6052,0.20876572419124365
2902,0.20872171998688463
8661,0.20867284817832724
5622,0.20866307656286584
6818,0.2086581910983119
4823,0.20864842085547725
9733,0.2086337672066673
3457,0.20861911561600224
3866,0.20858005476630703
9157,0.20856541071846477
4072,0.20856541071846477
4313,0.20856052982612155
7247,0.2085312492687835
6261,0.2085312492687835
5007,0.20852149090994174
9303,0.20852149090994174
9876,0.20849709900804791
7308,0.20848734384503814
489,0.20847758959483484
4792,0.20847758959483484
7825,0.20847758959483484
3683,0.20846783625730994
8628,0.20846295993076186
4764,0.208423957529409
5299,0.20840446180108974
8890,0.20840446180108974
5023,0.20839958843887382
5619,0.20839958843887382
4125,0.20838009726898615
7465,0.20836060974469278
767,0.20835086734932434
1506,0.20833625546438506
6838,0.20833138529150497
2665,0.20831677613894017
6159,0.20831677613894017
3946,0.20831190687672385
3942,0.20831190687672385
238,0.20831190687672385
6582,0.20830216903515333
1765,0.20830216903515333
5476,0.20828269608301392
6381,0.20827296097218975
4086,0.2082340296275527
3567,0.2082340296275527
9398,0.20822916423280918
2942,0.20820484066909634
7620,0.20820484066909634
8644,0.20819511283464934
6705,0.20819024925829888
5498,0.20817079722501225
5091,0.20816107257141522
1885,0.20816107257141522
9110,0.20814648729446936
1149,0.208141625989677
5405,0.208141625989677
1912,0.208141625989677
7658,0.20812218304103128
6478,0.20811246292879995
5462,0.20811246292879995
7887,0.20811246292879995
6174,0.2081076032131515
6874,0.2081076032131515
4085,0.20809788446270958
2878,0.20809302542788427
3319,0.20809302542788427
7809,0.20807844968480038
6823,0.20807844968480038
4723,0.20806387598347068
6268,0.20806387598347068
1969,0.20803473470435818
1150,0.2080153117195341
7009,0.20798618404163458
6441,0.20797162326145804
7342,0.20796191720726187
5804,0.20796191720726187
6764,0.20795221205898823
4487,0.20792795315088308
1489,0.20791825117233978
5870,0.20791340052258306
8669,0.20790369990202026
8617,0.2078891506683151
2683,0.2078843013762538
7729,0.20787945231041963
3005,0.20787945231041963
5814,0.20786975485736944
8862,0.20786490647012176
7003,0.20786490647012176
6673,0.2078600583090379
2671,0.2078600583090379
6861,0.20784551518261113
9952,0.20783582089552238
3463,0.2078309740910893
6648,0.20781158913372974
8413,0.20779705278865884
3765,0.2077922077922078
8734,0.2077922077922078
3341,0.20778736302168338
4091,0.20776314255740763
8502,0.20775345595263073
6681,0.20773892773892774
2651,0.20773408545255356
6834,0.20772440155700067
7148,0.20771955994779043
2803,0.20770987740642335
4021,0.20770987740642335
5068,0.207700195767689
1847,0.207700195767689
5436,0.2076905150314612
3786,0.20767599561904318
9436,0.20767599561904318
4804,0.20766631713852965
5539,0.20764696288357137
7265,0.20763244955966637
191,0.20762761223586423
7993,0.2076179382644147
9981,0.20761310161673577
2441,0.2076082651943998
4862,0.20759859302569358
4582,0.2075889217581701
1978,0.2075889217581701
2509,0.2075840864623125
9699,0.20757925139170336
4475,0.20755024569738467
7462,0.20752608047690016
4891,0.2075067523516811
5601,0.2075067523516811
2915,0.20749708963911526
8635,0.20749225862028822
8125,0.2074439608016573
5818,0.2074439608016573
9381,0.2074343039359449
3413,0.20742947584023833
4333,0.20741982032304612
7288,0.20739085916410685
8880,0.20738120724158793
1993,0.2073763816172193
8441,0.20737155621742367
8439,0.20733778470558129
1641,0.20733778470558129
1389,0.20731849163700652
1111,0.2073040241916725
3669,0.20729920215859132
8136,0.2072895587653804
7179,0.20728473740521933
3190,0.20727991626933365
875,0.20727027467032583
4092,0.20726545420717243
7064,0.20726545420717243
5715,0.20725581395348838
2040,0.20725099416292644
2247,0.20725099416292644
2786,0.20725099416292644
6698,0.20722689857229223
3779,0.20722689857229223
3782,0.20720280858385065
7817,0.2071979912582535
1339,0.20717872419564812
8402,0.20716909200799666
6298,0.20716427625002906
2167,0.20716427625002906
7008,0.20715464540573209
7073,0.20714020081814802
1509,0.20713538640325393
7262,0.20711613098143114
5308,0.20710169176426846
6409,0.20709687913926522
7694,0.20709206673792815
3538,0.20706800808568973
6317,0.2070631970260223
4909,0.20705838618991196
5214,0.20704876518830007
8910,0.20703914508072946
7938,0.2070343353621707
5810,0.2070343353621707
1855,0.20701990754721364
698,0.2070150987224158
8177,0.20701029012101926
9814,0.20701029012101926
9893,0.20700067358836782
3645,0.2069958656570818
6118,0.2069958656570818
4669,0.20698625046451133
8109,0.20698625046451133
3431,0.20697663616517256
6923,0.20695741024569225
2510,0.2069429931498897
9329,0.20693818789764548
3159,0.2069141649833995
959,0.2069141649833995
2785,0.2068949506674405
2494,0.2068949506674405
3613,0.20686133419989786
9758,0.20686133419989786
5074,0.20685653273913143
7218,0.2068469304862481
3914,0.2068469304862481
4213,0.20684212969410018
7725,0.20682292875377117
4537,0.2067989325907878
2254,0.2067989325907878
4846,0.2067893356846184
879,0.2067845375655483
6744,0.20677494199535962
8749,0.2067653473156698
7405,0.20676055030972323
7846,0.20674616062729087
7079,0.20674136451156425
5748,0.2067365686183539
1701,0.2067269774994201
8875,0.20670779793106647
8429,0.20669341559013846
2997,0.20669341559013846
4314,0.20668862192123938
3021,0.20668862192123938
3069,0.20668382847468633
8918,0.2066598645765699
1471,0.2066454889048624
8042,0.20663111523301647
5485,0.20661674356061485
4854,0.2066119534473965
9871,0.2066119534473965
8287,0.2066071635562768
4335,0.20659279521535537
4951,0.20658321743161798
8096,0.20658321743161798
5971,0.20656885242101847
9622,0.20656406452809198
8701,0.2065497021809164
9980,0.20653055549118213
3197,0.20652576937337783
5608,0.2065161978032164
7626,0.20649705732425042
6577,0.20648270429322768
3057,0.20647792039293822
6869,0.20647792039293822
7413,0.2064731367143155
3783,0.20646835325734408
3270,0.20646357002200857
1147,0.20646357002200857
8829,0.20645878700829357
8072,0.20645400421618365
5862,0.20644922164566346
7768,0.20644922164566346
3181,0.20644443929671755
2743,0.20644443929671755
1582,0.20643487526348706
8682,0.20642531211636903
2285,0.20636317325059048
7223,0.20635361674539224
6707,0.20634883882470073
3668,0.20634883882470073
9958,0.20634406112526046
1016,0.20634406112526046
3803,0.20633450639007223
174,0.20632972935429353
5223,0.2063249525397046
9842,0.20631539957403464
6837,0.2063106234229229
4155,0.2063106234229229
6329,0.2063106234229229
7704,0.2063106234229229
5371,0.20630584749293948
4078,0.20630584749293948
9431,0.20628674598398222
8542,0.20628197115941022
7233,0.20628197115941022
5757,0.20627719655587445
1230,0.20627719655587445
9258,0.2062056040167519
6827,0.20620083294770938
953,0.20620083294770938
6028,0.2061960620994424
3517,0.2061960620994424
7687,0.20618175087914123
3671,0.20617698091382303
7496,0.20617698091382303
1869,0.20617221116920373
6081,0.206167441645268
8651,0.2061531343974092
5501,0.20614359733530718
9908,0.206134061155572
7384,0.206134061155572
6314,0.20612452585808122
8319,0.20612452585808122
8974,0.20611975854013923
7544,0.20611975854013923
6620,0.2061102245657855
9239,0.2061054579093432
2044,0.2060578034682081
5709,0.2060578034682081
7637,0.20605303923608703
7987,0.20604827522426708
5687,0.20604827522426708
1365,0.206043511432733
5085,0.20602922137969298
4569,0.20601493330867565
9803,0.20601493330867565
6555,0.2060054090289175
2911,0.2060054090289175
7314,0.2059958856297529
5332,0.20598636311105975
7595,0.2059816021818518
1103,0.20595780083658802
6537,0.2059435226695013
4927,0.2059244881926152
2261,0.2059102146438391
5893,0.20589594307365308
1879,0.20588167348164577
7767,0.20587691739050082
6932,0.20584838545756917
1580,0.20584363090426147
3738,0.20581986143187067
4879,0.20581510819611556
9168,0.20581510819611556
6116,0.20581035517989932
3510,0.2058056023832067
9262,0.2057913453101187
885,0.2057770902121961
3045,0.20574858594020548
8655,0.20572483841181902
6806,0.20572008956395282
5858,0.20571059252591004
1814,0.2057010963646855
695,0.2057010963646855
1530,0.20569634861284217
7763,0.20567735979690746
7566,0.20566786670359088
1596,0.2056631204855422
31,0.20564888314565258
6250,0.20564888314565258
9149,0.20563939268078824
7702,0.2056346477768292
8990,0.2056251586257816
9166,0.20562041437866274
5990,0.20560618295074404
5451,0.20560618295074404
1915,0.20560618295074404
2995,0.20560143957919993
7992,0.20557298394537737
231,0.20556824210550595
6456,0.20556350048438438
6511,0.2055540178983301
6345,0.2055445361870935
3303,0.2055255753885891
5222,0.20549714074893932
8549,0.20545924013279232
4954,0.20545450353874173
9735,0.2054450310057862
4351,0.2054450310057862
6489,0.20539294768379812
3211,0.20539294768379812
8116,0.20538821414579062
6759,0.2053740148407614
1939,0.2053740148407614
5230,0.2053550854878105
6411,0.20534089076288564
9405,0.20533142870308504
7072,0.20532196751526322
9200,0.20530304775507383
5263,0.20528886022297982
8678,0.20528413148135352
1583,0.20523212969786292
2813,0.20522740356937247
7734,0.20521795196536716
8653,0.2051801542534822
9573,0.20517543051846396
9975,0.20516598370090705
5275,0.20516598370090705
2779,0.20516598370090705
2935,0.20515653775322285
5285,0.2051470926752912
8798,0.2051234837848413
9081,0.2050951602881274
3784,0.2050951602881274
6768,0.20504797183811518
7487,0.20504325418737346
9115,0.20504325418737346
7227,0.2050385367537099
4045,0.20502910253755724
1233,0.20501966918953737
3271,0.2050149528410398
7398,0.2050149528410398
8795,0.2050102367095305
6188,0.2050102367095305
1836,0.20499608961678245
4547,0.20498665930628393
4318,0.20497722986337918
8949,0.2049630873254985
5907,0.20495366005105445
3802,0.20494894673903044
7649,0.20491124804561758
5957,0.2049018255391548
5046,0.20489240389920912
2907,0.20486885358957266
9053,0.2048547260022067
2798,0.20484060036315996
5577,0.20483118435266268
7052,0.20482176920778652
5020,0.20480764811325092
2507,0.2047982351319055
863,0.20479352896569156
4601,0.20477470646354634
4527,0.2047652965098913
3291,0.20475118320084548
3661,0.20474647919682037
5477,0.2047088549442977
6459,0.20469474941430474
823,0.20469004800293988
1727,0.2046806458280701
8076,0.2046759450645354
742,0.20466654418519198
494,0.20466654418519198
1775,0.20466184406935353
5558,0.20463834672789896
6783,0.20460545951282227
9509,0.20459606510709613
8120,0.2045866715640137
8098,0.2045866715640137
1231,0.2045819751159267
8703,0.2045819751159267
3063,0.20457727888345614
8032,0.20455849610944063
9811,0.20454910601574514
5391,0.20454441129217352
7978,0.20454441129217352
6561,0.20453971678409952
2703,0.20453971678409952
2728,0.20453971678409952
2263,0.20453502249150832
1496,0.20453502249150832
6963,0.20451155426027492
9667,0.20450686126026893
2347,0.20450216847564193
9039,0.20449278355246553
6851,0.20448809141388646
9181,0.20446463395048983
6060,0.20446463395048983
6747,0.20446463395048983
6481,0.20445525247195392
5653,0.20445525247195392
4861,0.20445056205551732
4455,0.20445056205551732
3686,0.20440366972477064
9394,0.20439429383973212
5463,0.20438960621975552
9119,0.20437085788978834
6900,0.20437085788978834
6771,0.2043661713447074
4311,0.20433805658733434
9420,0.20430994956442
7874,0.20430058227499887
2282,0.2042724855597323
6962,0.20423503529196077
9743,0.20422567487052568
9003,0.20421631530705775
876,0.20416485303887655
9532,0.20416017593695593
4907,0.2041554990493208
9852,0.2041508223759564
6318,0.20414146967198094
475,0.20413679364134044
9690,0.20411341670102148
575,0.20410874195543138
7340,0.20410874195543138
1516,0.20409939310660713
5694,0.20409471900334356
5565,0.20408537143904004
684,0.20408069797797065
5613,0.20407602473093656
6089,0.20407602473093656
679,0.20407602473093656
7537,0.20404798974265043
4859,0.20403864645817116
9443,0.20403864645817116
5781,0.20403397513679342
1199,0.20403397513679342
974,0.204015291990019
3018,0.20398727368445146
9695,0.20398727368445146
7753,0.2039779359593509
6507,0.20394059360626102
9894,0.20392192755646066
3031,0.20392192755646066
3643,0.20391726157788762
7764,0.20390326492323885
2829,0.20389393488755175
7412,0.20386594990277937
47,0.20385196029095567
8919,0.2038379725989799
9134,0.2038379725989799
9468,0.2038193253287593
3989,0.20380068146996272
9449,0.20379136081955593
5731,0.2037867008140492
9823,0.20378204102165412
9641,0.20378204102165412
3923,0.2037727220761404
1834,0.2037401124777102
5547,0.2037401124777102
4052,0.20370751331459006
8688,0.20369820118397294
4810,0.20369354543792284
7207,0.20369354543792284
4282,0.20368888990469225
4979,0.20367957947663123
9095,0.20367026989967318
6230,0.2036376930810712
5061,0.20360977838702307
9434,0.20360512668204975
2021,0.20359582390971603
3894,0.2035911728423265
7344,0.2035679206925695
8771,0.20355862131975058
6397,0.20355397195194372
4567,0.20355397195194372
1905,0.20355397195194372
3935,0.2035353766043941
8953,0.2035307282983534
7400,0.2035307282983534
765,0.2035307282983534
3025,0.2035307282983534
7888,0.2035214323231862
747,0.2035167846540306
3863,0.20349354949195114
5678,0.20348890309617318
4533,0.20348890309617318
2923,0.20346567429967352
8891,0.20344709508047026
7590,0.20342851925403455
9665,0.20341458961015246
9103,0.20340994681943717
6609,0.20339137777574914
8080,0.20339137777574914
4905,0.20338209452520595
9406,0.20335424985738734
9501,0.2033496098206544
9466,0.20334033038240396
7153,0.20332177404635882
9126,0.20331249714833236
5775,0.20331249714833236
1678,0.20330785901676743
1750,0.20329394589169214
5579,0.2032707615810962
1958,0.2032614893374387
7060,0.20325221793965378
926,0.20324294738762572
3990,0.20323367768123873
7076,0.20322440882037718
9822,0.20321977470698227
9630,0.2032151408049253
6022,0.20319197446420428
8107,0.20317344519423672
7450,0.20316881340476461
6131,0.20316881340476461
8763,0.20313176669021948
6781,0.20312250712250712
7092,0.2030854772918898
9035,0.20307622194371652
9231,0.20306696743910496
7374,0.20306696743910496
4143,0.20305308726361357
6133,0.2030484609601057
7962,0.2030438348674018
2279,0.2030345833143482
7367,0.20302533260433753
622,0.20302070756543728
6586,0.20301608273725455
5597,0.20299758553141087
3193,0.20297909169589579
9190,0.2029744687635229
4903,0.20295135725997449
1989,0.2029143897996357
483,0.2029143897996357
6445,0.20290053047378367
3390,0.20285896385322771
5807,0.2028497291391633
4330,0.20284511209741662
2815,0.20284049526584122
6569,0.2028312622331467
9047,0.2028312622331467
7430,0.20282203004096494
4570,0.2028174142600305
7319,0.2028174142600305
3044,0.2028127986891812
3706,0.2028035681776807
3981,0.20278972398571005
9928,0.20276665453221696
6424,0.20274820274820274
9844,0.20274820274820274
1998,0.20273436611387885
7961,0.2027113092530252
2806,0.2027020879770732
2102,0.20267442918220685
8375,0.20266982011688991
9965,0.20266060261512223
5793,0.20264677793442176
9640,0.20257768281317481
8421,0.20257768281317481
3884,0.20256847369019207
4461,0.2025592654044594
1469,0.20254545454545456
5692,0.20254085134428762
5446,0.20254085134428762
8113,0.20252704299609126
6110,0.20251783847657137
8088,0.20251783847657137
7897,0.20248102876357524
6953,0.20246262892453087
9042,0.20244423242923992
6094,0.20244423242923992
9831,0.20243963382777186
1626,0.20242124151089105
1262,0.20242124151089105
1183,0.20242124151089105
5998,0.20242124151089105
4431,0.20242124151089105
8479,0.20241664395384756
4317,0.20241204660564627
1870,0.202407449466273
3429,0.2023936593009788
3165,0.2023844669013285
2859,0.2023844669013285
6470,0.2023798710146244
6439,0.20236148955495004
9172,0.20232473665092626
7829,0.2023155505107832
9676,0.2023155505107832
7209,0.20227422320070815
7954,0.20226963231956424
9136,0.20225586092640083
6690,0.20218703207949543
6988,0.20218244515528935
7029,0.20218244515528935
8162,0.20216868563132345
3278,0.2021595136557481
3743,0.20214575725270487
5528,0.20213658735739073
5086,0.20213658735739073
6034,0.20213658735739073
2255,0.2021274182939829
7912,0.20211825006236817
3359,0.2020953331216835
7657,0.20208158545157706
3703,0.20208158545157706
6455,0.20207700331050746
7950,0.20206325813399842
1742,0.20205867682401488
6699,0.20204951482724223
1263,0.20204951482724223
3215,0.20204951482724223
9195,0.20204493414042485
6303,0.20204493414042485
6545,0.20201287514733884
4607,0.20200829612167645
7089,0.20200829612167645
9380,0.2020037173035949
3995,0.2019854041067948
3536,0.20197624875351283
7776,0.20194878767278496
1738,0.20194878767278496
2286,0.20193963563853892
9396,0.201925909142404
1250,0.20191675918163898
5914,0.20191675918163898
6027,0.2019121845122117
2614,0.2019121845122117
998,0.2019076100500691
2732,0.2018984617475816
4623,0.20189388790720855
5774,0.20187102181348676
9061,0.20185273266743675
7053,0.20185273266743675
3583,0.2018253051611296
4653,0.20181159420289854
5417,0.20177047250333946
2009,0.20176590446004075
6141,0.20176590446004075
4991,0.20176590446004075
890,0.20176590446004075
7916,0.2017385005432814
7586,0.20173393394752925
7136,0.20172936755851328
7625,0.20172480137621948
9503,0.20172023540063377
3166,0.2016974086228358
7622,0.2016745870106359
6739,0.2016517705622808
9623,0.2016517705622808
8251,0.2016517705622808
1948,0.20164720789211693
7574,0.20164720789211693
5769,0.2016198362065065
8988,0.2016198362065065
799,0.2016198362065065
7747,0.20161071396253732
9586,0.20161071396253732
5459,0.20160615315009614
4044,0.20160615315009614
3307,0.20159703214423055
3818,0.20159247195077815
1406,0.20151498021481062
5414,0.20150586745653107
1707,0.20150131138645203
7820,0.20149219986434547
9403,0.20149219986434547
9064,0.20146942466372783
6844,0.2014603160250469
1769,0.20143299505006443
9521,0.20142388970505143
1370,0.20140568148432733
9014,0.201392027478984
3734,0.2013692749169623
4056,0.20136472502146505
9086,0.20136472502146505
3293,0.2013465274953685
6434,0.20133288150909295
3095,0.20132833325803098
7145,0.20131468973773972
3827,0.20131468973773972
9624,0.2013101423085611
6602,0.20130559508481852
9017,0.20128740824393
2783,0.20127831605574
7321,0.20126922468890446
3897,0.20125558917844721
9013,0.20124649986451087
9243,0.20121469373010317
8575,0.20121469373010317
8565,0.20121469373010317
919,0.20121015081730334
4921,0.2012056081096336
4970,0.20119652330962862
6748,0.20119652330962862
5029,0.2011874393299772
7781,0.20118289764774933
2679,0.20117835617056817
5963,0.20117381489841987
5282,0.20116019231203305
6285,0.2011329526732718
1022,0.20111479701216348
3541,0.20110572041069616
8619,0.20110118241718566
2135,0.20110118241718566
8816,0.20108756966538055
5751,0.20108756966538055
3287,0.20106942219615098
3374,0.2010648858406281
3546,0.20103313708240284
7358,0.20101046553590762
9413,0.20101046553590762
9987,0.20099233198015337
5969,0.20094248156749567
5027,0.20093795093795094
671,0.20093795093795094
748,0.2009288902917437
6797,0.20089718446383084
7651,0.20089718446383084
8056,0.2008926558766512
5736,0.2008926558766512
9158,0.2008926558766512
4841,0.20087001600288504
6301,0.20086096148211588
6259,0.20086096148211588
4911,0.2008473812314072
5829,0.20081117620549796
6019,0.20080212698841873
9174,0.200770461150285
1713,0.200770461150285
5018,0.20076593827438613
8070,0.2007614156022617
9875,0.200756893133898
2791,0.200756893133898
9891,0.200756893133898
7665,0.2007523708692812
8433,0.2007523708692812
7785,0.200729762601919
7501,0.20071620008558366
9959,0.20071620008558366
6119,0.2007071594261649
3259,0.20070263940185568
3689,0.20068456134029905
7850,0.20066648653517066
4941,0.20066648653517066
8001,0.2006077658975802
6002,0.2005851901868107
6085,0.2005851901868107
4844,0.20057164719915377
6731,0.20055810604014762
5503,0.20055359272678175
3730,0.20054005400540054
1821,0.20054005400540054
9933,0.20053102920660637
9164,0.2005220052200522
9054,0.2005129820456284
5880,0.20049493813273342
6363,0.200485917394043
6750,0.20047689746704458
6252,0.20045886004768546
3539,0.20044533411304288
8510,0.20044533411304288
9817,0.20044082587377984
5961,0.20042730237265266
6886,0.200413780696231
9185,0.20040476725882617
3285,0.2004002608441456
6117,0.200314677455608
1497,0.20031017509159155
9935,0.20030567292996493
7570,0.20029666921382658
7191,0.2002786642096274
7685,0.20026966292134832
5725,0.20025616250589848
9637,0.20024716324008537
7582,0.20023366585782332
3723,0.20019768173241081
7377,0.2001931846260979
4942,0.20016620623048761
5564,0.200157215047726
7598,0.20013024634524265
3878,0.20012575226803198
6891,0.20012575226803198
7441,0.20012575226803198
6041,0.20012125839265263
7709,0.20011227124733355
7022,0.20011227124733355
5837,0.20009879204275002
8156,0.20009879204275002
7280,0.20009879204275002
6908,0.20009879204275002
6714,0.20005387447247913
9010,0.20002693360865467
6454,0.2000044884310689
2366,0.19999551177038216
4151,0.19996858662238876
8316,0.19996858662238876
6231,0.19996858662238876
3158,0.19995512676688357
7194,0.19994166872321809
7848,0.19994166872321809
2539,0.19993718311123077
5407,0.19993269770050476
4701,0.19990578946187837
2103,0.1998654406817672
3900,0.1998654406817672
2790,0.19980718785731902
9101,0.19980718785731902
9574,0.19980718785731902
4830,0.1997892707422602
6770,0.19977583501457072
3999,0.19976687886667263
6491,0.19976240109385157
693,0.19975792352176447
4782,0.1997400152404859
8948,0.19973553867186625
4015,0.19970868347338935
2955,0.19966841421337994
7568,0.19966394085359024
8629,0.19965499473530926
7942,0.19965052197679106
4285,0.1996415770609319
8889,0.19963710490356398
7478,0.19963263294655256
4603,0.19962368963354538
8813,0.19961027616637175
8946,0.19958345463910598
8997,0.1995789850853227
6115,0.19955217196596506
9677,0.19954323586046302
7404,0.19954323586046302
2717,0.1995164323453031
4343,0.19948070552421882
9879,0.199471775818076
6974,0.19945838275777175
8842,0.19944052814143448
2399,0.1994226767213408
8847,0.19940929025328918
4446,0.1993869834664519
4581,0.19938252270795115
1711,0.19938252270795115
6968,0.19937806214904136
7337,0.19937360178970917
5356,0.19937360178970917
9780,0.1993468438240952
6765,0.1993423848614311
9261,0.19933792609823744
2687,0.1993156352738577
3127,0.1993156352738577
5527,0.1993111777072058
5924,0.19930672033993066
5863,0.19930226317201896
9754,0.1992933494342323
9790,0.19927552435043155
4008,0.1992487927025577
1966,0.19922652180716696
7047,0.19921761484296413
3102,0.19920870867514584
8343,0.19917309196558275
6026,0.1991241397801412
1782,0.19911524196791636
9837,0.19911524196791636
9972,0.1990974487288325
7985,0.19909300091593504
3558,0.19903519742719314
1007,0.19899964272954626
3788,0.19899964272954626
6980,0.19898631299260947
4447,0.19898187014378851
8999,0.19896854278761358
9750,0.19896854278761358
8058,0.1989507757562228
3810,0.1989507757562228
1439,0.1989196910852194
5674,0.1989196910852194
1882,0.19889305481164077
683,0.19888861612622463
1752,0.1988619881736026
6580,0.19884424016600102
7486,0.19883093123912365
4000,0.19882649532606028
4435,0.19882205961092272
8570,0.19881762409369771
6649,0.19881762409369771
5887,0.198813188774372
7668,0.19880875365293238
8176,0.19879544947579747
7447,0.19877771334255254
7485,0.1987112310196437
2766,0.19868908012663308
3153,0.19866693417151518
6483,0.19866250557289344
7146,0.19864922096159418
7875,0.1986270838905233
6564,0.19859610027855154
2777,0.19858724959333288
1623,0.19857839969696295
6772,0.1985430079978613
6969,0.19852089459146396
3561,0.19852089459146396
6626,0.19852089459146396
5271,0.1984943650051227
2478,0.1984943650051227
749,0.1984899440967505
6644,0.19843690855247045
2918,0.1984236540944917
3550,0.1984236540944917
8686,0.19841481877282038
6917,0.1983883175281599
7705,0.1983883175281599
5353,0.1983883175281599
7633,0.1983794853530407
5763,0.19836182336182337
3507,0.1983485789321404
9142,0.19833092244352954
4893,0.19827797183349277
7666,0.19826914948052238
8909,0.198255917423029
7351,0.198220640569395
6045,0.1982162318453771
1671,0.19819859891026353
3305,0.19819859891026353
6265,0.19818978361909845
9655,0.19817656215254614
7715,0.1981633424499144
8601,0.19815893627429182
7771,0.19812369392201326
1462,0.19811928950937022
7138,0.19811488529254845
6959,0.19811488529254845
8831,0.19811048127153497
5287,0.19810607744631664
6175,0.19810607744631664
5819,0.19810607744631664
9660,0.19809727038321331
5181,0.1980752561509568
5017,0.19806204995999643
7087,0.19806204995999643
9649,0.19805324681096936
9525,0.1980268420584837
5811,0.1980268420584837
9791,0.19802244195089436
7628,0.1979696559077682
7862,0.197965258341108
6860,0.197965258341108
1743,0.19794327343802057
7565,0.19793448084397558
7026,0.19788613553601564
755,0.19788613553601564
6042,0.1978817416790639
6774,0.1978773480172299
7644,0.19784659784659786
5825,0.19782024816319282
7467,0.19781585723164344
2351,0.19779390549748097
990,0.19778073679538394
5788,0.19777195863476987
4014,0.19775879285476533
7126,0.19775879285476533
9316,0.19775440465095637
3886,0.19775440465095637
1930,0.19775001664188874
9363,0.19774124120792563
2530,0.19771930603008386
7057,0.19770614725913438
8043,0.19764914615214016
5875,0.19762723140037697
7543,0.19762284903317368
2493,0.1976184668603233
6463,0.19760970309762965
7920,0.19760094011219265
9186,0.19757903604841928
3680,0.1975746558183874
7624,0.19756151629350477
3980,0.1975264861031074
7376,0.1975264861031074
8148,0.1975177304964539
9457,0.19751335298419803
5844,0.19750897566597225
5707,0.19750022161155925
8903,0.19746958853116484
8543,0.1974608379677841
3548,0.1974564629769132
7840,0.1974345909302377
3817,0.1974214700279119
7532,0.1974214700279119
6795,0.1974214700279119
6199,0.1974170967813393
5638,0.1974127237285132
6386,0.19738648947951273
5676,0.1973646329310154
4750,0.19735152132512512
1020,0.19735152132512512
6517,0.19734278122232063
1005,0.19731219695795604
4687,0.19730782855118667
9951,0.19730346033784232
1423,0.1972728882592527
9333,0.1972685215928459
6295,0.19722486555867838
5099,0.19720740855480073
8894,0.19719868121169207
697,0.19718995464100011
6316,0.19715069462879392
4779,0.197115809961957
6863,0.19711145024661048
7844,0.197107090724112
9527,0.19707222148511785
3749,0.19706350610295417
5611,0.19705914870093974
8823,0.19704607765101265
6334,0.19701122999381024
5710,0.19700687490328714
7971,0.19700252000530527
7463,0.19696768775140344
3670,0.19695898161244696
5590,0.1969372196318476
7124,0.19692851618605678
6218,0.19691981350951235
1977,0.19690241046375467
9074,0.19690241046375467
2975,0.19689371009433754
6006,0.19688501049375898
4068,0.19688501049375898
8016,0.1968806609817523
2475,0.19686326485531258
6857,0.19684587180280072
8622,0.19683717642901316
6610,0.19682413480863092
9148,0.19680674866947862
8671,0.19679805675168377
3249,0.19678502031443207
9775,0.19678067521914813
7692,0.1967502649240551
3941,0.19674157799461345
7244,0.19674157799461345
5474,0.19673723481754565
4814,0.19672854903865256
9102,0.19672854903865256
3870,0.1967242064368019
3974,0.19669381359111876
9927,0.19667645046675347
2023,0.19667211016462904
5323,0.1966417334127667
7411,0.19662437948152234
2019,0.1966070286130292
9611,0.1966070286130292
1927,0.1966070286130292
6355,0.19655932951036612
6524,0.19652032018346602
9085,0.19648565822254557
9956,0.19646400070543626
6942,0.19644234796217516
1755,0.19644234796217516
8302,0.1964077134986226
9583,0.1963904008462064
6710,0.1963904008462064
4551,0.1963730912456206
3515,0.1963298305906197
5970,0.1963255055734238
1893,0.196312531665088
6945,0.19630388334544813
3532,0.19630388334544813
9767,0.19629955947136563
5989,0.19629955947136563
7975,0.19629523578775798
5743,0.19627794295782403
3899,0.19627794295782403
927,0.1962476878358143
5915,0.1962476878358143
7956,0.19623904522834368
3750,0.19622608274434683
5075,0.1962217622968867
8408,0.19621312197269924
5555,0.1961872055650949
5175,0.1961612960028174
8751,0.19615266100277326
4303,0.19613107682827527
4843,0.19612244448845756
3591,0.19612244448845756
2022,0.19610518208823852
5901,0.19610086696298903
9571,0.19610086696298903
8437,0.19606635279623355
1768,0.1960361628648732
4751,0.19601891564940063
3797,0.19599736089729491
3739,0.19597581088510171
8825,0.19597150145131498
6260,0.1959542656112577
636,0.19592411018532768
4983,0.19592411018532768
2525,0.19590688268009057
9647,0.19589827006352625
7458,0.1958767418348059
5839,0.19583800294460194
3575,0.19581648795921955
9355,0.19580358123695485
7833,0.19579067621600246
1909,0.19578637492036294
4731,0.19575627114176514
9853,0.19571328179901618
8687,0.19570468619614387
6791,0.1956703113335968
9179,0.19565742387319152
425,0.19563594854458444
8146,0.1956316540445615
9161,0.1956230656101148
1682,0.1956187716756662
7215,0.19560589100327033
1502,0.19560159782274703
1770,0.19560159782274703
7664,0.1955844269850327
5484,0.19557584269662923
8538,0.19553293255518014
2711,0.1955200631842215
7811,0.1955071955071955
7881,0.1955071955071955
3659,0.19549004123892252
6939,0.19549004123892252
5567,0.19543859649122808
4095,0.19542145425839838
7555,0.19540431503245045
1468,0.19540003069569603
7096,0.19538717881259318
3467,0.1953743286199715
3518,0.19537004559803578
6046,0.19537004559803578
9689,0.19537004559803578
6740,0.19535719765887022
6890,0.19528870384573244
2238,0.19527586660239274
7535,0.1952544749468703
9658,0.19523736499660438
6017,0.1952117056929446
6129,0.19520315409046107
4254,0.1951646811492642
6505,0.1951304957085304
3459,0.19512622337048147
2583,0.19510913588895942
5631,0.1950706999956223
862,0.19504081587989408
9041,0.19504081587989408
5575,0.1950280112044818
8071,0.1950109409190372
3655,0.1949853410930731
5438,0.19498107510884546
7402,0.19497254370036535
957,0.19495548312296285
8902,0.1949171077380692
7520,0.19488300896566804
8526,0.19486596405300213
6866,0.19484040227372104
7554,0.19482336481287163
6887,0.19479355642499618
9117,0.1947850414180491
8067,0.1947850414180491
5494,0.19478078419373168
8508,0.19475950086321817
6127,0.1947424775473636
6331,0.1947424775473636
5534,0.19473822218337558
9883,0.194725457207158
9863,0.194725457207158
8922,0.19472120258696032
3994,0.19470843984182123
7437,0.19470843984182123
7989,0.1946786666084145
7213,0.1946786666084145
1723,0.19467441403263505
1647,0.19462764795806944
6254,0.19458515283842795
7021,0.19457240792087854
4525,0.1945639122366554
4023,0.19454267627155644
5583,0.1944620218638853
1477,0.19441959903139247
5098,0.19441111668593616
7454,0.19441111668593616
7159,0.19440687579075958
6300,0.1943983945554489
5087,0.19436871605853745
6235,0.19436871605853745
5519,0.19434752267969296
4958,0.19433904662218152
9454,0.19430938624223265
7519,0.19430514978415384
9062,0.1942797349145448
7345,0.1942797349145448
7246,0.1942458587619878
5525,0.19423739156967873
6067,0.19423739156967873
1591,0.19423315825033236
7255,0.1942246921651956
7292,0.1941866039133656
7254,0.19417391114887683
4331,0.19416122004357297
7750,0.19411470018078456
7700,0.194072428736308
7588,0.19405975089277938
7419,0.19404284967775648
9759,0.19404284967775648
6204,0.19403440017417808
6506,0.193941504178273
9175,0.19393728374643657
5982,0.19391196501229357
8112,0.19391196501229357
7042,0.19386134737116878
6557,0.19385291366671742
9941,0.19384448069603044
2415,0.19384026448581868
855,0.19383183261559878
5802,0.19382761695556666
4671,0.19380654140570633
6732,0.19380654140570633
8425,0.19378547043858313
9783,0.19378547043858313
1982,0.19378125679495542
6951,0.19373070736054954
5999,0.1936928125882941
3038,0.1936675576417411
3298,0.19365493263798347
3070,0.19363389462248778
7778,0.19363389462248778
9156,0.19362968756789642
3497,0.1936212740071261
6841,0.19359603771125689
1899,0.19359603771125689
4875,0.19357501248941114
2877,0.19350776245793075
5651,0.19348675640468954
7473,0.1934741549616829
1399,0.1934279637105526
3887,0.19341117235991145
8164,0.19340277777777778
6394,0.1933734024779222
8958,0.19335242558361537
7779,0.1933440361001432
6562,0.19333564734467198
5211,0.19331467864037657
9063,0.19329790695152368
2024,0.19321409214092142
7949,0.19318477412641985
1785,0.19318058656493184
9189,0.19318058656493184
3383,0.19316802496965493
9635,0.19316383813425234
4667,0.19314290667938105
6937,0.1930801395237992
6309,0.1930466803855735
1918,0.19303413619823254
9178,0.193025774312324
5342,0.19301323284170402
6258,0.19301323284170402
1383,0.19300905271364838
9997,0.193000693000693
9948,0.19298397574707665
7579,0.19297561820622752
861,0.19296308325213815
4499,0.1929338413578109
3755,0.1929046083248555
942,0.1929046083248555
7149,0.19283782321757006
4003,0.19283782321757006
5491,0.19282947833048444
8781,0.1928127907228316
7250,0.19280027691242643
2871,0.19278776472624223
8531,0.19277942417097493
7347,0.1927710843373494
7132,0.19273773221739224
5241,0.1926918918918919
3811,0.19261692746606726
6374,0.19261692746606726
8667,0.19261692746606726
9939,0.19259195228422007
6080,0.19257530576083667
9180,0.19255450165287472
7815,0.19254202134554724
6283,0.19254202134554724
7399,0.1925045901285236
8933,0.19250043200276482
6142,0.19242977133850106
7067,0.19242146172946129
6581,0.1924173071940582
8689,0.19240484466417668
7017,0.1924006908462867
3114,0.19238407736810292
1003,0.1923716191421849
9627,0.1923716191421849
7114,0.1923674667587636
6396,0.1923508590175257
7899,0.19232180236949437
4910,0.19227201139133998
2775,0.19227201139133998
8034,0.19224712556895399
1635,0.1922056635106865
2895,0.1921849391874407
6029,0.19216421933285896
6813,0.1921435039454961
9722,0.19212279302390756
2887,0.1921186513753557
4697,0.19211036861392541
6568,0.19211036861392541
8950,0.19208138457227839
7783,0.19207724470882365
4203,0.19203999396642749
5967,0.19203585588691605
7015,0.19199448489809987
9034,0.19195313173085207
1511,0.19192006202084588
5610,0.19192006202084588
7752,0.1919159291082542
5770,0.1919159291082542
3491,0.1918952672150209
1877,0.19189113537023877
6302,0.19184569681835795
5321,0.1918085358242042
1229,0.19179202444745733
8615,0.19175075843965833
7527,0.19174663281552562
8428,0.19171775841669356
3819,0.19171363421245105
3225,0.19171363421245105
8041,0.1917095101856433
7326,0.19169713916971393
9383,0.1916930158525306
9887,0.19165591397849463
4806,0.1916394288663341
6905,0.191622946589834
7656,0.191598228490347
5623,0.19158587183180342
6380,0.19157763494486124
6421,0.19155704582581035
6870,0.19155704582581035
8447,0.19149530501299986
1766,0.19149530501299986
6262,0.19148296162605818
7777,0.19147473358542455
9073,0.191458279625333
6645,0.19145416657715525
9058,0.19145416657715525
3015,0.19144594101093423
2517,0.191421268552527
5502,0.191404823779558
5559,0.19137605222470366
7516,0.19137605222470366
3710,0.1913226422790408
3123,0.19131853505645957
9704,0.19130210792942084
7697,0.19126515720570877
5833,0.19126515720570877
5882,0.19125694787218062
5799,0.19120770666609452
3831,0.19116259116259116
9269,0.1911297932572703
3957,0.1911297932572703
3702,0.19112159553935235
9295,0.191117496944093
6995,0.191092909063619
7717,0.191092909063619
9794,0.19108881169861486
7638,0.19104375227764797
8104,0.19103556193865084
8427,0.1909823418481056
6039,0.1909455145373128
7011,0.19092097088626578
8405,0.19088416723783413
7101,0.19086781461492333
4443,0.19083920426561596
4221,0.1908146879349106
7407,0.19080651722439892
9912,0.19078609350916254
6203,0.1907411767223851
5937,0.19070036162882759
3263,0.1906922007061089
8185,0.19066772212832417
2647,0.19065548519596098
3134,0.1905861722375484
3939,0.19057802108504587
4858,0.19056987062974445
8414,0.19055357181038723
7877,0.1905209825341514
4507,0.1905128369567541
9191,0.1904436276604838
4215,0.19043955809133065
9886,0.19043548869609814
6035,0.19041107597641227
4943,0.19037853541826882
8371,0.19035820321678024
8767,0.19035413729762057
2731,0.19035007155214764
9332,0.19032161619613036
8925,0.1902850432368955
7436,0.19022817989711627
5197,0.19020787979681564
3406,0.19020787979681564
7274,0.19016729259132809
3614,0.190163234823429
8099,0.19009833407990445
7557,0.1900496875866334
6485,0.19004563483601314
6611,0.18998081432530378
6906,0.18994437221594662
7855,0.1899281802101315
5242,0.18991603801730383
2542,0.18990794408455505
7066,0.1898998508416791
7106,0.18988771227068374
5079,0.18986748476713963
1935,0.18982704268552442
2396,0.18981491342037443
5115,0.18980278570515824
9339,0.18980278570515824
6982,0.18979065953957877
9021,0.18969370596624166
3691,0.18968159373403712
7093,0.18966948304850278
3066,0.18966544649697795
5065,0.1896089528105187
4543,0.18960491883496797
9594,0.18960088503106118
9802,0.18956055642999958
1962,0.18952830589936626
1533,0.18950815488974418
6437,0.1894396734971516
2839,0.1894034386755361
6885,0.1893913634818089
7065,0.18934710094121146
2284,0.1893350329296792
5745,0.189331010601007
6360,0.18932296645635502
1719,0.1893028590849229
5331,0.18928677626269064
4711,0.1892626571525654
7070,0.18925863789844763
8093,0.18921443736730362
6593,0.18919836956521738
7541,0.18912609821314885
5069,0.18911807147101264
3781,0.18902982225427395
3959,0.18901779465100002
9835,0.18901779465100002
3992,0.1890137857900318
6930,0.18900576857821513
3915,0.18900176022734502
9188,0.18893764972757532
2751,0.18890160668108016
3421,0.1887855614633423
2991,0.18878156244704286
3737,0.1887655680759129
6427,0.1887615699065935
8010,0.18875757190663786
9342,0.18875757190663786
3087,0.18872159752662898
8698,0.1887056133144176
7604,0.18868563685636858
5962,0.18861774852377827
7958,0.18857384680490902
6122,0.18856985675292526
5182,0.18855788761002032
6535,0.188474146135138
6515,0.18842632725119987
5444,0.1884183597961902
1500,0.18840242690738432
9662,0.18836260647179423
6365,0.18834668301033455
1702,0.1883267824690419
878,0.1883267824690419
5857,0.1883267824690419
9885,0.1883148441627047
6711,0.18828699399983098
7315,0.188275060737298
3000,0.18825517532741867
3717,0.18823131837958856
9884,0.18823131837958856
7947,0.18817170245560694
447,0.18813595102385475
9678,0.18812403689865534
7713,0.18812006585890995
6903,0.18808433404385538
3662,0.18802877819271263
8128,0.1879930810445935
5486,0.18794946959951073
189,0.18792569006600174
4794,0.18783854989988408
3623,0.18779105295319973
6746,0.18776335749199394
3805,0.18776335749199394
4069,0.18771985255397577
5014,0.18765265728964878
6099,0.18765265728964878
5966,0.1876447551269634
7240,0.18764080429518898
2982,0.18762895279801256
7318,0.18760920362924446
3967,0.18756577008881592
7573,0.1875618225823424
6599,0.1875539280678494
4053,0.18752630249978958
7736,0.18748290733144
7830,0.18747107577096217
3631,0.18744741712939592
4763,0.18743953224245993
6103,0.18739223684763867
6613,0.18738829664206563
3932,0.18732527588018918
9909,0.18726623240176507
8761,0.18724262543070846
6333,0.18719149740595264
7261,0.18715611743458357
7325,0.18715218715218715
5055,0.1871443270825896
3564,0.1871403972953677
7054,0.18708932507609952
8411,0.18708932507609952
6907,0.1870814702857023
7857,0.18706576268340294
8009,0.18706576268340294
6030,0.1869519614013006
6615,0.18690491170672371
7354,0.18689315298311837
1463,0.18688139573896997
9487,0.18684613288047466
6359,0.18681871541170553
8310,0.18680696753097029
7836,0.1867913059881369
6573,0.1867521636176945
7803,0.18672086153072556
7738,0.18667001801348918
7772,0.18666219839142092
2231,0.18662701819780955
6097,0.18659966499162478
5591,0.18657622576728217
4985,0.18657231980237401
9114,0.1865645083631644
5183,0.18654888744688422
7723,0.1864942348337414
8939,0.1864942348337414
7214,0.18648642993157422
5994,0.18642791398209355
9338,0.18638892374618313
7125,0.18638112765601472
3799,0.18630709731368245
4093,0.1862954136878632
8759,0.1862525862609459
5719,0.18624090947086852
1807,0.1862253426947509
7107,0.18620977852068532
7164,0.18619032696124516
6583,0.18616699045351048
4323,0.1860853587237952
982,0.18603486066172634
8920,0.18603097733060578
3047,0.18599991651709313
9595,0.18593782599624453
9559,0.1859106744268519
1242,0.18589904046725073
2979,0.18589516280428026
7109,0.18585639506996726
4988,0.1858408925033886
8735,0.18579440031688452
9656,0.18559320269060164
6926,0.1855004891451408
2951,0.18547346514047866
7388,0.18534617224382838
4590,0.18531533966854505
5243,0.1852537052819756
2174,0.1851805676765158
6083,0.18512671375155795
3403,0.1850921099088247
3795,0.18506520475122518
2042,0.18504599156994248
5354,0.18503830741440525
6554,0.18503446557594885
6713,0.18503062389702066
6798,0.18503062389702066
9976,0.1850190998173061
7969,0.18501525877639147
3821,0.18497301784973016
3523,0.18490777434280142
8636,0.1848617478064262
3051,0.1848617478064262
8647,0.1848617478064262
7154,0.18483874312973142
9358,0.18482724293832178
4855,0.18479275094863873
5836,0.1847889192999917
2922,0.18475827183016835
1435,0.18469317969867158
7466,0.18464725991919612
6527,0.18463960884248037
8923,0.1846357835418911
5747,0.18462430859107953
6617,0.18459753925183314
6904,0.18458224597158363
7508,0.18456313293433016
7792,0.18455548882768333
5530,0.18452109818211934
3647,0.184463808912715
9703,0.18445617303114975
8079,0.1843226473629783
8178,0.18426929120833677
8561,0.18411321144509865
7546,0.18402577021557776
3519,0.1839422084623323
3947,0.18393081955709656
1501,0.18386630905714876
9453,0.1838511366918348
3966,0.1838511366918348
4967,0.1838511366918348
6614,0.1838170080234309
1994,0.18378668206471305
5070,0.18377910213845297
7389,0.18374500020617707
7691,0.18374500020617707
8039,0.18374500020617707
8383,0.1837260601562661
8366,0.18364655456643586
9138,0.1835860250494397
5943,0.1835179770190684
7511,0.1835179770190684
3407,0.18346130884986722
5741,0.18338957938925016
9516,0.18334430546412114
2863,0.18317849214831866
4845,0.18315214040568034
8131,0.18315214040568034
7870,0.18310322156476003
1486,0.18309569790853433
4965,0.18304680920985067
4803,0.1830092202805101
5758,0.18300546223664216
8004,0.18296789028496346
1631,0.1829153154632404
8318,0.18284026096590208
1251,0.18282150696453114
1863,0.18275402440274788
8407,0.18273903504275257
9838,0.1827128095784812
5695,0.18261920862277412
6897,0.18259675866166739
3502,0.18251822724666175
7142,0.18246591048687605
6247,0.18240242329969913
2431,0.18239495712326806
3180,0.18236883031840878
5919,0.18233898027661838
2927,0.1822606703887764
7108,0.18224576184536104
7873,0.1822047759241086
7137,0.18204473496067816
6749,0.1820224260125406
4575,0.1820149909115046
6477,0.1820149909115046
6871,0.18193324487087884
7796,0.18184415107429247
9785,0.18183673052988106
1975,0.18177738796989415
9629,0.18177368034592478
9193,0.1817403185349838
6829,0.18168844671872134
7538,0.18166622500356727
7921,0.18162179787645968
6503,0.18154780093299924
9430,0.18147755966441312
6430,0.18145538950197498
9155,0.1814443064519413
9567,0.1814369185040412
7878,0.1814332247557003
7276,0.18138891150370431
8634,0.18133355036930027
2492,0.18131510416666666
9045,0.18131141537647752
4287,0.18130403824636354
3391,0.18130403824636354
2495,0.18128191045747646
5822,0.1812745357280882
7773,0.18126716159869827
4583,0.18125241513962048
3279,0.18116030410212627
7730,0.1810830031494463
9807,0.18099473994191595
9091,0.18091390755364284
487,0.1808882032962572
6931,0.18084782564581262
6957,0.18084782564581262
3277,0.18081480279175458
9639,0.18075979149341825
1767,0.1807268007787151
2251,0.18065353117651828
7284,0.1806352230577457
8114,0.18057666200636233
7499,0.18054739571726666
5767,0.18052545222517066
6450,0.18049254698639014
4050,0.18043407839326206
8666,0.18042677248248776
7908,0.18033549849248265
7005,0.18033184945366248
6782,0.18030266245852553
6607,0.18022244691607683
9131,0.18014594408845586
3775,0.18005859177694716
8650,0.18005859177694716
3757,0.18003676693400134
6343,0.18003676693400134
9626,0.18002221997778003
6003,0.17996768982229402
5495,0.17987687960440005
1663,0.1798224374495561
5215,0.17980792510693244
7211,0.17967379689925606
7279,0.17967017458973428
7973,0.1793880837359098
1900,0.17938086228412706
1630,0.17935198229019925
1774,0.17932671992273175
6366,0.17932671992273175
4329,0.1793195034105314
8881,0.17922934598986404
4267,0.17917889742249388
831,0.17908168391439766
7410,0.17906009523618172
6825,0.17906009523618172
5820,0.17901693349135248
7062,0.17901693349135248
7707,0.17900255086669212
6779,0.17898098126242645
8885,0.1788983459129597
6553,0.17875839935813861
7678,0.1787548138639281
5947,0.17866880513231756
3773,0.17862941211841815
7630,0.17862583179668082
7006,0.17853279378180215
5191,0.17853279378180215
6055,0.17852921733207797
7475,0.1783862767469325
8991,0.1783719952765046
5742,0.17826495709399315
7187,0.17817941899754083
2461,0.17817585669159103
6778,0.1781687325069972
6328,0.1781687325069972
3545,0.17807972824457988
9582,0.17803348116185225
7313,0.17802281216915364
1513,0.17797304043934098
1753,0.17797304043934098
9657,0.1777458664911546
8818,0.17773168737411005
2511,0.17772814294830888
8674,0.17771751051907392
9429,0.17771751051907392
6305,0.17770687936191426
6843,0.17751927175666793
2983,0.17750512876690502
1851,0.17749098803051125
6371,0.1774415131906421
4572,0.17739559695847765
8766,0.17737794319606712
9322,0.17735323383084578
5563,0.17725446517363458
9513,0.17725093975616063
5859,0.17720512208701186
7966,0.17699747770650037
2026,0.17673422440804348
3815,0.17667816502121247
4963,0.17663614381416737
9271,0.17658364540609087
3677,0.17647524752475247
5722,0.17641935228442474
1239,0.176279768969064
7371,0.17623445193695741
6342,0.17623445193695741
7851,0.17621702851267448
5849,0.1760395061728395
4271,0.1759630382845973
1517,0.1758137699743539
3260,0.17579296196938615
6565,0.175765225623225
9109,0.17570285083395765
9334,0.1756612922300627
7162,0.1756439819468259
8301,0.17563359741437073
5050,0.1754987101474961
9685,0.17543652434103033
4042,0.17541235287170806
8035,0.17540199570942155
7183,0.17539854359378076
911,0.17519855311787372
9587,0.17516411808640275
7403,0.17515379021638725
9999,0.17515379021638725
1992,0.1751400216173725
6501,0.17505745545974188
7043,0.17505057846045058
6269,0.17489598869613
7818,0.1747416717319268
6840,0.17463894495502733
6598,0.17462525717644753
8044,0.17461841409173737
2879,0.17460815047021944
3895,0.17446800180106106
6924,0.17439630542835896
3667,0.174300801877567
6605,0.17428716705127703
6854,0.17428716705127703
9065,0.17421902490518826
3991,0.17421902490518826
6069,0.17417816518782003
3566,0.17408970151586187
7755,0.17405910040819514
5101,0.17368595427880962
4414,0.17366903110141085
7088,0.17356756125111986
9967,0.17356418096480808
9438,0.17350673623549567
6584,0.1734966028773337
3740,0.17335148803734682
4025,0.17315277157123707
3017,0.1730855134106314
7722,0.17303174449082614
1643,0.1730149485536789
8758,0.1728538733077311
8684,0.1728538733077311
6979,0.17273661155583123
9795,0.1726128220027116
4067,0.1725459825750242
8973,0.1724358106147089
9125,0.17236910817554107
9564,0.17232244716437536
9518,0.17230578863926377
7386,0.17228913333462215
7861,0.17208287474174053
9535,0.17202972686034165
9771,0.1719367970212027
6601,0.17191358024691358
1991,0.17190694803441225
2799,0.17173468994488766
3011,0.17163877279818193
6378,0.17160902718940152
3996,0.17156938241182812
7749,0.1714637525011544
3182,0.17143076982264455
7849,0.1713154303069914
1343,0.17124301058739888
9531,0.17104581310097308
3982,0.17104581310097308
7529,0.17100970948305638
6377,0.17100970948305638
6606,0.17089821277901357
2479,0.17085234461868792
5817,0.17071161766114357
9123,0.17067238638757493
2971,0.1706135732746243
9427,0.17061030706792252
6655,0.17052216673363566
7605,0.17051564144264805
1159,0.1702517861918771
6051,0.16984943777396608
7669,0.16982354510461528
9581,0.169810601730117
4559,0.16971358927483243
7790,0.1695456966745301
5599,0.16949732783050267
4578,0.169114577403317
9650,0.1690857001916254
6909,0.16886463544035168
5988,0.1686952242139734
3926,0.16845607137456525
7615,0.1683478786504968
3963,0.16817315494499274
9734,0.16814459831704465
5493,0.16809702548239244
8101,0.16805898659224197
9059,0.1680146296401033
1451,0.16796713031022653
3053,0.1678975131876413
3043,0.16787221217600964
8017,0.16779951422492514
6499,0.16759440349029636
2014,0.1675786465090916
8084,0.16704466645423705
5607,0.16703840458830807
6639,0.16697581174001835
8665,0.1668070451269957
7534,0.16666666666666666
7946,0.16662615686641113
7889,0.16637729860916645
7974,0.16624384420235785
9620,0.1661477656183001
4918,0.16596521285708965
5576,0.16591886507921733
7793,0.16590959862983096
3543,0.16547216755171004
5620,0.16545680708464067
8893,0.16535856758511921
4001,0.1653309587414663
8789,0.16519917696998906
6567,0.16519917696998906
8815,0.16519611477719284
5031,0.16507372008594504
5431,0.16498815165876776
3086,0.16494845360824742
6395,0.16483557133873414
5605,0.16482642549335108
7290,0.16471371012457028
5759,0.16404970087436724
2919,0.16396820724168384
7365,0.16389583639841107
8947,0.1637121810533277
4071,0.1635919745947831
7059,0.16346294937637565
8438,0.16327427953758497
2027,0.16327128828960868
6495,0.163014450338394
7751,0.16298761864701256
1926,0.16276139165373024
1483,0.16264554513267876
5909,0.16253282754595857
5598,0.16251208081839566
5714,0.16222218177184775
6514,0.1616396118617938
7558,0.16161909252475426
6076,0.16156342343322275
7455,0.16120688095797986
1551,0.16115440950434892
7672,0.16035987404408458
8664,0.1600574712643678
5051,0.1600344778049131
9077,0.1598679725899616
7375,0.1595359994271598
2011,0.15938478047035678
6753,0.15924522907583447
7576,0.15819931125075443
6949,0.15798897339077098
6896,0.15748087151667226
9202,0.15717813051146384
4038,0.1568544625728215
3741,0.1559732577269068
5923,0.1542669205469967
7123,0.15210527214077246
3769,0.15199113157670333
9194,0.15073914955515713
1979,0.1492997386584467
5118,0.14789982906550275
7263,0.14620861633362864
7681,0.1459237306174578
9452,0.1457495175481634
2654,0.14509222929521515
5475,0.14434726271460965
7800,0.1436909483731579
9082,0.14162442194924277
5995,0.13605691429269334
